receptor,ligand,n_interactions,interactions
2V5Z,Evolvoside_C,12,GLU84.A:VdWContact;VAL85.A:HBDonor;VAL85.A:VdWContact;ARG100.A:VdWContact;GLY101.A:VdWContact;PRO102.A:VdWContact;PHE103.A:Hydrophobic;PHE103.A:VdWContact;THR202.A:VdWContact;ASN203.A:Hydrophobic;ASN203.A:HBAcceptor;ASN203.A:VdWContact
2Z5X,Evolvoside_C,29,GLY67.A:VdWContact;ALA68.A:HBAcceptor;ALA68.A:VdWContact;TYR69.A:Hydrophobic;TYR69.A:HBAcceptor;TYR69.A:VdWContact;VAL93.A:VdWContact;LEU97.A:VdWContact;ALA111.A:VdWContact;ILE180.A:VdWContact;ASN181.A:VdWContact;ILE207.A:VdWContact;PHE208.A:Hydrophobic;PHE208.A:VdWContact;SER209.A:VdWContact;VAL210.A:HBAcceptor;VAL210.A:VdWContact;THR211.A:VdWContact;GLN215.A:Hydrophobic;GLN215.A:HBAcceptor;GLN215.A:VdWContact;CYS323.A:VdWContact;ILE335.A:Hydrophobic;ILE335.A:VdWContact;LEU337.A:Hydrophobic;LEU337.A:VdWContact;PHE352.A:VdWContact;TYR407.A:VdWContact;TYR444.A:VdWContact
4NFM,Evolvoside_C,17,ILE40.A:VdWContact;GLY42.A:VdWContact;GLY44.A:VdWContact;PHE45.A:HBAcceptor;PHE45.A:VdWContact;GLY46.A:VdWContact;ILE48.A:Hydrophobic;ILE48.A:VdWContact;LYS63.A:HBAcceptor;LYS63.A:VdWContact;GLU77.A:VdWContact;GLN110.A:VdWContact;GLY111.A:VdWContact;ASN113.A:VdWContact;ASP116.A:VdWContact;SER158.A:VdWContact;ASP176.A:VdWContact
6U0K,Evolvoside_C,20,ARG25.A:HBAcceptor;ARG25.A:VdWContact;LYS26.A:VdWContact;ILE27.A:Hydrophobic;ILE27.A:VdWContact;PHE32.A:VdWContact;ILE35.A:Hydrophobic;ILE35.A:VdWContact;LYS50.A:Hydrophobic;LYS50.A:VdWContact;MET94.A:VdWContact;GLY98.A:VdWContact;ARG99.A:VdWContact;ASN100.A:HBAcceptor;ASN100.A:VdWContact;LEU162.A:Hydrophobic;LEU162.A:VdWContact;ASP163.A:Hydrophobic;ASP163.A:HBAcceptor;ASP163.A:VdWContact
7Q8Y,Evolvoside_C,18,ARG25.A:HBAcceptor;ARG25.A:VdWContact;ILE27.A:VdWContact;GLY30.A:VdWContact;GLY31.A:VdWContact;PHE32.A:VdWContact;LYS50.A:VdWContact;VAL51.A:VdWContact;LEU61.A:VdWContact;LEU96.A:VdWContact;GLY98.A:VdWContact;ARG99.A:VdWContact;ASN100.A:Hydrophobic;ASN100.A:HBAcceptor;ASN100.A:VdWContact;ALA148.A:VdWContact;LEU162.A:Hydrophobic;ASP163.A:Hydrophobic
2V5Z,Halkina,15,LEU171.A:Hydrophobic;LEU171.A:VdWContact;CYS172.A:Hydrophobic;CYS172.A:VdWContact;ILE198.A:Hydrophobic;ILE198.A:VdWContact;ILE199.A:Hydrophobic;ILE199.A:VdWContact;ILE316.A:Hydrophobic;ILE316.A:VdWContact;TYR326.A:VdWContact;LEU328.A:VdWContact;MET341.A:VdWContact;PHE343.A:VdWContact;TYR435.A:VdWContact
2Z5X,Halkina,15,ARG51.A:VdWContact;GLY67.A:VdWContact;TYR69.A:Hydrophobic;TYR69.A:VdWContact;ILE180.A:VdWContact;GLN215.A:Hydrophobic;GLN215.A:VdWContact;MET350.A:Hydrophobic;PHE352.A:VdWContact;CYS406.A:VdWContact;TYR407.A:Hydrophobic;TYR407.A:VdWContact;TYR444.A:Hydrophobic;TYR444.A:VdWContact;MET445.A:Hydrophobic
4NFM,Halkina,9,LEU109.A:VdWContact;GLN110.A:HBDonor;GLN110.A:VdWContact;ARG164.A:HBDonor;ARG164.A:HBAcceptor;ARG164.A:VdWContact;LEU175.A:Hydrophobic;LEU175.A:VdWContact;ASP176.A:VdWContact
6U0K,Halkina,15,ILE27.A:Hydrophobic;ILE27.A:VdWContact;PHE32.A:Hydrophobic;PHE32.A:VdWContact;ILE35.A:Hydrophobic;ILE35.A:VdWContact;ALA48.A:VdWContact;CYS78.A:VdWContact;MET94.A:VdWContact;GLN95.A:VdWContact;GLN97.A:VdWContact;LEU162.A:Hydrophobic;LEU162.A:VdWContact;ASP163.A:HBAcceptor;ASP163.A:VdWContact
7Q8Y,Halkina,16,PHE32.A:Hydrophobic;PHE32.A:VdWContact;GLY33.A:VdWContact;ILE35.A:Hydrophobic;LYS50.A:Hydrophobic;LYS50.A:VdWContact;VAL51.A:VdWContact;LEU61.A:VdWContact;LEU96.A:VdWContact;GLN97.A:HBAcceptor;GLN97.A:VdWContact;LEU162.A:Hydrophobic;LEU162.A:HBDonor;LEU162.A:VdWContact;ASP163.A:HBDonor;ASP163.A:VdWContact
2V5Z,Isoquercitrin,6,GLY101.A:VdWContact;PHE103.A:Hydrophobic;PHE103.A:VdWContact;PRO105.A:VdWContact;TRP119.A:VdWContact;GLU483.A:VdWContact
2Z5X,Isoquercitrin,18,GLY66.A:VdWContact;GLY67.A:VdWContact;TYR69.A:Hydrophobic;TYR69.A:VdWContact;ASN181.A:VdWContact;TYR197.A:VdWContact;PHE208.A:VdWContact;GLN215.A:Hydrophobic;GLN215.A:VdWContact;LYS305.A:VdWContact;ILE335.A:VdWContact;LEU337.A:VdWContact;MET350.A:VdWContact;PHE352.A:VdWContact;TYR407.A:Hydrophobic;TYR407.A:VdWContact;TYR444.A:HBAcceptor;TYR444.A:VdWContact
4NFM,Isoquercitrin,11,ILE40.A:Hydrophobic;ILE40.A:VdWContact;LYS63.A:VdWContact;GLN108.A:VdWContact;GLN110.A:Hydrophobic;GLN110.A:VdWContact;ASN113.A:VdWContact;ASP116.A:VdWContact;SER158.A:VdWContact;LEU175.A:Hydrophobic;LEU175.A:VdWContact
6U0K,Isoquercitrin,8,ARG25.A:VdWContact;ILE27.A:Hydrophobic;ILE27.A:VdWContact;GLN95.A:VdWContact;LEU96.A:VdWContact;GLN97.A:VdWContact;ASN100.A:VdWContact;LEU162.A:Hydrophobic
7Q8Y,Isoquercitrin,15,ILE27.A:VdWContact;GLY30.A:VdWContact;GLY31.A:HBAcceptor;GLY31.A:VdWContact;ILE35.A:VdWContact;GLN97.A:Hydrophobic;GLN97.A:HBAcceptor;GLN97.A:VdWContact;ASN100.A:HBAcceptor;ASN100.A:VdWContact;SER145.A:VdWContact;ASN146.A:VdWContact;LEU162.A:Hydrophobic;LEU162.A:VdWContact;ASP163.A:Hydrophobic
2V5Z,Kaempferol,11,LEU171.A:Hydrophobic;LEU171.A:VdWContact;CYS172.A:VdWContact;ILE198.A:Hydrophobic;ILE198.A:VdWContact;ILE199.A:Hydrophobic;ILE199.A:VdWContact;GLN206.A:Hydrophobic;PHE343.A:VdWContact;TYR435.A:HBAcceptor;TYR435.A:VdWContact
2Z5X,Kaempferol,11,ILE180.A:VdWContact;GLN215.A:Hydrophobic;GLN215.A:VdWContact;ILE335.A:Hydrophobic;ILE335.A:VdWContact;LEU337.A:Hydrophobic;LEU337.A:VdWContact;MET350.A:VdWContact;PHE352.A:VdWContact;TYR407.A:Hydrophobic;TYR444.A:VdWContact
4NFM,Kaempferol,8,ILE48.A:Hydrophobic;LYS63.A:HBAcceptor;LYS63.A:VdWContact;GLN110.A:HBDonor;GLN110.A:VdWContact;LEU175.A:Hydrophobic;LEU175.A:VdWContact;ASP176.A:VdWContact
6U0K,Kaempferol,13,ILE27.A:Hydrophobic;ILE27.A:VdWContact;PHE32.A:Hydrophobic;PHE32.A:VdWContact;ILE35.A:VdWContact;LYS50.A:Hydrophobic;MET94.A:VdWContact;LEU162.A:Hydrophobic;LEU162.A:VdWContact;ASP163.A:Hydrophobic;ASP163.A:HBDonor;ASP163.A:HBAcceptor;ASP163.A:VdWContact
7Q8Y,Kaempferol,14,GLY30.A:VdWContact;GLY31.A:HBAcceptor;GLY31.A:VdWContact;PHE32.A:HBAcceptor;PHE32.A:VdWContact;GLY33.A:VdWContact;GLU34.A:VdWContact;ILE35.A:Hydrophobic;ILE35.A:VdWContact;LYS50.A:Hydrophobic;LYS50.A:VdWContact;VAL51.A:VdWContact;LEU162.A:Hydrophobic;LEU162.A:VdWContact
2V5Z,Kaempferol_3_O_glucoside,11,GLY101.A:VdWContact;PRO102.A:VdWContact;SER200.A:VdWContact;THR202.A:VdWContact;ASN203.A:Hydrophobic;ASN203.A:HBAcceptor;ASN203.A:VdWContact;GLN475.A:Hydrophobic;GLN475.A:VdWContact;PRO476.A:VdWContact;ILE477.A:VdWContact
2Z5X,Kaempferol_3_O_glucoside,20,ARG51.A:Hydrophobic;ARG51.A:VdWContact;THR52.A:VdWContact;GLY67.A:VdWContact;TYR69.A:VdWContact;GLY214.A:VdWContact;GLN215.A:VdWContact;VAL303.A:VdWContact;LYS305.A:Hydrophobic;LYS305.A:VdWContact;TRP397.A:VdWContact;CYS406.A:Hydrophobic;CYS406.A:VdWContact;TYR407.A:Hydrophobic;TYR407.A:VdWContact;GLY443.A:VdWContact;TYR444.A:VdWContact;MET445.A:Hydrophobic;MET445.A:HBAcceptor;MET445.A:VdWContact
4NFM,Kaempferol_3_O_glucoside,11,LYS63.A:VdWContact;MET107.A:Hydrophobic;MET107.A:VdWContact;ASN113.A:HBAcceptor;ASN113.A:VdWContact;SER158.A:VdWContact;ARG164.A:HBAcceptor;ARG164.A:VdWContact;LEU175.A:VdWContact;ASP176.A:Hydrophobic;ASP176.A:VdWContact
6U0K,Kaempferol_3_O_glucoside,8,ILE27.A:Hydrophobic;ILE27.A:VdWContact;LEU96.A:VdWContact;GLN97.A:VdWContact;ASN100.A:HBAcceptor;ASN100.A:VdWContact;ASP103.A:VdWContact;LEU162.A:VdWContact
7Q8Y,Kaempferol_3_O_glucoside,14,ILE27.A:VdWContact;ILE35.A:VdWContact;GLN97.A:Hydrophobic;GLN97.A:HBAcceptor;GLN97.A:VdWContact;ASN100.A:HBAcceptor;ASN100.A:VdWContact;ASP103.A:VdWContact;SER145.A:VdWContact;ASN146.A:VdWContact;LEU162.A:Hydrophobic;LEU162.A:VdWContact;ASP163.A:Hydrophobic;ASP163.A:VdWContact
2V5Z,Kaempferol_7_O_glucoside,11,ARG100.A:HBDonor;ARG100.A:VdWContact;GLY101.A:VdWContact;PHE103.A:Hydrophobic;PHE103.A:VdWContact;PRO105.A:VdWContact;VAL106.A:VdWContact;ASN116.A:VdWContact;TRP119.A:Hydrophobic;TRP119.A:VdWContact;THR196.A:VdWContact
2Z5X,Kaempferol_7_O_glucoside,21,ARG51.A:Hydrophobic;ARG51.A:VdWContact;THR52.A:VdWContact;GLY67.A:VdWContact;ILE180.A:VdWContact;ASN181.A:VdWContact;GLN215.A:Hydrophobic;ILE335.A:Hydrophobic;ILE335.A:VdWContact;LEU337.A:Hydrophobic;LEU337.A:VdWContact;MET350.A:Hydrophobic;MET350.A:VdWContact;TYR407.A:Hydrophobic;TYR407.A:VdWContact;GLY443.A:VdWContact;TYR444.A:Hydrophobic;TYR444.A:HBAcceptor;TYR444.A:VdWContact;MET445.A:Hydrophobic;MET445.A:VdWContact
4NFM,Kaempferol_7_O_glucoside,8,GLY42.A:VdWContact;PHE45.A:HBAcceptor;PHE45.A:VdWContact;GLY46.A:VdWContact;ILE48.A:VdWContact;ASN113.A:VdWContact;LEU175.A:Hydrophobic;LEU175.A:VdWContact
6U0K,Kaempferol_7_O_glucoside,17,ARG25.A:VdWContact;ILE27.A:VdWContact;PHE32.A:Hydrophobic;PHE32.A:VdWContact;ILE35.A:VdWContact;LYS50.A:Hydrophobic;LYS50.A:HBAcceptor;LYS50.A:VdWContact;GLN97.A:VdWContact;ASN100.A:Hydrophobic;ASN100.A:HBAcceptor;ASN100.A:VdWContact;ARG151.A:VdWContact;LEU162.A:Hydrophobic;LEU162.A:VdWContact;ASP163.A:Hydrophobic;ASP163.A:VdWContact
7Q8Y,Kaempferol_7_O_glucoside,18,ILE27.A:Hydrophobic;ILE27.A:VdWContact;GLY30.A:VdWContact;GLY31.A:VdWContact;PHE32.A:VdWContact;ILE35.A:VdWContact;VAL60.A:VdWContact;GLN95.A:VdWContact;LEU96.A:VdWContact;GLN97.A:Hydrophobic;GLN97.A:HBDonor;GLN97.A:HBAcceptor;GLN97.A:VdWContact;LYS143.A:HBAcceptor;LYS143.A:VdWContact;SER145.A:VdWContact;ALA148.A:VdWContact;LEU162.A:VdWContact
2V5Z,Quercetin,11,LEU171.A:Hydrophobic;LEU171.A:VdWContact;CYS172.A:VdWContact;ILE198.A:Hydrophobic;ILE198.A:VdWContact;ILE199.A:Hydrophobic;ILE199.A:VdWContact;GLN206.A:Hydrophobic;PHE343.A:VdWContact;TYR435.A:HBAcceptor;TYR435.A:VdWContact
2Z5X,Quercetin,12,GLY67.A:VdWContact;ILE180.A:VdWContact;GLN215.A:Hydrophobic;ILE335.A:Hydrophobic;ILE335.A:VdWContact;LEU337.A:Hydrophobic;LEU337.A:VdWContact;MET350.A:VdWContact;PHE352.A:VdWContact;TYR407.A:Hydrophobic;GLY443.A:VdWContact;TYR444.A:VdWContact
4NFM,Quercetin,7,LYS63.A:HBAcceptor;LYS63.A:VdWContact;GLN110.A:VdWContact;ASN159.A:VdWContact;LEU175.A:Hydrophobic;LEU175.A:VdWContact;ASP176.A:VdWContact
6U0K,Quercetin,15,ILE27.A:Hydrophobic;PHE32.A:Hydrophobic;PHE32.A:VdWContact;ILE35.A:VdWContact;LYS50.A:Hydrophobic;LYS50.A:VdWContact;MET94.A:VdWContact;GLY98.A:VdWContact;ASN100.A:Hydrophobic;ASN100.A:HBAcceptor;ASN100.A:VdWContact;LEU162.A:Hydrophobic;LEU162.A:VdWContact;ASP163.A:Hydrophobic;ASP163.A:VdWContact
7Q8Y,Quercetin,15,GLY30.A:VdWContact;GLY31.A:HBAcceptor;GLY31.A:VdWContact;PHE32.A:HBAcceptor;PHE32.A:VdWContact;GLU34.A:VdWContact;LYS50.A:Hydrophobic;LYS50.A:VdWContact;VAL51.A:VdWContact;ASN100.A:HBAcceptor;ASN100.A:VdWContact;SER145.A:VdWContact;ASN146.A:HBAcceptor;ASN146.A:VdWContact;LEU162.A:Hydrophobic
2V5Z,Rasagiline,3,LEU171.A:Hydrophobic;GLN206.A:Hydrophobic;TYR398.A:Hydrophobic
2Z5X,Rasagiline,7,GLY67.A:VdWContact;VAL303.A:Hydrophobic;LYS305.A:Hydrophobic;LYS305.A:VdWContact;TYR407.A:Hydrophobic;TYR407.A:VdWContact;TYR444.A:VdWContact
4NFM,Rasagiline,5,MET107.A:Hydrophobic;GLN110.A:Hydrophobic;GLN110.A:VdWContact;LEU175.A:Hydrophobic;LEU175.A:VdWContact
6U0K,Rasagiline,7,PHE32.A:Hydrophobic;ILE35.A:Hydrophobic;ILE35.A:VdWContact;GLN97.A:Hydrophobic;GLN97.A:VdWContact;LEU162.A:Hydrophobic;LEU162.A:VdWContact
7Q8Y,Rasagiline,8,GLY30.A:VdWContact;ILE35.A:VdWContact;LYS50.A:Hydrophobic;LYS50.A:VdWContact;LEU61.A:Hydrophobic;ASP163.A:Hydrophobic;ASP163.A:HBDonor;ASP163.A:VdWContact
2V5Z,Safinamide,14,LEU164.A:Hydrophobic;PHE168.A:Hydrophobic;LEU171.A:Hydrophobic;LEU171.A:VdWContact;ILE199.A:Hydrophobic;ILE199.A:VdWContact;GLN206.A:Hydrophobic;GLN206.A:HBDonor;GLN206.A:VdWContact;ILE316.A:Hydrophobic;ILE316.A:VdWContact;PHE343.A:VdWContact;TYR398.A:Hydrophobic;TYR435.A:VdWContact
2Z5X,Safinamide,15,ALA68.A:HBAcceptor;ALA68.A:VdWContact;TYR69.A:HBDonor;TYR69.A:HBAcceptor;TYR69.A:VdWContact;PHE208.A:VdWContact;GLN215.A:Hydrophobic;GLN215.A:VdWContact;ILE335.A:Hydrophobic;LEU337.A:Hydrophobic;TYR407.A:Hydrophobic;TYR444.A:Hydrophobic;TYR444.A:VdWContact;MET445.A:Hydrophobic;MET445.A:VdWContact
4NFM,Safinamide,12,ILE48.A:Hydrophobic;ILE48.A:VdWContact;LYS63.A:VdWContact;GLN110.A:Hydrophobic;ASN113.A:Hydrophobic;SER158.A:VdWContact;ASN159.A:VdWContact;LEU175.A:Hydrophobic;LEU175.A:VdWContact;ASP176.A:Hydrophobic;ASP176.A:HBDonor;ASP176.A:VdWContact
6U0K,Safinamide,19,ILE27.A:Hydrophobic;PHE32.A:Hydrophobic;ILE35.A:Hydrophobic;ILE35.A:VdWContact;LYS50.A:Hydrophobic;LEU68.A:VdWContact;CYS78.A:Hydrophobic;MET94.A:Hydrophobic;MET94.A:VdWContact;GLY98.A:VdWContact;ASN100.A:Hydrophobic;ASN100.A:HBAcceptor;ASN100.A:VdWContact;ALA148.A:VdWContact;LEU162.A:Hydrophobic;LEU162.A:VdWContact;ASP163.A:Hydrophobic;ASP163.A:VdWContact;PHE164.A:VdWContact
7Q8Y,Safinamide,13,GLY30.A:VdWContact;PHE32.A:Hydrophobic;ILE35.A:Hydrophobic;ILE35.A:VdWContact;LYS50.A:Hydrophobic;LYS50.A:VdWContact;VAL51.A:VdWContact;MET94.A:Hydrophobic;GLN97.A:VdWContact;LEU162.A:Hydrophobic;LEU162.A:VdWContact;ASP163.A:Hydrophobic;ASP163.A:VdWContact
2V5Z,Selegiline,9,LEU171.A:Hydrophobic;LEU171.A:VdWContact;CYS172.A:VdWContact;ILE199.A:Hydrophobic;ILE199.A:VdWContact;TYR398.A:Hydrophobic;TYR398.A:VdWContact;TYR435.A:Hydrophobic;TYR435.A:VdWContact
2Z5X,Selegiline,8,ARG51.A:Hydrophobic;TYR407.A:Hydrophobic;TYR407.A:VdWContact;THR435.A:VdWContact;GLY443.A:VdWContact;TYR444.A:Hydrophobic;MET445.A:Hydrophobic;MET445.A:VdWContact
4NFM,Selegiline,6,PHE45.A:VdWContact;ILE48.A:Hydrophobic;ILE48.A:VdWContact;LYS63.A:VdWContact;LEU74.A:Hydrophobic;GLY178.A:VdWContact
6U0K,Selegiline,10,PHE32.A:Hydrophobic;PHE32.A:VdWContact;ILE35.A:Hydrophobic;ILE35.A:VdWContact;LYS50.A:Hydrophobic;GLN97.A:Hydrophobic;ASN100.A:Hydrophobic;LEU162.A:Hydrophobic;LEU162.A:VdWContact;ASP163.A:Hydrophobic
7Q8Y,Selegiline,7,ILE35.A:VdWContact;LYS50.A:Hydrophobic;GLN97.A:Hydrophobic;GLN97.A:VdWContact;LEU162.A:Hydrophobic;LEU162.A:VdWContact;ASP163.A:Hydrophobic
