MW,WLogP,TPSA,HBD,HBA,Lipinski_violations,Lipinski_pass,GIA_pass,BBB_pass,n_structural_alerts,structural_alerts,alert_free,id,smiles
283.283,2.761820000000002,96.69,3,5,0,True,True,False,1,aniline,False,pool_000,Cc1cc(-c2oc3cccc(O)c3c(=O)c2O)ccc1N
282.295,3.4880400000000025,70.67,2,4,0,True,True,True,0,,True,pool_001,Cc1ccc(-c2oc3cccc(O)c3c(=O)c2O)cc1C
337.253,3.472200000000001,96.69000000000001,3,5,0,True,True,False,1,aniline,False,pool_002,Nc1cc(-c2oc3cccc(O)c3c(=O)c2O)ccc1C(F)(F)F
308.333,3.908120000000003,70.67,2,4,0,True,True,True,1,isolated_alkene,False,pool_003,C=CCc1cc(-c2oc3cccc(O)c3c(=O)c2O)ccc1C
351.4020000000002,4.169920000000004,73.91,2,5,0,True,True,True,0,,True,pool_004,Cc1ccc(-c2oc3cccc(O)c3c(=O)c2O)cc1N1CCCCC1
283.283,2.761820000000002,96.69,3,5,0,True,True,False,1,aniline,False,pool_005,Cc1ccc(-c2oc3cccc(O)c3c(=O)c2O)cc1N
366.4570000000001,5.466200000000006,70.67,2,4,1,True,True,False,0,,True,pool_006,CC(C)(C)c1ccc(-c2oc3cccc(O)c3c(=O)c2O)cc1C(C)(C)C
284.271,2.0356000000000005,122.71000000000001,4,6,0,True,True,False,1,aniline,False,pool_007,Nc1ccc(-c2oc3cccc(O)c3c(=O)c2O)cc1N
390.23500000000007,4.908800000000002,70.67,2,4,0,True,True,False,0,,True,pool_008,O=c1c(O)c(-c2ccc(C(F)(F)F)c(C(F)(F)F)c2)oc2cccc(O)c12
548.5730000000001,3.7172000000000027,166.17,6,8,2,False,False,False,3,Michael_acceptor_1;Thiocarbonyl_group;thiol_2,False,pool_009,CC1=C(C)C(=O)CC(c2cc(-c3oc4cccc(O)c4c(=O)c3O)ccc2NC=C2[SH]=C(C(=O)O)NC2=O)C1
541.5810000000002,6.9315600000000055,178.53,5,9,2,False,False,False,1,aniline,False,pool_010,Cc1cc(-c2c(C)oc3cc(O)c(C)c(O)c23)sc1-c1ccc(-c2oc3cccc(O)c3c(=O)c2O)cc1N
401.4620000000002,5.408560000000006,82.7,3,5,1,True,True,False,0,,True,pool_011,Cc1ccc(CNc2ccc(-c3oc4cccc(O)c4c(=O)c3O)cc2C)cc1C
323.348,3.7775200000000027,82.7,3,5,0,True,True,False,1,isolated_alkene,False,pool_012,C=CCNc1cc(-c2oc3cccc(O)c3c(=O)c2O)ccc1C
297.31000000000006,3.221320000000002,82.7,3,5,0,True,True,False,0,,True,pool_013,CNc1ccc(-c2oc3cccc(O)c3c(=O)c2O)cc1C
308.333,3.908120000000003,70.67,2,4,0,True,True,True,1,isolated_alkene,False,pool_014,C=CCc1ccc(-c2oc3cccc(O)c3c(=O)c2O)cc1C
297.31000000000006,3.221320000000002,82.7,3,5,0,True,True,False,0,,True,pool_015,CNc1cc(-c2oc3cccc(O)c3c(=O)c2O)ccc1C
325.36400000000003,3.999920000000003,82.7,3,5,0,True,True,False,0,,True,pool_016,Cc1cc(-c2oc3cccc(O)c3c(=O)c2O)ccc1NC(C)C
339.3910000000001,4.025820000000004,73.91,2,5,0,True,True,True,0,,True,pool_017,CCN(CC)c1cc(-c2oc3cccc(O)c3c(=O)c2O)ccc1C
594.5320000000004,4.277620000000005,191.07999999999998,4,11,2,False,False,False,2,aldehyde;stilbene,False,pool_018,Cc1oc(=O)c2cc(C=Cc3cc(-c4oc5cccc(O)c5c(=O)c4O)ccc3N3CCN=C3C(=O)O)c(O)cc2c1C=O
405.41000000000014,3.719300000000003,138.48,3,7,0,True,False,False,3,aldehyde;aniline;imine_1,False,pool_019,CCC(C=NC=O)=CC=Nc1cc(-c2oc3cccc(O)c3c(=O)c2O)ccc1N
458.47000000000025,4.301020000000004,149.01000000000002,4,8,0,True,False,False,2,aniline;stilbene,False,pool_020,COC(=O)c1cc(C)c(C=Cc2cc(-c3oc4cccc(O)c4c(=O)c3O)ccc2N)cc1N
529.5010000000003,4.918760000000003,170.44,5,9,1,True,False,False,1,mannich_A(296),False,pool_021,Cc1cc(-c2oc3cccc(O)c3c(=O)c2O)ccc1NCc1c(O)c(C)c(C)c2c(=O)cc(C(=O)O)oc12
500.45900000000023,4.788140000000005,147.41,3,9,1,True,False,False,2,aldehyde;cumarine,False,pool_022,COc1c(C)c(O)c2oc(=O)c(-c3ccc(-c4oc5cccc(O)c5c(=O)c4O)cc3C)cc2c1C=O
337.253,3.472200000000001,96.69000000000001,3,5,0,True,True,False,1,aniline,False,pool_023,Nc1ccc(-c2oc3cccc(O)c3c(=O)c2O)cc1C(F)(F)F
441.52700000000027,5.6387200000000055,73.91,2,5,1,True,True,False,0,,True,pool_024,Cc1cc(-c2oc3cccc(O)c3c(=O)c2O)ccc1N1CCCC(Cc2ccccc2)C1
420.3870000000001,3.6418000000000035,77.15,2,6,0,True,True,True,0,,True,pool_025,CN1CCN(c2cc(-c3oc4cccc(O)c4c(=O)c3O)ccc2C(F)(F)F)CC1
393.43900000000014,4.482300000000005,113.75999999999999,3,6,0,True,True,False,2,Michael_acceptor_1;aniline,False,pool_026,CC(C)=CC(=O)CC(C)c1cc(-c2oc3cccc(O)c3c(=O)c2O)ccc1N
498.40900000000016,5.674200000000006,128.20000000000002,4,7,1,True,False,False,2,hydroquinone;stilbene,False,pool_027,CC(=O)c1cc(O)c(C=Cc2ccc(-c3oc4cccc(O)c4c(=O)c3O)cc2C(F)(F)F)cc1O
387.26,4.107500000000001,96.69000000000001,3,5,0,True,True,False,2,Perfluorinated_chain;aniline,False,pool_028,Nc1ccc(-c2oc3cccc(O)c3c(=O)c2O)cc1C(F)(F)C(F)(F)F
651.763,8.557420000000004,137.82,5,6,2,False,False,False,2,aniline;isolated_alkene,False,pool_029,C=C1Cc2c(NC(=O)NC=Cc3ccc(-c4cc(-c5oc6cccc(O)c6c(=O)c5O)ccc4N)c(C)c3)cccc2C2(C)C(=C)CCC12
309.321,3.1819000000000024,96.69,3,5,0,True,True,False,2,aniline;isolated_alkene,False,pool_030,C=CCc1cc(-c2oc3cccc(O)c3c(=O)c2O)ccc1N
449.42900000000014,4.047100000000003,135.07,4,5,0,True,False,False,3,Aliphatic_long_chain;imine_1;imine_2,False,pool_031,CC(CCCN=C(N)N)c1cc(-c2oc3cccc(O)c3c(=O)c2O)ccc1C(F)(F)F
336.265,4.198420000000003,70.67,2,4,0,True,True,True,0,,True,pool_032,Cc1ccc(-c2oc3cccc(O)c3c(=O)c2O)cc1C(F)(F)F
362.4250000000001,5.108400000000004,70.67,2,4,1,True,True,False,1,isolated_alkene,False,pool_033,C=CCc1ccc(-c2oc3cccc(O)c3c(=O)c2O)cc1CC=C(C)C
323.348,3.7775200000000035,82.7,3,5,0,True,True,False,1,isolated_alkene,False,pool_034,C=CCNc1ccc(-c2oc3cccc(O)c3c(=O)c2O)cc1C
430.5040000000002,6.051940000000005,94.73,4,6,1,True,False,False,0,,True,pool_035,Cc1ccc(C)c(Nc2cc(-c3oc4cccc(O)c4c(=O)c3O)ccc2NC(C)C)c1
523.4970000000003,5.701200000000005,149.79,4,8,2,False,False,False,1,imine_1,False,pool_036,COc1ccc(C(=O)O)c(O)c1C=Nc1cc(-c2oc3cccc(O)c3c(=O)c2O)ccc1-c1ccccc1
393.36100000000005,4.957900000000004,82.7,3,5,0,True,True,False,0,,True,pool_037,CC(C)CNc1ccc(-c2oc3cccc(O)c3c(=O)c2O)cc1C(F)(F)F
361.35300000000007,3.8260000000000014,116.92000000000002,4,6,0,True,True,False,1,aniline,False,pool_038,Nc1cc(-c2oc3cccc(O)c3c(=O)c2O)ccc1-c1ccc(O)cc1
421.44900000000024,3.918320000000004,116.84,3,7,0,True,True,False,1,beta-keto/anhydride,False,pool_039,Cc1ccc(-c2oc3cccc(O)c3c(=O)c2O)cc1NC1C(=O)CC(C)(C)CC1=O
379.33400000000006,4.710300000000004,82.7,3,5,0,True,True,False,0,,True,pool_040,CC(C)Nc1ccc(-c2oc3cccc(O)c3c(=O)c2O)cc1C(F)(F)F
628.4790000000002,8.202440000000006,147.88,5,9,2,False,False,False,2,azo_A(324);diazo_group,False,pool_041,C=C(CNc1ccc(-c2oc3cccc(O)c3c(=O)c2O)cc1C)c1cc(Br)c(O)c(N=Nc2ccc(C)cc2)c1O
419.4330000000003,4.276220000000005,96.28,2,7,0,True,True,False,0,,True,pool_042,Cc1ccc(-c2ccc(-c3oc4cccc(O)c4c(=O)c3O)cc2N2CCOCC2)o1
333.343,4.174720000000003,86.46000000000001,3,4,0,True,True,False,0,,True,pool_043,Cc1ccc(-c2oc3cccc(O)c3c(=O)c2O)cc1-c1ccc[nH]1
338.403,5.118000000000006,70.67,2,4,1,True,True,False,0,,True,pool_044,CC(C)c1ccc(-c2oc3cccc(O)c3c(=O)c2O)cc1C(C)C
448.5180000000002,7.130460000000007,70.67,2,4,1,True,False,False,0,,True,pool_045,Cc1cccc(-c2ccc(-c3oc4cccc(O)c4c(=O)c3O)cc2-c2cc(C)ccc2C)c1
416.3260000000001,5.696100000000004,70.67,2,4,1,True,True,False,0,,True,pool_046,O=c1c(O)c(-c2ccc(C(F)(F)F)c(-c3ccc(F)cc3)c2)oc2cccc(O)c12
365.4290000000002,4.924220000000004,82.7,3,5,0,True,True,False,0,,True,pool_047,Cc1cc(-c2oc3cccc(O)c3c(=O)c2O)ccc1NC1CCCCC1
417.2990000000002,5.624600000000005,70.67,2,4,1,True,True,False,1,alkyl_halide,False,pool_048,CC(Br)c1ccc(-c2oc3cccc(O)c3c(=O)c2O)cc1C(C)(C)C
310.34900000000005,4.303020000000004,70.67,2,4,0,True,True,True,0,,True,pool_049,Cc1ccc(-c2oc3cccc(O)c3c(=O)c2O)cc1C(C)C
511.61800000000045,6.264460000000006,90.98,2,5,2,False,False,False,0,,True,pool_050,Cc1cc(C)c(-c2ccc(-c3oc4cccc(O)c4c(=O)c3O)cc2CC(=O)N2CCC(C)CC2)c(C)c1
467.49600000000015,6.597820000000006,82.7,3,5,1,True,False,False,0,,True,pool_051,Cc1ccc(CNc2cc(-c3oc4cccc(O)c4c(=O)c3O)ccc2-c2cccc(F)c2)cc1
415.4890000000002,5.044740000000005,96.69,3,5,1,True,True,False,0,,True,pool_052,Cc1ccc(C)c(-c2ccc(-c3oc4cccc(O)c4c(=O)c3O)cc2CC(C)N)c1
429.44700000000006,5.778600000000005,82.7,3,5,1,True,True,False,2,isolated_alkene;stilbene,False,pool_053,C=CCNc1ccc(-c2oc3cccc(O)c3c(=O)c2O)cc1C=Cc1ccc(F)cc1
376.45200000000017,5.639420000000006,70.67,2,4,1,True,True,False,1,isolated_alkene,False,pool_054,CC1=CCCC(C)C1c1cc(-c2oc3cccc(O)c3c(=O)c2O)ccc1C
359.3810000000001,4.044200000000003,96.69000000000001,3,5,0,True,True,False,1,aniline,False,pool_055,Nc1ccc(-c2oc3cccc(O)c3c(=O)c2O)cc1Cc1ccccc1
340.3790000000001,3.663800000000003,108.72,4,6,0,True,True,False,1,aniline,False,pool_056,CC(C)(C)Nc1ccc(-c2oc3cccc(O)c3c(=O)c2O)cc1N
529.5930000000003,5.664700000000005,147.38,4,7,2,False,False,False,2,imine_1;imine_2,False,pool_057,CC(C)(C)c1ccc(-c2oc3cccc(O)c3c(=O)c2O)cc1NCCC(N)=NC(=O)OCc1ccccc1
473.5290000000003,4.3858400000000035,137.82,5,7,0,True,False,False,0,,True,pool_058,Cc1cccc(CNc2cc(-c3oc4cccc(O)c4c(=O)c3O)ccc2NC(C)C(N)=O)c1C
482.62000000000035,8.003160000000008,70.67,2,4,1,True,False,False,0,,True,pool_059,Cc1cc(C)c(-c2ccc(-c3oc4cccc(O)c4c(=O)c3O)cc2C2CCCC(C)C2C)c(C)c1
378.346,5.1875000000000036,70.67,2,4,1,True,True,False,0,,True,pool_060,CC(C)(C)c1cc(-c2oc3cccc(O)c3c(=O)c2O)ccc1C(F)(F)F
296.322,3.7420200000000037,70.67,2,4,0,True,True,True,0,,True,pool_061,CCc1cc(-c2oc3cccc(O)c3c(=O)c2O)ccc1C
443.4990000000002,5.053000000000006,94.14,3,6,1,True,True,False,0,,True,pool_062,CN1CCC(c2ccc(-c3oc4cccc(O)c4c(=O)c3O)cc2-c2ccc(O)cc2)CC1
296.322,3.742020000000003,70.67,2,4,0,True,True,True,0,,True,pool_063,CCc1ccc(-c2oc3cccc(O)c3c(=O)c2O)cc1C
398.33600000000007,5.557000000000004,70.67,2,4,1,True,True,False,0,,True,pool_064,O=c1c(O)c(-c2ccc(C(F)(F)F)c(-c3ccccc3)c2)oc2cccc(O)c12
367.44500000000016,4.989000000000005,82.7,3,5,0,True,True,False,0,,True,pool_065,CC(C)Nc1ccc(-c2oc3cccc(O)c3c(=O)c2O)cc1C(C)(C)C
442.3640000000001,6.199500000000005,70.67,2,4,1,True,True,False,1,stilbene,False,pool_066,O=c1c(O)c(-c2ccc(C(F)(F)F)c(C=Cc3ccc(F)cc3)c2)oc2cccc(O)c12
382.41200000000015,4.185900000000004,107.97000000000001,3,5,0,True,True,False,0,,True,pool_067,CCc1ccc(-c2oc3cccc(O)c3c(=O)c2O)cc1C(C)(CC)C(=O)O
416.4730000000002,6.374840000000006,83.81,2,5,1,True,False,False,0,,True,pool_068,Cc1cc(C=Cc2ccc(-c3oc4cccc(O)c4c(=O)c3O)cc2C(C)C)oc1C
509.64600000000047,8.211600000000008,83.03,2,5,2,False,False,False,1,imine_1,False,pool_069,Cc1c(C)c(C)c(C=Nc2ccc(-c3oc4cccc(O)c4c(=O)c3O)cc2C2CCCCC2)c(C)c1C
311.337,3.576800000000003,96.69,3,5,0,True,True,False,1,aniline,False,pool_070,CC(C)c1ccc(-c2oc3cccc(O)c3c(=O)c2O)cc1N
628.7250000000003,7.254200000000008,123.24000000000002,4,8,2,False,False,False,0,,True,pool_071,C=C1C2C(=O)C(c3ccc(O)cc3)C2CCCCN1CCNc1ccc(-c2oc3cccc(O)c3c(=O)c2O)cc1-c1ccccc1
454.5260000000002,6.4566400000000055,98.49,4,5,1,True,False,False,1,indol_3yl_alk(461),False,pool_072,Cc1[nH]c2cc(-c3cc(-c4oc5cccc(O)c5c(=O)c4O)ccc3NC(C)C)ccc2c1C
344.36600000000004,4.846620000000005,70.67,2,4,0,True,True,False,0,,True,pool_073,Cc1ccc(-c2oc3cccc(O)c3c(=O)c2O)cc1-c1ccccc1
525.5230000000003,6.677120000000007,99.77,3,5,2,False,False,False,0,,True,pool_074,Cc1ccc(C(C)(C)C)cc1NC(=O)Cc1ccc(-c2oc3cccc(O)c3c(=O)c2O)cc1C(F)(F)F
345.35400000000004,4.120400000000003,96.69000000000001,3,5,0,True,True,False,1,aniline,False,pool_075,Nc1cc(-c2oc3cccc(O)c3c(=O)c2O)ccc1-c1ccccc1
352.43000000000006,5.292100000000006,70.67,2,4,1,True,True,False,0,,True,pool_076,CC(C)c1ccc(-c2oc3cccc(O)c3c(=O)c2O)cc1C(C)(C)C
652.8350000000002,10.031559999999995,77.14999999999999,2,6,2,False,False,False,0,,True,pool_077,CC1=C(C)c2cc(C)c(C)cc2N(Cc2cc(-c3oc4cccc(O)c4c(=O)c3O)ccc2N2CCCCCC2)C1=Cc1ccc(C)cc1
405.372,4.880300000000004,73.91,2,5,0,True,True,False,0,,True,pool_078,O=c1c(O)c(-c2ccc(N3CCCCC3)c(C(F)(F)F)c2)oc2cccc(O)c12
310.34900000000005,4.303020000000004,70.67,2,4,0,True,True,True,0,,True,pool_079,Cc1cc(-c2oc3cccc(O)c3c(=O)c2O)ccc1C(C)C
435.4790000000001,6.289300000000006,82.7,3,5,1,True,True,False,1,isolated_alkene,False,pool_080,C=CCNc1ccc(-c2oc3cccc(O)c3c(=O)c2O)cc1-c1cccc2ccccc12
324.3760000000001,4.477120000000004,70.67,2,4,0,True,True,True,0,,True,pool_081,Cc1ccc(-c2oc3cccc(O)c3c(=O)c2O)cc1C(C)(C)C
539.6760000000002,6.2955000000000085,98.30000000000001,3,7,2,False,False,False,0,,True,pool_082,CN1CCCC(c2ccc(CCNc3ccc(-c4oc5cccc(O)c5c(=O)c4O)cc3C(C)(C)C)cc2)=NC1
364.4410000000001,5.503300000000006,70.67,2,4,1,True,True,False,1,isolated_alkene,False,pool_083,CC(C)=CCc1cc(-c2oc3cccc(O)c3c(=O)c2O)ccc1C(C)C
602.815,10.69149999999999,70.67,2,4,2,False,False,False,1,isolated_alkene,False,pool_084,C=CC(=C1CCCCC1)c1ccc(-c2oc3cccc(O)c3c(=O)c2O)cc1C1(C)C=C(C)C(C=C2C(=C)CCCC2C)CC1
508.52600000000035,5.943320000000007,125.03999999999999,3,7,2,False,False,False,3,isolated_alkene;keto_keto_gamma(5);stilbene,False,pool_085,C=CCc1cc(-c2oc3cccc(O)c3c(=O)c2O)ccc1C=Cc1c(C)cc2c(c1O)C(=O)CCC2=O
574.6290000000004,7.559500000000008,121.11000000000001,3,7,2,False,False,False,1,isolated_alkene,False,pool_086,C=CCc1cc(C=Cc2cc(-c3cc(-c4oc5cccc(O)c5c(=O)c4O)ccc3C(C)(C)C=C)cc(=O)o2)ccc1O
592.6440000000002,7.432640000000009,137.43,4,8,2,False,False,False,2,hydroquinone;stilbene,False,pool_087,COc1cc(C)c(C(=O)c2cc(O)cc(C=Cc3cc(-c4oc5cccc(O)c5c(=O)c4O)ccc3C(C)C)c2O)cc1C
656.8629999999999,10.73089999999999,79.9,2,5,2,False,False,False,1,isolated_alkene,False,pool_088,COC(C)(C)C=CC1=C(C)CC(c2ccc(-c3oc4cccc(O)c4c(=O)c3O)cc2C2C=C(C)C3C=CC=CC3=C2C)C1CC=C(C)C
388.41900000000015,5.476540000000005,83.81,2,5,1,True,True,False,1,isolated_alkene,False,pool_089,C=CCc1cc(-c2oc3cccc(O)c3c(=O)c2O)ccc1-c1cc(C)c(C)o1
377.318,4.487900000000003,82.7,3,5,0,True,True,False,1,isolated_alkene,False,pool_090,C=CCNc1cc(-c2oc3cccc(O)c3c(=O)c2O)ccc1C(F)(F)F
576.6010000000003,7.4576000000000064,151.59,6,8,3,False,False,False,3,catechol;catechol_A(92);stilbene,False,pool_091,CC(C)=Cc1cc(C=Cc2ccc(-c3oc4cccc(O)c4c(=O)c3O)cc2C=Cc2ccc(O)c(O)c2)cc(O)c1O
667.5520000000002,7.9018400000000115,128.20000000000002,4,7,2,False,False,False,2,ene_quin_methide(10);isolated_alkene,False,pool_092,C=CC(C)(O)c1cc(-c2oc3cccc(O)c3c(=O)c2O)ccc1C=CC1=CC(=Cc2cc(C)c(C)c(Br)c2O)C(C)=CC1=O
386.4030000000001,5.055620000000006,90.9,3,5,1,True,True,False,1,stilbene,False,pool_093,Cc1cc(-c2oc3cccc(O)c3c(=O)c2O)ccc1C=Cc1cccc(O)c1
525.6890000000003,9.085100000000002,86.46000000000001,3,4,2,False,False,False,0,,True,pool_094,CC(C)c1cc(C2CCCCC2)c(-c2ccc(-c3oc4cccc(O)c4c(=O)c3O)cc2C2CCCCC2)[nH]1
633.7440000000001,8.504840000000009,99.77000000000001,3,5,2,False,False,False,0,,True,pool_095,CC1=C(C)C(=C2C=CC=C2Cc2cc(-c3oc4cccc(O)c4c(=O)c3O)ccc2Cc2ccc(-c3ccc(C)cc3C)cc2)NC1=O
590.5290000000002,6.558400000000007,126.12,3,6,2,False,False,False,2,halogenated_ring_1;stilbene,False,pool_096,CC(C)c1ccc(-c2oc3cccc(O)c3c(=O)c2O)cc1C=Cc1c(F)c(F)c(C=CC2=CC(N)=NC2=O)c(F)c1F
661.7950000000001,9.267900000000001,129.98000000000002,3,8,2,False,False,False,3,Aliphatic_long_chain;Michael_acceptor_1;isolated_alkene,False,pool_097,C=CCNc1oc(-c2ccc(-c3oc4cccc(O)c4c(=O)c3O)cc2C(C)C)cc(=O)c1C=C1CC(CC=CCCCCC)C=CC1=O
420.4640000000001,6.129000000000005,70.67,2,4,1,True,True,False,0,,True,pool_098,O=c1c(O)c(-c2ccc(-c3ccccc3)c(Cc3ccccc3)c2)oc2cccc(O)c12
493.60300000000024,6.9804000000000075,73.91,2,5,1,True,False,False,1,isolated_alkene,False,pool_099,C=CCN1C(C)CCCC1C=Cc1ccc(-c2oc3cccc(O)c3c(=O)c2O)cc1-c1ccccc1
408.4980000000002,3.920500000000004,77.15,2,6,0,True,True,False,0,,True,pool_100,CN1CCN(c2ccc(-c3oc4cccc(O)c4c(=O)c3O)cc2C(C)(C)C)CC1
440.45100000000014,5.424700000000005,107.97000000000001,3,5,1,True,False,False,2,Michael_acceptor_1;polyene,False,pool_101,C=C(C(C)=CC(=O)O)c1cc(-c2oc3cccc(O)c3c(=O)c2O)ccc1C=C1C=CC=C1
510.55200000000013,7.761300000000007,70.67,2,4,2,False,False,False,1,isolated_alkene,False,pool_102,C=C1CCC2C(C)=CCCC2(C)C1Cc1cc(-c2oc3cccc(O)c3c(=O)c2O)ccc1C(F)(F)F
529.6360000000003,7.913060000000009,83.03,2,5,2,False,False,False,0,,True,pool_103,CC1=CC(C)=NC2(c3ccc(-c4oc5cccc(O)c5c(=O)c4O)cc3C)C(C)=Cc3cc(C)c(C)cc3C=C12
668.83,10.779799999999984,111.13000000000001,4,6,2,False,False,False,5,catechol;catechol_A(92);isolated_alkene;polyene;stilbene,False,pool_104,CC(C)=CCc1cc(C=Cc2cc(-c3oc4cccc(O)c4c(=O)c3O)ccc2C=CC=CC=CC=C2C=C(C)CC(C)(C)C2)cc(O)c1O
440.4700000000002,6.585420000000005,70.67,2,4,1,True,True,False,1,isolated_alkene,False,pool_105,Cc1cc(F)ccc1-c1cc(-c2oc3cccc(O)c3c(=O)c2O)ccc1C1C=CCC=C1
451.5220000000001,4.813100000000005,82.7,3,5,0,True,True,False,1,triple_bond,False,pool_106,O=c1c(O)c(-c2ccc(CC3CCNCC3)c(C#Cc3ccccc3)c2)oc2cccc(O)c12
650.8589999999999,11.599499999999985,70.67,2,4,2,False,False,False,3,Aliphatic_long_chain;isolated_alkene;polyene,False,pool_107,C=CCc1cc(-c2oc3cccc(O)c3c(=O)c2O)ccc1C(C)C=CC=CC1=CCC=C1C=CC=CC=CC(C)=CCCC=C(C)C=C
701.7940000000003,10.132499999999991,90.98,2,6,2,False,False,False,3,isolated_alkene;polyene;stilbene,False,pool_108,C=CCN1C=C(C)CC=C1C=C=CC=CC=C1C=CC(=O)C=C1C=Cc1ccc(-c2oc3cccc(O)c3c(=O)c2O)cc1C=Cc1cccc(F)c1
408.45300000000015,5.389600000000006,70.67,2,4,1,True,True,False,1,triple_bond,False,pool_109,C=C(C)C#Cc1ccc(-c2oc3cccc(O)c3c(=O)c2O)cc1Cc1ccccc1
479.5760000000004,7.765720000000006,86.46,3,4,1,True,False,False,0,,True,pool_110,Cc1ccc2[nH]cc(-c3cc(-c4oc5cccc(O)c5c(=O)c4O)ccc3C3CCCCCC3)c2c1
498.66300000000035,8.184100000000008,70.67,2,4,1,True,False,False,1,isolated_alkene,False,pool_111,CC1=C(CCc2cc(-c3oc4cccc(O)c4c(=O)c3O)ccc2C(C)(C)C)C2C(=CCCC2C)CC1
339.39100000000013,4.2104000000000035,82.7,3,5,0,True,True,False,0,,True,pool_112,CNc1ccc(-c2oc3cccc(O)c3c(=O)c2O)cc1C(C)(C)C
364.31899999999996,5.013400000000004,70.67,2,4,1,True,True,False,0,,True,pool_113,CC(C)c1ccc(-c2oc3cccc(O)c3c(=O)c2O)cc1C(F)(F)F
407.38800000000003,5.492100000000005,82.7,3,5,1,True,True,False,1,Aliphatic_long_chain,False,pool_114,CCCCCNc1cc(-c2oc3cccc(O)c3c(=O)c2O)ccc1C(F)(F)F
413.473,5.528500000000005,73.91,2,5,1,True,True,False,0,,True,pool_115,O=c1c(O)c(-c2ccc(N3CCCCC3)c(-c3ccccc3)c2)oc2cccc(O)c12
349.3860000000001,4.197600000000004,82.7,3,5,0,True,True,False,1,isolated_alkene,False,pool_116,C=CCNc1ccc(-c2oc3cccc(O)c3c(=O)c2O)cc1CC=C
334.3710000000001,4.328200000000003,70.67,2,4,0,True,True,True,1,isolated_alkene,False,pool_117,C=CCc1ccc(-c2oc3cccc(O)c3c(=O)c2O)cc1CC=C
336.38700000000006,4.723100000000003,70.67,2,4,0,True,True,True,1,isolated_alkene,False,pool_118,C=CCc1ccc(-c2oc3cccc(O)c3c(=O)c2O)cc1C(C)C
364.319,5.013400000000003,70.67,2,4,1,True,True,False,0,,True,pool_119,CC(C)c1cc(-c2oc3cccc(O)c3c(=O)c2O)ccc1C(F)(F)F
406.4820000000002,3.7879000000000023,85.94,3,6,0,True,True,False,1,isolated_alkene,False,pool_120,C=CCc1cc(-c2oc3cccc(O)c3c(=O)c2O)ccc1N1CCC(NCC)C1
350.4140000000002,5.227320000000004,70.67,2,4,1,True,True,False,0,,True,pool_121,Cc1ccc(-c2oc3cccc(O)c3c(=O)c2O)cc1C1CCCCC1
368.4290000000001,4.396100000000005,90.9,3,5,0,True,True,False,0,,True,pool_122,CC(C)(C)c1ccc(-c2oc3cccc(O)c3c(=O)c2O)cc1C(C)(C)O
338.3590000000001,3.8721200000000033,87.74,2,5,0,True,True,False,0,,True,pool_123,CC(=O)C(C)c1ccc(-c2oc3cccc(O)c3c(=O)c2O)cc1C
362.303,4.618500000000003,70.67,2,4,0,True,True,True,1,isolated_alkene,False,pool_124,C=CCc1ccc(-c2oc3cccc(O)c3c(=O)c2O)cc1C(F)(F)F
432.47500000000014,6.708600000000006,70.67,2,4,1,True,False,False,1,stilbene,False,pool_125,O=c1c(O)c(-c2ccc(C=Cc3ccccc3)c(-c3ccccc3)c2)oc2cccc(O)c12
364.319,4.842500000000004,70.67,2,4,0,True,True,False,0,,True,pool_126,CCCc1cc(-c2oc3cccc(O)c3c(=O)c2O)ccc1C(F)(F)F
370.40400000000005,5.571300000000005,70.67,2,4,1,True,True,False,0,,True,pool_127,C=C(C)c1cc(-c2oc3cccc(O)c3c(=O)c2O)ccc1-c1ccccc1
311.33700000000005,3.576800000000003,96.69,3,5,0,True,True,False,1,aniline,False,pool_128,CC(C)c1cc(-c2oc3cccc(O)c3c(=O)c2O)ccc1N
427.50000000000017,5.917000000000007,73.91,2,5,1,True,True,False,0,,True,pool_129,CC1CCCCN1c1ccc(-c2oc3cccc(O)c3c(=O)c2O)cc1-c1ccccc1
432.4380000000001,6.429700000000006,70.67,2,4,1,True,True,False,0,,True,pool_130,CC1CCCC(c2ccc(-c3oc4cccc(O)c4c(=O)c3O)cc2C(F)(F)F)C1C
456.4600000000001,6.429700000000006,70.67,2,4,1,True,True,False,0,,True,pool_131,O=c1c(O)c(-c2ccc(C3C4CC5CC(C4)CC3C5)c(C(F)(F)F)c2)oc2cccc(O)c12
508.6580000000003,8.435400000000003,70.67,2,4,2,False,False,False,0,,True,pool_132,O=c1c(O)c(-c2ccc(C3CCCCC3Cc3ccccc3)c(C3CCCCC3)c2)oc2cccc(O)c12
422.3550000000001,4.725100000000004,107.97000000000001,3,5,0,True,True,False,0,,True,pool_133,CC(C(=O)O)c1ccc(-c2oc3cccc(O)c3c(=O)c2O)cc1C(C)C(F)(F)F
522.5190000000003,6.802940000000007,87.74,2,5,2,False,False,False,0,,True,pool_134,Cc1cc(=O)c(-c2ccc(-c3oc4cccc(O)c4c(=O)c3O)cc2C(F)(F)F)c(C)c2c1CCCCC2
427.5000000000003,5.836920000000006,73.91,2,5,1,True,True,False,0,,True,pool_135,Cc1ccc(-c2cc(-c3oc4cccc(O)c4c(=O)c3O)ccc2N2CCCCC2)cc1
406.4370000000001,6.205200000000005,70.67,2,4,1,True,True,False,0,,True,pool_136,O=c1c(O)c(-c2ccc(-c3ccccc3)c(-c3ccccc3)c2)oc2cccc(O)c12
407.5100000000003,5.986800000000005,82.7,3,5,1,True,True,False,0,,True,pool_137,CC(C)c1cc(-c2oc3cccc(O)c3c(=O)c2O)ccc1NCC1CCCCC1
436.27900000000017,5.637000000000004,70.67,2,4,1,True,True,False,1,Perfluorinated_chain,False,pool_138,CC(F)(F)C(F)(F)c1ccc(-c2oc3cccc(O)c3c(=O)c2O)cc1C(F)(F)F
465.38300000000004,5.539300000000004,99.77,3,6,1,True,True,False,0,,True,pool_139,O=C1C=C(c2cc(-c3oc4cccc(O)c4c(=O)c3O)ccc2C(F)(F)F)Nc2cccc1c2
544.6920000000002,6.514500000000007,111.80000000000001,4,6,2,False,False,False,1,isolated_alkene,False,pool_140,CCCNc1ccc(-c2oc3cccc(O)c3c(=O)c2O)cc1CC1CCC(CNC(=O)C2CC=CCC2)CC1
448.4650000000001,6.864100000000006,70.67,2,4,1,True,False,False,0,,True,pool_141,O=c1c(O)c(-c2ccc(C3CCCCC3)c(-c3cc(F)ccc3F)c2)oc2cccc(O)c12
420.3870000000001,3.6418000000000035,77.15,2,6,0,True,True,True,0,,True,pool_142,CN1CCN(c2ccc(-c3oc4cccc(O)c4c(=O)c3O)cc2C(F)(F)F)CC1
445.5590000000002,6.515200000000007,82.7,3,5,1,True,False,False,0,,True,pool_143,CC1=CC(c2ccc(-c3oc4cccc(O)c4c(=O)c3O)cc2C(C)C)C(C(C)C)=C(C)N1
431.4630000000001,5.144300000000005,82.7,3,5,1,True,True,False,0,,True,pool_144,O=c1c(O)c(-c2ccc(C3CCNCC3)c(-c3ccc(F)cc3)c2)oc2cccc(O)c12
474.55600000000015,7.088320000000008,70.67,2,4,1,True,False,False,2,isolated_alkene;triphenyl_methyl-silyl,False,pool_145,C=CCc1cc(-c2oc3cccc(O)c3c(=O)c2O)ccc1C(c1ccccc1)c1cccc(C)c1
368.43300000000005,3.453400000000003,94.73,4,6,0,True,True,False,0,,True,pool_146,CCNc1ccc(-c2oc3cccc(O)c3c(=O)c2O)cc1CC(C)NC
392.4950000000003,6.216400000000006,70.67,2,4,1,True,True,False,0,,True,pool_147,CC(C)c1cc(-c2oc3cccc(O)c3c(=O)c2O)ccc1C1(C)CCCCC1
372.24500000000006,4.827600000000002,70.67,2,4,0,True,True,False,0,,True,pool_148,O=c1c(O)c(-c2ccc(C(F)F)c(C(F)(F)F)c2)oc2cccc(O)c12
433.42600000000016,5.135600000000004,82.7,3,5,1,True,True,False,0,,True,pool_149,CC(c1ccc(-c2oc3cccc(O)c3c(=O)c2O)cc1C(F)(F)F)C1CCCCN1
467.44300000000015,6.1802000000000055,82.7,3,5,1,True,True,False,0,,True,pool_150,C=C(C)NCc1ccc(-c2ccc(-c3oc4cccc(O)c4c(=O)c3O)cc2C(F)(F)F)cc1
522.6010000000002,5.5224000000000055,117.95,4,7,2,False,False,False,1,Aliphatic_long_chain,False,pool_151,NCCCNCCOc1ccc(-c2cc(-c3oc4cccc(O)c4c(=O)c3O)ccc2-c2ccccc2)cc1
436.5070000000001,6.865300000000007,70.67,2,4,1,True,False,False,2,isolated_alkene;stilbene,False,pool_152,O=c1c(O)c(-c2ccc(C3CC=CCC3)c(C=Cc3ccccc3)c2)oc2cccc(O)c12
426.3900000000001,6.1738400000000055,70.67,2,4,1,True,True,False,0,,True,pool_153,Cc1cc(C)cc(-c2cc(-c3oc4cccc(O)c4c(=O)c3O)ccc2C(F)(F)F)c1
441.5270000000002,5.271200000000006,73.91,2,5,1,True,True,False,0,,True,pool_154,CN1CCC(c2ccc(-c3oc4cccc(O)c4c(=O)c3O)cc2Cc2ccccc2)CC1
419.52100000000013,5.9092000000000064,73.91,2,5,1,True,True,False,0,,True,pool_155,O=c1c(O)c(-c2ccc(N3CCCCC3)c(C3CCCCC3)c2)oc2cccc(O)c12
424.37400000000014,6.060400000000004,70.67,2,4,1,True,True,False,1,stilbene,False,pool_156,O=c1c(O)c(-c2ccc(C=Cc3ccccc3)c(C(F)(F)F)c2)oc2cccc(O)c12
392.4950000000002,6.288300000000006,70.67,2,4,1,True,True,False,0,,True,pool_157,CC1CCC(c2cc(-c3oc4cccc(O)c4c(=O)c3O)ccc2C(C)C)CC1
408.49800000000016,4.927800000000005,85.94,3,6,0,True,True,False,0,,True,pool_158,CC1CCN(c2ccc(-c3oc4cccc(O)c4c(=O)c3O)cc2NC(C)C)CC1
406.5220000000003,6.678400000000007,70.67,2,4,1,True,False,False,0,,True,pool_159,CC(C)C(C)c1ccc(-c2oc3cccc(O)c3c(=O)c2O)cc1C1CCCCC1
372.42,5.661600000000006,70.67,2,4,1,True,True,False,0,,True,pool_160,CC(C)c1ccc(-c2oc3cccc(O)c3c(=O)c2O)cc1-c1ccccc1
365.4290000000002,4.594800000000005,73.91,2,5,0,True,True,False,0,,True,pool_161,CC(C)c1cc(-c2oc3cccc(O)c3c(=O)c2O)ccc1N1CCCC1
384.4310000000001,5.575120000000005,70.67,2,4,1,True,True,False,1,isolated_alkene,False,pool_162,C=CCc1cc(-c2oc3cccc(O)c3c(=O)c2O)ccc1-c1ccc(C)cc1
496.48500000000007,6.623900000000005,85.94000000000001,3,6,1,True,False,False,0,,True,pool_163,O=c1c(O)c(-c2ccc(N3CCCCC3)c(Nc3ccc(C(F)(F)F)cc3)c2)oc2cccc(O)c12
427.5,5.4523000000000055,73.91,2,5,1,True,True,False,0,,True,pool_164,O=c1c(O)c(-c2ccc(N3CCCCC3)c(Cc3ccccc3)c2)oc2cccc(O)c12
433.54800000000023,6.663500000000006,82.7,3,5,1,True,False,False,0,,True,pool_165,O=c1c(O)c(-c2ccc(NC3CCCCC3)c(C3CCCCC3)c2)oc2cccc(O)c12
370.40400000000005,5.266700000000005,70.67,2,4,1,True,True,False,1,isolated_alkene,False,pool_166,C=CCc1ccc(-c2oc3cccc(O)c3c(=O)c2O)cc1-c1ccccc1
449.50600000000014,6.074100000000005,82.7,3,5,1,True,True,False,0,,True,pool_167,O=c1c(O)c(-c2ccc(NCc3ccccc3)c(Cc3ccccc3)c2)oc2cccc(O)c12
427.5000000000001,5.642800000000005,82.7,3,5,1,True,True,False,1,isolated_alkene,False,pool_168,C=CCc1ccc(-c2oc3cccc(O)c3c(=O)c2O)cc1NC(C)Cc1ccccc1
399.446,5.138400000000004,73.91,2,5,1,True,True,False,0,,True,pool_169,O=c1c(O)c(-c2ccc(N3CCCC3)c(-c3ccccc3)c2)oc2cccc(O)c12
421.53700000000026,5.269000000000006,73.91,2,5,1,True,True,False,0,,True,pool_170,CC1CCCCC1c1ccc(-c2oc3cccc(O)c3c(=O)c2O)cc1CCN(C)C
401.4620000000001,5.6669200000000055,82.7,3,5,1,True,True,False,0,,True,pool_171,Cc1ccc(-c2cc(-c3oc4cccc(O)c4c(=O)c3O)ccc2NC(C)C)cc1
338.4030000000001,4.731100000000005,70.67,2,4,0,True,True,True,0,,True,pool_172,CCc1cc(-c2oc3cccc(O)c3c(=O)c2O)ccc1C(C)(C)C
420.38300000000015,5.001600000000004,79.9,2,5,1,True,True,False,0,,True,pool_173,O=c1c(O)c(-c2ccc(C(F)(F)F)c(CC3CCCCO3)c2)oc2cccc(O)c12
344.36600000000004,4.846620000000004,70.67,2,4,0,True,True,False,0,,True,pool_174,Cc1cc(-c2oc3cccc(O)c3c(=O)c2O)ccc1-c1ccccc1
370.40400000000005,5.350020000000006,70.67,2,4,1,True,True,False,1,stilbene,False,pool_175,Cc1ccc(-c2oc3cccc(O)c3c(=O)c2O)cc1C=Cc1ccccc1
565.6220000000004,5.600100000000006,137.07000000000002,4,6,2,False,False,False,1,Michael_acceptor_1,False,pool_176,O=C(O)Cc1ccc(-c2oc3cccc(O)c3c(=O)c2O)cc1C1C2CCC(C2)CC1NC(=O)C=Cc1ccccc1
398.3360000000001,5.557000000000003,70.67,2,4,1,True,True,False,0,,True,pool_177,O=c1c(O)c(-c2ccc(-c3ccccc3)c(C(F)(F)F)c2)oc2cccc(O)c12
404.384,5.937700000000005,70.67,2,4,1,True,True,False,0,,True,pool_178,O=c1c(O)c(-c2ccc(C3CCCCC3)c(C(F)(F)F)c2)oc2cccc(O)c12
416.3260000000001,5.696100000000003,70.67,2,4,1,True,True,False,0,,True,pool_179,O=c1c(O)c(-c2ccc(-c3ccc(F)cc3)c(C(F)(F)F)c2)oc2cccc(O)c12
310.34900000000005,4.132120000000004,70.67,2,4,0,True,True,True,0,,True,pool_180,CCCc1cc(-c2oc3cccc(O)c3c(=O)c2O)ccc1C
344.313,4.537300000000004,70.67,2,4,0,True,True,True,1,isolated_alkene,False,pool_181,C=CCc1cc(-c2oc3cccc(O)c3c(=O)c2O)ccc1C(F)F
322.36000000000007,4.162100000000003,70.67,2,4,0,True,True,True,1,isolated_alkene,False,pool_182,C=CCc1cc(-c2oc3cccc(O)c3c(=O)c2O)ccc1CC
365.30699999999996,3.956000000000002,73.91,2,5,0,True,True,True,0,,True,pool_183,CN(C)c1ccc(-c2oc3cccc(O)c3c(=O)c2O)cc1C(F)(F)F
589.6190000000003,7.596120000000008,120.33,3,6,2,False,False,False,3,Michael_acceptor_1;imine_1;stilbene,False,pool_184,CC(=NCc1cc(C=CC(=O)O)c(C=Cc2cc(-c3oc4cccc(O)c4c(=O)c3O)ccc2C)cc1F)c1ccccc1
332.30199999999996,4.3712000000000035,70.67,2,4,0,True,True,True,0,,True,pool_185,CCc1ccc(-c2oc3cccc(O)c3c(=O)c2O)cc1C(F)F
379.33400000000006,4.7119000000000035,82.7,3,5,0,True,True,False,0,,True,pool_186,CCCNc1ccc(-c2oc3cccc(O)c3c(=O)c2O)cc1C(F)(F)F
372.24500000000006,4.827600000000002,70.67,2,4,0,True,True,False,0,,True,pool_187,O=c1c(O)c(-c2ccc(C(F)(F)F)c(C(F)F)c2)oc2cccc(O)c12
325.3640000000001,4.036300000000002,82.7,3,5,0,True,True,False,0,,True,pool_188,CNc1ccc(-c2oc3cccc(O)c3c(=O)c2O)cc1C(C)C
455.5540000000003,6.899640000000007,82.7,3,5,1,True,False,False,0,,True,pool_189,Cc1ccc(-c2cc(-c3oc4cccc(O)c4c(=O)c3O)ccc2NC2CCCCC2)cc1C
466.5370000000002,5.338900000000007,86.27,2,6,1,True,True,False,2,imine_1;isolated_alkene,False,pool_190,CN(C)CC=CCN=C=Cc1ccc(-c2oc3cccc(O)c3c(=O)c2O)cc1-c1ccccc1
360.36500000000007,4.552220000000005,90.9,3,5,0,True,True,False,0,,True,pool_191,Cc1ccc(-c2oc3cccc(O)c3c(=O)c2O)cc1-c1ccc(O)cc1
353.4180000000001,4.816500000000004,82.7,3,5,0,True,True,False,0,,True,pool_192,CCCNc1ccc(-c2oc3cccc(O)c3c(=O)c2O)cc1C(C)C
480.4820000000001,7.258900000000008,70.67,2,4,1,True,False,False,1,stilbene,False,pool_193,CC(C)Cc1cc(-c2oc3cccc(O)c3c(=O)c2O)ccc1C=Cc1ccc(C(F)(F)F)cc1
433.29400000000015,5.058200000000003,126.95,2,7,1,True,False,False,2,Oxygen-nitrogen_single_bond;nitro_group,False,pool_194,O=c1c(O)c(-c2ccc(C(F)(F)F)c(-c3ccc([N+](=O)[O-])o3)c2)oc2cccc(O)c12
341.3630000000001,3.2379200000000017,91.92999999999999,3,6,0,True,True,False,1,Aliphatic_long_chain,False,pool_195,COCCNc1ccc(-c2oc3cccc(O)c3c(=O)c2O)cc1C
415.4890000000002,6.025700000000005,82.7,3,5,1,True,True,False,1,isolated_alkene,False,pool_196,C=CCc1cc(-c2oc3cccc(O)c3c(=O)c2O)ccc1NC=C1C=CCCCC1
435.42600000000004,5.416600000000005,73.91,2,5,1,True,True,False,0,,True,pool_197,O=c1c(O)c(-c2ccc(N3CCCC3)c(-c3cc(F)cc(F)c3)c2)oc2cccc(O)c12
324.3760000000001,4.386100000000004,70.67,2,4,0,True,True,True,0,,True,pool_198,CCCc1cc(-c2oc3cccc(O)c3c(=O)c2O)ccc1CC
336.38700000000006,5.027700000000005,70.67,2,4,1,True,True,False,0,,True,pool_199,CC=Cc1ccc(-c2oc3cccc(O)c3c(=O)c2O)cc1C(C)C
378.46800000000025,6.042300000000005,70.67,2,4,1,True,True,False,0,,True,pool_200,CC(C)c1cc(-c2oc3cccc(O)c3c(=O)c2O)ccc1C1CCCCC1
372.4200000000001,5.661600000000005,70.67,2,4,1,True,True,False,0,,True,pool_201,CC(C)c1cc(-c2oc3cccc(O)c3c(=O)c2O)ccc1-c1ccccc1
350.4140000000001,4.897200000000004,70.67,2,4,0,True,True,False,1,isolated_alkene,False,pool_202,C=CCc1ccc(-c2oc3cccc(O)c3c(=O)c2O)cc1C(C)(C)C
338.4030000000001,4.947100000000004,70.67,2,4,0,True,True,False,0,,True,pool_203,CCCc1cc(-c2oc3cccc(O)c3c(=O)c2O)ccc1C(C)C
339.391,4.426400000000004,82.7,3,5,0,True,True,False,0,,True,pool_204,CCNc1ccc(-c2oc3cccc(O)c3c(=O)c2O)cc1C(C)C
364.31899999999996,4.842500000000004,70.67,2,4,0,True,True,False,0,,True,pool_205,CCCc1ccc(-c2oc3cccc(O)c3c(=O)c2O)cc1C(F)(F)F
412.48500000000007,6.339100000000006,70.67,2,4,1,True,True,False,1,stilbene,False,pool_206,CC(C)(C)c1cc(-c2oc3cccc(O)c3c(=O)c2O)ccc1C=Cc1ccccc1
348.39800000000014,5.0229000000000035,70.67,2,4,1,True,True,False,1,isolated_alkene,False,pool_207,C=Cc1ccc(-c2oc3cccc(O)c3c(=O)c2O)cc1CC=C(C)C
352.4300000000001,5.292100000000005,70.67,2,4,1,True,True,False,0,,True,pool_208,CC(C)c1cc(-c2oc3cccc(O)c3c(=O)c2O)ccc1C(C)(C)C
350.292,4.4524000000000035,70.67,2,4,0,True,True,True,0,,True,pool_209,CCc1cc(-c2oc3cccc(O)c3c(=O)c2O)ccc1C(F)(F)F
336.38700000000006,4.688320000000005,70.67,2,4,0,True,True,True,1,isolated_alkene,False,pool_210,CC(C)=CCc1ccc(-c2oc3cccc(O)c3c(=O)c2O)cc1C
294.30600000000004,3.8226200000000023,70.67,2,4,0,True,True,True,0,,True,pool_211,C=Cc1cc(-c2oc3cccc(O)c3c(=O)c2O)ccc1C
324.37600000000003,4.386100000000003,70.67,2,4,0,True,True,True,0,,True,pool_212,CCCc1ccc(-c2oc3cccc(O)c3c(=O)c2O)cc1CC
324.37600000000003,4.522220000000004,70.67,2,4,0,True,True,True,0,,True,pool_213,CCCCc1ccc(-c2oc3cccc(O)c3c(=O)c2O)cc1C
386.44700000000006,5.835700000000005,70.67,2,4,1,True,True,False,0,,True,pool_214,CC(C)(C)c1cc(-c2oc3cccc(O)c3c(=O)c2O)ccc1-c1ccccc1
377.318,4.487900000000003,82.7,3,5,0,True,True,False,1,isolated_alkene,False,pool_215,C=CCNc1ccc(-c2oc3cccc(O)c3c(=O)c2O)cc1C(F)(F)F
412.36300000000006,5.865420000000006,70.67,2,4,1,True,True,False,0,,True,pool_216,Cc1cccc(-c2cc(-c3oc4cccc(O)c4c(=O)c3O)ccc2C(F)(F)F)c1
322.36,4.469120000000004,70.67,2,4,0,True,True,True,1,isolated_alkene,False,pool_217,C=CC(C)c1ccc(-c2oc3cccc(O)c3c(=O)c2O)cc1C
310.349,4.132120000000003,70.67,2,4,0,True,True,True,0,,True,pool_218,CCCc1ccc(-c2oc3cccc(O)c3c(=O)c2O)cc1C
318.275,4.117220000000002,70.67,2,4,0,True,True,True,0,,True,pool_219,Cc1ccc(-c2oc3cccc(O)c3c(=O)c2O)cc1C(F)F
311.33700000000005,3.4059000000000026,96.69,3,5,0,True,True,False,1,aniline,False,pool_220,CCCc1cc(-c2oc3cccc(O)c3c(=O)c2O)ccc1N
358.39300000000003,5.100600000000005,70.67,2,4,1,True,True,False,0,,True,pool_221,CCc1cc(-c2oc3cccc(O)c3c(=O)c2O)ccc1-c1ccccc1
336.38700000000006,4.723100000000004,70.67,2,4,0,True,True,True,1,isolated_alkene,False,pool_222,C=CCc1cc(-c2oc3cccc(O)c3c(=O)c2O)ccc1C(C)C
332.30199999999996,4.3712000000000035,70.67,2,4,0,True,True,True,0,,True,pool_223,CCc1cc(-c2oc3cccc(O)c3c(=O)c2O)ccc1C(F)F
350.292,4.4524000000000035,70.67,2,4,0,True,True,True,0,,True,pool_224,CCc1ccc(-c2oc3cccc(O)c3c(=O)c2O)cc1C(F)(F)F
376.3830000000001,4.909520000000005,70.67,2,4,0,True,True,False,0,,True,pool_225,Cc1ccc(-c2oc3cccc(O)c3c(=O)c2O)cc1Cc1ccc(F)cc1
318.275,4.117220000000002,70.67,2,4,0,True,True,True,0,,True,pool_226,Cc1cc(-c2oc3cccc(O)c3c(=O)c2O)ccc1C(F)F
381.3340000000001,4.870800000000002,83.56,2,5,0,True,True,False,0,,True,pool_227,O=c1c(O)c(-c2ccc(-c3cccnc3)c(C(F)F)c2)oc2cccc(O)c12
336.3870000000001,4.552200000000004,70.67,2,4,0,True,True,True,1,isolated_alkene,False,pool_228,C=CCc1ccc(-c2oc3cccc(O)c3c(=O)c2O)cc1CCC
310.34900000000005,3.996000000000003,70.67,2,4,0,True,True,True,0,,True,pool_229,CCc1ccc(-c2oc3cccc(O)c3c(=O)c2O)cc1CC
326.32300000000004,4.069200000000002,70.67,2,4,0,True,True,True,1,isolated_alkene,False,pool_230,C=CCc1ccc(-c2oc3cccc(O)c3c(=O)c2O)cc1CF
336.26500000000004,4.278300000000002,70.67,2,4,0,True,True,True,0,,True,pool_231,O=c1c(O)c(-c2ccc(CF)c(C(F)F)c2)oc2cccc(O)c12
362.303,4.618500000000004,70.67,2,4,0,True,True,True,1,isolated_alkene,False,pool_232,C=CCc1cc(-c2oc3cccc(O)c3c(=O)c2O)ccc1C(F)(F)F
372.42,5.490700000000006,70.67,2,4,1,True,True,False,0,,True,pool_233,CCCc1ccc(-c2oc3cccc(O)c3c(=O)c2O)cc1-c1ccccc1
394.37300000000005,5.784220000000005,70.67,2,4,1,True,True,False,0,,True,pool_234,Cc1ccc(-c2cc(-c3oc4cccc(O)c4c(=O)c3O)ccc2C(F)F)cc1
354.25500000000005,4.746400000000002,70.67,2,4,0,True,True,True,0,,True,pool_235,O=c1c(O)c(-c2ccc(C(F)F)c(C(F)F)c2)oc2cccc(O)c12
336.38700000000006,4.552200000000004,70.67,2,4,0,True,True,True,1,isolated_alkene,False,pool_236,C=C(C)Cc1ccc(-c2oc3cccc(O)c3c(=O)c2O)cc1CC
338.4030000000001,4.632100000000005,70.67,2,4,0,True,True,True,0,,True,pool_237,CCc1cc(-c2oc3cccc(O)c3c(=O)c2O)ccc1CC(C)C
344.313,4.537300000000003,70.67,2,4,0,True,True,True,1,isolated_alkene,False,pool_238,C=CCc1ccc(-c2oc3cccc(O)c3c(=O)c2O)cc1C(F)F
352.43000000000006,5.193100000000006,70.67,2,4,1,True,True,False,0,,True,pool_239,CC(C)Cc1ccc(-c2oc3cccc(O)c3c(=O)c2O)cc1C(C)C
322.36000000000007,4.162100000000003,70.67,2,4,0,True,True,True,1,isolated_alkene,False,pool_240,C=CCc1ccc(-c2oc3cccc(O)c3c(=O)c2O)cc1CC
352.43000000000006,5.3372000000000055,70.67,2,4,1,True,True,False,0,,True,pool_241,CCCCc1cc(-c2oc3cccc(O)c3c(=O)c2O)ccc1C(C)C
358.3930000000001,5.155040000000005,70.67,2,4,1,True,True,False,0,,True,pool_242,Cc1ccc(-c2cc(-c3oc4cccc(O)c4c(=O)c3O)ccc2C)cc1
358.3930000000001,5.155040000000005,70.67,2,4,1,True,True,False,0,,True,pool_243,Cc1cccc(-c2cc(-c3oc4cccc(O)c4c(=O)c3O)ccc2C)c1
387.43500000000006,5.0457000000000045,82.7,3,5,1,True,True,False,0,,True,pool_244,CCc1cc(-c2oc3cccc(O)c3c(=O)c2O)ccc1NCc1ccccc1
324.3760000000001,4.477120000000004,70.67,2,4,0,True,True,True,0,,True,pool_245,Cc1cc(-c2oc3cccc(O)c3c(=O)c2O)ccc1C(C)(C)C
376.38300000000004,5.239700000000005,70.67,2,4,1,True,True,False,0,,True,pool_246,CCc1cc(-c2oc3cccc(O)c3c(=O)c2O)ccc1-c1ccc(F)cc1
380.3460000000001,5.475800000000004,70.67,2,4,1,True,True,False,0,,True,pool_247,O=c1c(O)c(-c2ccc(C(F)F)c(-c3ccccc3)c2)oc2cccc(O)c12
400.4740000000001,6.189220000000006,70.67,2,4,1,True,True,False,0,,True,pool_248,CCCCc1cc(-c2oc3cccc(O)c3c(=O)c2O)ccc1-c1ccc(C)cc1
410.4690000000001,6.078520000000006,70.67,2,4,1,True,True,False,2,isolated_alkene;stilbene,False,pool_249,C=CCc1cc(-c2oc3cccc(O)c3c(=O)c2O)ccc1C=Cc1ccc(C)cc1
340.3750000000001,3.3585000000000043,90.9,3,5,0,True,True,False,0,,True,pool_250,CCCc1cc(-c2oc3cccc(O)c3c(=O)c2O)ccc1CCO
388.39400000000006,5.405800000000005,70.67,2,4,1,True,True,False,1,isolated_alkene,False,pool_251,C=CCc1ccc(-c2oc3cccc(O)c3c(=O)c2O)cc1-c1ccc(F)cc1
376.38300000000004,5.2397000000000045,70.67,2,4,1,True,True,False,0,,True,pool_252,CCc1ccc(-c2oc3cccc(O)c3c(=O)c2O)cc1-c1ccc(F)cc1
336.265,4.198420000000002,70.67,2,4,0,True,True,True,0,,True,pool_253,Cc1cc(-c2oc3cccc(O)c3c(=O)c2O)ccc1C(F)(F)F
424.42700000000013,6.344300000000005,70.67,2,4,1,True,True,False,0,,True,pool_254,O=c1c(O)c(-c2ccc(-c3ccc(F)cc3)c(-c3ccccc3)c2)oc2cccc(O)c12
324.3760000000001,4.378120000000004,70.67,2,4,0,True,True,True,0,,True,pool_255,Cc1cc(-c2oc3cccc(O)c3c(=O)c2O)ccc1CC(C)C
358.3930000000001,4.770420000000004,70.67,2,4,0,True,True,True,0,,True,pool_256,Cc1cc(-c2oc3cccc(O)c3c(=O)c2O)ccc1Cc1ccccc1
320.34400000000005,4.242700000000004,70.67,2,4,0,True,True,True,1,isolated_alkene,False,pool_257,C=CCc1cc(-c2oc3cccc(O)c3c(=O)c2O)ccc1C=C
346.32899999999995,4.761300000000004,70.67,2,4,0,True,True,True,0,,True,pool_258,CCCc1ccc(-c2oc3cccc(O)c3c(=O)c2O)cc1C(F)F
353.4180000000002,4.645600000000004,82.7,3,5,0,True,True,False,0,,True,pool_259,CCCNc1ccc(-c2oc3cccc(O)c3c(=O)c2O)cc1CCC
398.3360000000001,5.614900000000003,70.67,2,4,1,True,True,False,0,,True,pool_260,O=c1c(O)c(-c2ccc(-c3cccc(F)c3)c(C(F)F)c2)oc2cccc(O)c12
365.4290000000002,4.423900000000005,73.91,2,5,0,True,True,True,0,,True,pool_261,CCc1cc(-c2oc3cccc(O)c3c(=O)c2O)ccc1N1CCCCC1
326.32300000000004,4.069200000000003,70.67,2,4,0,True,True,True,1,isolated_alkene,False,pool_262,C=CCc1cc(-c2oc3cccc(O)c3c(=O)c2O)ccc1CF
380.3460000000001,5.475800000000003,70.67,2,4,1,True,True,False,0,,True,pool_263,O=c1c(O)c(-c2ccc(-c3ccccc3)c(C(F)F)c2)oc2cccc(O)c12
393.36100000000005,3.994100000000003,73.91,2,5,0,True,True,True,0,,True,pool_264,CN(C)CCc1ccc(-c2oc3cccc(O)c3c(=O)c2O)cc1C(F)(F)F
384.43100000000015,5.658440000000005,70.67,2,4,1,True,True,False,1,stilbene,False,pool_265,Cc1ccc(C=Cc2ccc(-c3oc4cccc(O)c4c(=O)c3O)cc2C)cc1
418.4930000000002,5.389000000000006,95.39,2,6,1,True,True,False,3,Oxygen-nitrogen_single_bond;imine_1;isolated_alkene,False,pool_266,C=CCc1cc(-c2oc3cccc(O)c3c(=O)c2O)ccc1CCC(C)=NN=C(C)C
371.38900000000007,3.986000000000003,115.12,2,6,0,True,True,False,2,Thiocarbonyl_group;imine_1,False,pool_267,O=c1c(O)c(-c2ccc(CCN=C=S)c(CF)c2)oc2cccc(O)c12
370.40400000000005,5.2667000000000055,70.67,2,4,1,True,True,False,1,isolated_alkene,False,pool_268,C=CCc1cc(-c2oc3cccc(O)c3c(=O)c2O)ccc1-c1ccccc1
398.4580000000001,5.912420000000006,70.67,2,4,1,True,True,False,1,stilbene,False,pool_269,CCc1cc(-c2oc3cccc(O)c3c(=O)c2O)ccc1C=Cc1ccc(C)cc1
372.4200000000001,5.024400000000005,70.67,2,4,1,True,True,False,0,,True,pool_270,CCc1cc(-c2oc3cccc(O)c3c(=O)c2O)ccc1Cc1ccccc1
373.408,4.604200000000004,73.91,2,5,0,True,True,False,0,,True,pool_271,CN(C)c1ccc(-c2oc3cccc(O)c3c(=O)c2O)cc1-c1ccccc1
376.38300000000004,5.239700000000005,70.67,2,4,1,True,True,False,0,,True,pool_272,CCc1cc(-c2oc3cccc(O)c3c(=O)c2O)ccc1-c1ccccc1F
426.3900000000001,5.675200000000004,70.67,2,4,1,True,True,False,0,,True,pool_273,O=c1c(O)c(-c2ccc(CCc3ccccc3)c(C(F)(F)F)c2)oc2cccc(O)c12
386.27200000000005,4.913600000000002,70.67,2,4,0,True,True,False,0,,True,pool_274,O=c1c(O)c(-c2ccc(C(F)F)c(CC(F)(F)F)c2)oc2cccc(O)c12
362.4250000000001,5.108400000000004,70.67,2,4,1,True,True,False,1,isolated_alkene,False,pool_275,C=CCc1cc(-c2oc3cccc(O)c3c(=O)c2O)ccc1CC=C(C)C
380.4440000000002,3.1854000000000022,77.14999999999999,2,6,0,True,True,True,0,,True,pool_276,CCc1cc(-c2oc3cccc(O)c3c(=O)c2O)ccc1N1CCN(C)CC1
409.3880000000001,5.420900000000003,82.7,3,5,1,True,True,False,0,,True,pool_277,O=c1c(O)c(-c2ccc(C(F)F)c(NCc3ccccc3)c2)oc2cccc(O)c12
385.41900000000004,5.136100000000005,82.7,3,5,1,True,True,False,1,isolated_alkene,False,pool_278,C=CCNc1cc(-c2oc3cccc(O)c3c(=O)c2O)ccc1-c1ccccc1
412.4410000000001,5.475700000000007,90.9,3,5,1,True,True,False,2,isolated_alkene;stilbene,False,pool_279,C=CCc1cc(-c2oc3cccc(O)c3c(=O)c2O)ccc1C=Cc1ccc(O)cc1
339.39100000000013,3.4958000000000027,96.69,3,5,0,True,True,False,0,,True,pool_280,CC(C)c1cc(-c2oc3cccc(O)c3c(=O)c2O)ccc1CCN
372.4200000000001,5.490700000000006,70.67,2,4,1,True,True,False,0,,True,pool_281,CCCc1cc(-c2oc3cccc(O)c3c(=O)c2O)ccc1-c1ccccc1
506.39800000000014,7.164700000000004,70.67,2,4,2,False,False,False,0,,True,pool_282,O=c1c(O)c(-c2ccc(C=CCc3ccc(C(F)(F)F)cc3)c(C(F)(F)F)c2)oc2cccc(O)c12
420.3470000000001,2.6917000000000018,147.43,4,6,0,True,False,False,3,Oxygen-nitrogen_single_bond;imine_1;imine_2,False,pool_283,NC(N)=NN=CCc1ccc(-c2oc3cccc(O)c3c(=O)c2O)cc1C(F)(F)F
367.40100000000007,3.3924000000000034,102.93,4,6,0,True,True,False,1,isolated_alkene,False,pool_284,C=CCc1cc(-c2oc3cccc(O)c3c(=O)c2O)ccc1NC(C)CO
358.34,4.927400000000003,70.67,2,4,0,True,True,False,1,isolated_alkene,False,pool_285,C=C(C)Cc1cc(-c2oc3cccc(O)c3c(=O)c2O)ccc1C(F)F
457.50100000000003,6.171000000000005,73.91,2,5,1,True,True,False,1,stilbene,False,pool_286,O=c1c(O)c(-c2ccc(N3CCCCC3)c(C=Cc3ccc(F)cc3)c2)oc2cccc(O)c12
363.4130000000002,4.199900000000004,73.91,2,5,0,True,True,True,1,isolated_alkene,False,pool_287,C=CCc1ccc(-c2oc3cccc(O)c3c(=O)c2O)cc1N1CCCC1
486.5670000000002,8.131800000000007,70.67,2,4,1,True,False,False,1,stilbene,False,pool_288,CCC=Cc1ccc(-c2cc(-c3oc4cccc(O)c4c(=O)c3O)ccc2C=Cc2ccccc2)cc1
346.32899999999995,4.932200000000004,70.67,2,4,0,True,True,False,0,,True,pool_289,CC(C)c1ccc(-c2oc3cccc(O)c3c(=O)c2O)cc1C(F)F
344.313,4.841900000000003,70.67,2,4,0,True,True,False,0,,True,pool_290,CC=Cc1ccc(-c2oc3cccc(O)c3c(=O)c2O)cc1C(F)F
388.2970000000001,5.150000000000003,83.81,2,5,1,True,True,False,0,,True,pool_291,O=c1c(O)c(-c2ccc(C(F)(F)F)c(-c3ccco3)c2)oc2cccc(O)c12
337.37500000000006,4.031500000000004,82.7,3,5,0,True,True,False,1,isolated_alkene,False,pool_292,C=CCNc1ccc(-c2oc3cccc(O)c3c(=O)c2O)cc1CC
392.4070000000002,3.871400000000004,96.97000000000001,2,6,0,True,True,False,1,isolated_alkene,False,pool_293,C=CCOC(=O)Cc1cc(-c2oc3cccc(O)c3c(=O)c2O)ccc1CC=C
361.3,2.8366000000000016,113.76,3,5,0,True,True,False,0,,True,pool_294,NC(=O)Cc1ccc(-c2oc3cccc(O)c3c(=O)c2O)cc1C(F)F
486.52300000000025,7.389000000000007,83.81,2,5,1,True,False,False,0,,True,pool_295,O=c1c(O)c(-c2ccc(-c3ccc(-c4ccco4)cc3)c(Cc3ccccc3)c2)oc2cccc(O)c12
308.3330000000001,4.076600000000003,70.67,2,4,0,True,True,True,0,,True,pool_296,C=Cc1cc(-c2oc3cccc(O)c3c(=O)c2O)ccc1CC
350.334,2.6137000000000015,125.13,3,7,0,True,True,False,0,,True,pool_297,CCc1cc(-c2oc3cccc(O)c3c(=O)c2O)ccc1-c1nnn[nH]1
412.36300000000006,5.480800000000005,70.67,2,4,1,True,True,False,0,,True,pool_298,O=c1c(O)c(-c2ccc(C(F)(F)F)c(Cc3ccccc3)c2)oc2cccc(O)c12
358.3930000000001,5.155040000000005,70.67,2,4,1,True,True,False,0,,True,pool_299,Cc1ccc(-c2ccc(-c3oc4cccc(O)c4c(=O)c3O)cc2C)cc1
384.43100000000004,5.827700000000005,70.67,2,4,1,True,True,False,1,isolated_alkene,False,pool_300,C=CC(C)c1ccc(-c2oc3cccc(O)c3c(=O)c2O)cc1-c1ccccc1
306.31700000000006,4.157200000000003,70.67,2,4,0,True,True,True,0,,True,pool_301,C=Cc1ccc(-c2oc3cccc(O)c3c(=O)c2O)cc1C=C
367.4010000000002,3.2702000000000035,83.14,2,6,0,True,True,False,0,,True,pool_302,CCc1cc(-c2oc3cccc(O)c3c(=O)c2O)ccc1N1CCOCC1
402.4020000000001,4.253700000000004,96.97000000000001,2,6,0,True,True,False,0,,True,pool_303,COC(=O)Cc1cc(-c2oc3cccc(O)c3c(=O)c2O)ccc1-c1ccccc1
384.4310000000001,5.190500000000005,70.67,2,4,1,True,True,False,1,isolated_alkene,False,pool_304,C=CCc1ccc(-c2oc3cccc(O)c3c(=O)c2O)cc1Cc1ccccc1
377.4400000000002,4.590000000000004,73.91,2,5,0,True,True,False,1,isolated_alkene,False,pool_305,C=CCc1ccc(-c2oc3cccc(O)c3c(=O)c2O)cc1N1CCCCC1
412.3630000000001,5.480800000000004,70.67,2,4,1,True,True,False,0,,True,pool_306,O=c1c(O)c(-c2ccc(Cc3ccccc3)c(C(F)(F)F)c2)oc2cccc(O)c12
354.25500000000005,4.359500000000002,70.67,2,4,0,True,True,True,0,,True,pool_307,O=c1c(O)c(-c2ccc(CF)c(C(F)(F)F)c2)oc2cccc(O)c12
367.4010000000001,3.658000000000003,91.93,3,6,0,True,True,False,2,Aliphatic_long_chain;isolated_alkene,False,pool_308,C=CCc1ccc(-c2oc3cccc(O)c3c(=O)c2O)cc1NCCOC
406.3840000000001,5.979200000000005,70.67,2,4,1,True,True,False,1,stilbene,False,pool_309,O=c1c(O)c(-c2ccc(C(F)F)c(C=Cc3ccccc3)c2)oc2cccc(O)c12
419.3830000000001,5.2712800000000035,94.46,2,5,1,True,True,False,0,,True,pool_310,N#Cc1ccc(Cc2ccc(-c3oc4cccc(O)c4c(=O)c3O)cc2C(F)F)cc1
404.384,5.622700000000004,70.67,2,4,1,True,True,False,0,,True,pool_311,O=c1c(O)c(-c2ccc(CC3CCCC3)c(C(F)(F)F)c2)oc2cccc(O)c12
398.458,6.165000000000007,70.67,2,4,1,True,True,False,1,stilbene,False,pool_312,CC(C)c1ccc(-c2oc3cccc(O)c3c(=O)c2O)cc1C=Cc1ccccc1
398.3360000000001,5.614900000000003,70.67,2,4,1,True,True,False,0,,True,pool_313,O=c1c(O)c(-c2ccc(-c3ccc(F)cc3)c(C(F)F)c2)oc2cccc(O)c12
437.39800000000014,4.639020000000003,99.77000000000001,3,5,0,True,True,False,0,,True,pool_314,Cc1ccc(-c2oc3cccc(O)c3c(=O)c2O)cc1CC(=O)Nc1ccc(F)cc1F
422.3580000000001,5.289800000000003,70.67,2,4,1,True,True,False,1,triple_bond,False,pool_315,O=c1c(O)c(-c2ccc(C#Cc3ccccc3)c(C(F)(F)F)c2)oc2cccc(O)c12
354.25500000000005,4.359500000000002,70.67,2,4,0,True,True,True,0,,True,pool_316,O=c1c(O)c(-c2ccc(C(F)(F)F)c(CF)c2)oc2cccc(O)c12
394.3730000000001,5.399600000000003,70.67,2,4,1,True,True,False,0,,True,pool_317,O=c1c(O)c(-c2ccc(Cc3ccccc3)c(C(F)F)c2)oc2cccc(O)c12
334.37100000000004,4.768920000000004,70.67,2,4,0,True,True,True,1,polyene,False,pool_318,C=C(C)C=Cc1cc(-c2oc3cccc(O)c3c(=O)c2O)ccc1C
330.286,4.451800000000003,70.67,2,4,0,True,True,True,0,,True,pool_319,C=Cc1cc(-c2oc3cccc(O)c3c(=O)c2O)ccc1C(F)F
435.47900000000016,6.150300000000004,82.7,3,5,1,True,True,False,0,,True,pool_320,O=c1c(O)c(-c2ccc(-c3ccccc3)c(NCc3ccccc3)c2)oc2cccc(O)c12
436.46300000000014,6.213800000000006,79.9,2,5,1,True,True,False,0,,True,pool_321,COc1ccc(-c2cc(-c3oc4cccc(O)c4c(=O)c3O)ccc2-c2ccccc2)cc1
391.345,4.490200000000003,73.91,2,5,0,True,True,False,0,,True,pool_322,O=c1c(O)c(-c2ccc(N3CCCC3)c(C(F)(F)F)c2)oc2cccc(O)c12
410.4690000000002,5.995200000000005,70.67,2,4,1,True,True,False,1,isolated_alkene,False,pool_323,C=CCc1ccccc1-c1ccc(-c2oc3cccc(O)c3c(=O)c2O)cc1CC=C
420.4640000000001,6.129000000000006,70.67,2,4,1,True,True,False,0,,True,pool_324,O=c1c(O)c(-c2ccc(Cc3ccccc3)c(-c3ccccc3)c2)oc2cccc(O)c12
320.34400000000005,4.242700000000003,70.67,2,4,0,True,True,True,1,isolated_alkene,False,pool_325,C=CCc1ccc(-c2oc3cccc(O)c3c(=O)c2O)cc1C=C
322.36,4.298220000000003,70.67,2,4,0,True,True,True,1,isolated_alkene,False,pool_326,C=C(C)Cc1ccc(-c2oc3cccc(O)c3c(=O)c2O)cc1C
306.317,3.3553200000000025,70.67,2,4,0,True,True,True,1,triple_bond,False,pool_327,C#CCc1ccc(-c2oc3cccc(O)c3c(=O)c2O)cc1C
356.37700000000007,5.181200000000005,70.67,2,4,1,True,True,False,0,,True,pool_328,C=Cc1cc(-c2oc3cccc(O)c3c(=O)c2O)ccc1-c1ccccc1
347.31699999999995,3.8748000000000022,73.91,2,5,0,True,True,True,0,,True,pool_329,CN(C)c1ccc(-c2oc3cccc(O)c3c(=O)c2O)cc1C(F)F
387.38200000000006,4.799100000000004,73.91,2,5,0,True,True,False,0,,True,pool_330,O=c1c(O)c(-c2ccc(C(F)F)c(N3CCCCC3)c2)oc2cccc(O)c12
450.4120000000001,6.7034000000000065,70.67,2,4,1,True,False,False,1,stilbene,False,pool_331,C=Cc1ccc(-c2oc3cccc(O)c3c(=O)c2O)cc1C=Cc1cccc(C(F)(F)F)c1
339.39100000000013,3.2837200000000033,73.91,2,5,0,True,True,True,0,,True,pool_332,Cc1ccc(-c2oc3cccc(O)c3c(=O)c2O)cc1CCN(C)C
405.3720000000001,4.880300000000004,73.91,2,5,0,True,True,False,0,,True,pool_333,O=c1c(O)c(-c2ccc(C(F)(F)F)c(N3CCCCC3)c2)oc2cccc(O)c12
358.3930000000001,4.770420000000004,70.67,2,4,0,True,True,True,0,,True,pool_334,Cc1ccc(-c2oc3cccc(O)c3c(=O)c2O)cc1Cc1ccccc1
294.30600000000004,3.8226200000000023,70.67,2,4,0,True,True,True,0,,True,pool_335,C=Cc1ccc(-c2oc3cccc(O)c3c(=O)c2O)cc1C
446.5020000000002,6.632400000000006,70.67,2,4,1,True,True,False,1,stilbene,False,pool_336,O=c1c(O)c(-c2ccc(Cc3ccccc3)c(C=Cc3ccccc3)c2)oc2cccc(O)c12
365.4290000000002,4.924220000000004,82.7,3,5,0,True,True,False,0,,True,pool_337,Cc1ccc(-c2oc3cccc(O)c3c(=O)c2O)cc1NC1CCCCC1
358.39300000000003,5.100600000000005,70.67,2,4,1,True,True,False,0,,True,pool_338,CCc1ccc(-c2oc3cccc(O)c3c(=O)c2O)cc1-c1ccccc1
444.38000000000005,6.258500000000006,70.67,2,4,1,True,True,False,0,,True,pool_339,CCc1ccc(-c2oc3cccc(O)c3c(=O)c2O)cc1-c1ccc(F)c(C(F)(F)F)c1
311.337,3.4753000000000025,82.7,3,5,0,True,True,False,0,,True,pool_340,CCc1ccc(-c2oc3cccc(O)c3c(=O)c2O)cc1NC
365.4290000000002,4.423900000000004,73.91,2,5,0,True,True,True,0,,True,pool_341,CCc1ccc(-c2oc3cccc(O)c3c(=O)c2O)cc1N1CCCCC1
348.276,4.533000000000003,70.67,2,4,0,True,True,True,0,,True,pool_342,C=Cc1cc(-c2oc3cccc(O)c3c(=O)c2O)ccc1C(F)(F)F
362.303,4.923100000000004,70.67,2,4,0,True,True,False,0,,True,pool_343,CC=Cc1ccc(-c2oc3cccc(O)c3c(=O)c2O)cc1C(F)(F)F
370.40400000000005,5.350020000000006,70.67,2,4,1,True,True,False,1,stilbene,False,pool_344,Cc1cc(-c2oc3cccc(O)c3c(=O)c2O)ccc1C=Cc1ccccc1
379.334,4.346100000000003,73.91,2,5,0,True,True,True,0,,True,pool_345,CCN(C)c1cc(-c2oc3cccc(O)c3c(=O)c2O)ccc1C(F)(F)F
346.3820000000001,4.798900000000003,70.67,2,4,0,True,True,False,2,isolated_alkene;polyene,False,pool_346,C=CC=Cc1cc(-c2oc3cccc(O)c3c(=O)c2O)ccc1CC=C
436.5070000000003,7.0518000000000045,70.67,2,4,1,True,False,False,0,,True,pool_347,O=c1c(O)c(-c2ccc(-c3ccccc3)c(C=CC3=CCCCC3)c2)oc2cccc(O)c12
423.415,5.981900000000005,82.7,3,5,1,True,True,False,0,,True,pool_348,CC(Nc1ccc(-c2oc3cccc(O)c3c(=O)c2O)cc1C(F)F)c1ccccc1
379.334,3.651900000000002,82.7,3,5,0,True,True,False,0,,True,pool_349,CNCCc1cc(-c2oc3cccc(O)c3c(=O)c2O)ccc1C(F)(F)F
412.36300000000006,5.865420000000006,70.67,2,4,1,True,True,False,0,,True,pool_350,Cc1cc(-c2oc3cccc(O)c3c(=O)c2O)ccc1-c1ccc(C(F)(F)F)cc1
396.44200000000006,5.770100000000006,70.67,2,4,1,True,True,False,2,isolated_alkene;stilbene,False,pool_351,C=CCc1ccc(-c2oc3cccc(O)c3c(=O)c2O)cc1C=Cc1ccccc1
350.41400000000016,4.942300000000004,70.67,2,4,0,True,True,False,1,isolated_alkene,False,pool_352,C=CCc1cc(-c2oc3cccc(O)c3c(=O)c2O)ccc1CCCC
416.3260000000001,5.696100000000003,70.67,2,4,1,True,True,False,0,,True,pool_353,O=c1c(O)c(-c2ccc(-c3ccccc3F)c(C(F)(F)F)c2)oc2cccc(O)c12
300.285,3.6491200000000026,70.67,2,4,0,True,True,True,0,,True,pool_354,Cc1ccc(-c2oc3cccc(O)c3c(=O)c2O)cc1CF
424.3740000000001,6.060400000000005,70.67,2,4,1,True,True,False,1,stilbene,False,pool_355,O=c1c(O)c(-c2ccc(C(F)(F)F)c(C=Cc3ccccc3)c2)oc2cccc(O)c12
406.3840000000001,5.979200000000004,70.67,2,4,1,True,True,False,1,stilbene,False,pool_356,O=c1c(O)c(-c2ccc(C=Cc3ccccc3)c(C(F)F)c2)oc2cccc(O)c12
297.31,3.0158000000000023,96.69,3,5,0,True,True,False,1,aniline,False,pool_357,CCc1ccc(-c2oc3cccc(O)c3c(=O)c2O)cc1N
362.35600000000005,4.985720000000004,70.67,2,4,0,True,True,False,0,,True,pool_358,Cc1cc(-c2oc3cccc(O)c3c(=O)c2O)ccc1-c1cccc(F)c1
464.5610000000002,7.563820000000009,70.67,2,4,1,True,False,False,2,isolated_alkene;stilbene,False,pool_359,C=C1CCCC(c2cc(-c3oc4cccc(O)c4c(=O)c3O)ccc2C=Cc2ccc(C)cc2)C1
442.55500000000035,6.4576000000000064,70.67,2,4,1,True,True,False,1,isolated_alkene,False,pool_360,C=CCc1cc(-c2oc3cccc(O)c3c(=O)c2O)ccc1C12CC3CCC(CC(C3)C1)C2
387.43500000000006,5.0457000000000045,82.7,3,5,1,True,True,False,0,,True,pool_361,CCc1ccc(-c2oc3cccc(O)c3c(=O)c2O)cc1NCc1ccccc1
300.285,3.6491200000000026,70.67,2,4,0,True,True,True,0,,True,pool_362,Cc1cc(-c2oc3cccc(O)c3c(=O)c2O)ccc1CF
394.37300000000005,5.784220000000005,70.67,2,4,1,True,True,False,0,,True,pool_363,Cc1ccc(-c2ccc(-c3oc4cccc(O)c4c(=O)c3O)cc2C(F)F)cc1
405.4940000000003,5.196120000000005,73.91,2,5,1,True,True,False,0,,True,pool_364,Cc1ccc(-c2oc3cccc(O)c3c(=O)c2O)cc1N1CCC2CCCCC2C1
352.39000000000016,2.589220000000001,85.94,3,6,0,True,True,False,0,,True,pool_365,Cc1ccc(-c2oc3cccc(O)c3c(=O)c2O)cc1N1CCNCC1
356.37700000000007,5.181200000000005,70.67,2,4,1,True,True,False,0,,True,pool_366,C=Cc1ccc(-c2oc3cccc(O)c3c(=O)c2O)cc1-c1ccccc1
396.44200000000006,5.7701000000000064,70.67,2,4,1,True,True,False,2,isolated_alkene;stilbene,False,pool_367,C=CCc1cc(-c2oc3cccc(O)c3c(=O)c2O)ccc1C=Cc1ccccc1
438.4540000000001,6.268100000000005,70.67,2,4,1,True,True,False,0,,True,pool_368,O=c1c(O)c(-c2ccc(-c3ccc(F)cc3)c(Cc3ccccc3)c2)oc2cccc(O)c12
386.44700000000006,5.414500000000006,70.67,2,4,1,True,True,False,0,,True,pool_369,CCCc1ccc(-c2oc3cccc(O)c3c(=O)c2O)cc1Cc1ccccc1
372.4200000000001,5.331420000000005,70.67,2,4,1,True,True,False,0,,True,pool_370,Cc1cc(-c2oc3cccc(O)c3c(=O)c2O)ccc1C(C)c1ccccc1
384.43100000000015,5.879720000000005,70.67,2,4,1,True,True,False,0,,True,pool_371,CC=Cc1ccc(-c2ccc(-c3oc4cccc(O)c4c(=O)c3O)cc2C)cc1
362.35600000000005,4.985720000000004,70.67,2,4,0,True,True,False,0,,True,pool_372,Cc1cc(-c2oc3cccc(O)c3c(=O)c2O)ccc1-c1ccc(F)cc1
378.81100000000004,5.500020000000005,70.67,2,4,1,True,True,False,0,,True,pool_373,Cc1cc(-c2oc3cccc(O)c3c(=O)c2O)ccc1-c1ccc(Cl)cc1
386.39400000000006,5.856500000000003,70.67,2,4,1,True,True,False,0,,True,pool_374,O=c1c(O)c(-c2ccc(C(F)F)c(C3CCCCC3)c2)oc2cccc(O)c12
314.31200000000007,3.691620000000003,70.67,2,4,0,True,True,True,0,,True,pool_375,Cc1cc(-c2oc3cccc(O)c3c(=O)c2O)ccc1CCF
416.3260000000001,5.696100000000003,70.67,2,4,1,True,True,False,0,,True,pool_376,O=c1c(O)c(-c2ccc(-c3cccc(F)c3)c(C(F)(F)F)c2)oc2cccc(O)c12
325.3640000000001,2.934800000000002,96.69,3,5,0,True,True,False,0,,True,pool_377,CCc1ccc(-c2oc3cccc(O)c3c(=O)c2O)cc1CCN
350.4140000000002,4.912320000000004,70.67,2,4,0,True,True,False,0,,True,pool_378,Cc1cc(-c2oc3cccc(O)c3c(=O)c2O)ccc1CC1CCCC1
382.4150000000001,5.684600000000006,70.67,2,4,1,True,True,False,1,stilbene,False,pool_379,C=Cc1cc(-c2oc3cccc(O)c3c(=O)c2O)ccc1C=Cc1ccccc1
312.296,4.1198200000000025,70.67,2,4,0,True,True,True,0,,True,pool_380,C=C(F)c1ccc(-c2oc3cccc(O)c3c(=O)c2O)cc1C
372.4200000000001,5.409020000000006,70.67,2,4,1,True,True,False,0,,True,pool_381,CCc1cc(-c2oc3cccc(O)c3c(=O)c2O)ccc1-c1cccc(C)c1
455.55400000000026,5.813200000000006,73.91,2,5,1,True,True,False,0,,True,pool_382,CCc1cc(-c2oc3cccc(O)c3c(=O)c2O)ccc1C1CCN(Cc2ccccc2)CC1
425.3430000000001,5.384000000000003,113.81,2,6,1,True,False,False,2,Oxygen-nitrogen_single_bond;nitro_group,False,pool_383,O=c1c(O)c(-c2ccc(-c3ccc([N+](=O)[O-])cc3)c(C(F)F)c2)oc2cccc(O)c12
386.4470000000001,5.218800000000005,70.67,2,4,1,True,True,False,0,,True,pool_384,CCc1cc(-c2oc3cccc(O)c3c(=O)c2O)ccc1CCc1ccccc1
324.33200000000005,3.3111200000000025,87.74,2,5,0,True,True,False,0,,True,pool_385,CC(=O)Cc1ccc(-c2oc3cccc(O)c3c(=O)c2O)cc1C
399.4460000000002,5.138400000000004,73.91,2,5,1,True,True,False,0,,True,pool_386,O=c1c(O)c(-c2ccc(-c3ccccc3)c(N3CCCC3)c2)oc2cccc(O)c12
337.37500000000017,3.7798200000000035,73.91,2,5,0,True,True,True,0,,True,pool_387,Cc1ccc(-c2oc3cccc(O)c3c(=O)c2O)cc1N1CCCC1
350.4140000000002,5.227320000000004,70.67,2,4,1,True,True,False,0,,True,pool_388,Cc1cc(-c2oc3cccc(O)c3c(=O)c2O)ccc1C1CCCCC1
372.42000000000013,4.964820000000005,70.67,2,4,0,True,True,False,0,,True,pool_389,Cc1cc(-c2oc3cccc(O)c3c(=O)c2O)ccc1CCc1ccccc1
372.42000000000013,4.964820000000005,70.67,2,4,0,True,True,False,0,,True,pool_390,Cc1ccc(-c2oc3cccc(O)c3c(=O)c2O)cc1CCc1ccccc1
384.4310000000001,5.658440000000005,70.67,2,4,1,True,True,False,1,stilbene,False,pool_391,Cc1ccc(C=Cc2cc(-c3oc4cccc(O)c4c(=O)c3O)ccc2C)cc1
386.4470000000001,5.4145000000000065,70.67,2,4,1,True,True,False,0,,True,pool_392,CCCc1cc(-c2oc3cccc(O)c3c(=O)c2O)ccc1Cc1ccccc1
412.48500000000024,6.270900000000004,70.67,2,4,1,True,True,False,0,,True,pool_393,O=c1c(O)c(-c2ccc(-c3ccccc3)c(CC3CCCC3)c2)oc2cccc(O)c12
338.33400000000006,4.539900000000004,70.67,2,4,0,True,True,True,1,isolated_alkene,False,pool_394,C=CCc1cc(-c2oc3cccc(O)c3c(=O)c2O)ccc1C(=C)F
364.44100000000026,5.302420000000004,70.67,2,4,1,True,True,False,0,,True,pool_395,Cc1cc(-c2oc3cccc(O)c3c(=O)c2O)ccc1CC1CCCCC1
386.44700000000006,5.835700000000005,70.67,2,4,1,True,True,False,0,,True,pool_396,CC(C)(C)c1ccc(-c2oc3cccc(O)c3c(=O)c2O)cc1-c1ccccc1
390.4600000000001,5.471920000000005,95.97,2,5,1,True,True,False,0,,True,pool_397,Cc1cc(-c2oc3cccc(O)c3c(=O)c2O)ccc1CSc1ccccc1
444.5020000000003,6.648800000000006,70.67,2,4,1,True,True,False,0,,True,pool_398,O=c1c(O)c(-c2ccc(Cc3ccc(F)cc3)c(C3CCCCC3)c2)oc2cccc(O)c12
312.29600000000005,3.9837000000000025,70.67,2,4,0,True,True,True,0,,True,pool_399,C=Cc1cc(-c2oc3cccc(O)c3c(=O)c2O)ccc1CF
438.4540000000001,6.268100000000006,70.67,2,4,1,True,True,False,0,,True,pool_400,O=c1c(O)c(-c2ccc(Cc3ccc(F)cc3)c(-c3ccccc3)c2)oc2cccc(O)c12
351.4020000000002,4.169920000000004,73.91,2,5,0,True,True,True,0,,True,pool_401,Cc1cc(-c2oc3cccc(O)c3c(=O)c2O)ccc1N1CCCCC1
408.4530000000001,6.253800000000006,70.67,2,4,1,True,True,False,0,,True,pool_402,CCc1cc(-c2oc3cccc(O)c3c(=O)c2O)ccc1-c1ccc2ccccc2c1
386.4470000000001,5.525820000000005,70.67,2,4,1,True,True,False,0,,True,pool_403,Cc1cc(-c2oc3cccc(O)c3c(=O)c2O)ccc1C(C)Cc1ccccc1
320.34400000000005,3.8050000000000033,70.67,2,4,0,True,True,True,1,triple_bond,False,pool_404,CC#Cc1ccc(-c2oc3cccc(O)c3c(=O)c2O)cc1CC
