receptor,ligand,n_seeds,best_raw,mean_top,sd_top,best_fad_free,fad_free_seed,fad_free_mode,top_mode_fad_atoms
2V5Z,cand_003,1,-11.146,-11.146,0.0,-11.146,11,1,0
2V5Z,isatin,1,-6.795,-6.795,0.0,-6.795,11,1,0
2V5Z,lazabemide,1,-6.42,-6.42,0.0,-6.42,11,1,0
2V5Z,rasagiline,1,-7.614,-7.614,0.0,-7.566,11,2,3
2V5Z,safinamide,1,-9.655,-9.655,0.0,-9.302,11,6,3
2V5Z,selegiline,1,-7.364,-7.364,0.0,-6.928,11,7,3
2Z5X,cand_003,1,-11.381,-11.381,0.0,-8.773,11,6,7
2Z5X,clorgyline,1,-7.69,-7.69,0.0,-7.69,11,1,0
2Z5X,harmine,1,-8.66,-8.66,0.0,-8.001,11,7,1
2Z5X,kaempferol,1,-9.621,-9.621,0.0,-8.617,11,5,5
2Z5X,quercetin,1,-9.786,-9.786,0.0,-8.025,11,8,5
7JXX,9IV,1,-8.767,-8.767,0.0,-8.767,11,1,
7JXX,DTQ,1,-7.239,-7.239,0.0,-7.239,11,1,
7JXX,VP7,1,-8.687,-8.687,0.0,-8.687,11,1,
7JXX,cand_003,1,-8.494,-8.494,0.0,-8.494,11,1,
7Q8Y,9IV,1,-9.328,-9.328,0.0,-9.328,11,1,
7Q8Y,cand_003,1,-9.86,-9.86,0.0,-9.86,11,1,
