ligand,TTBK1,TTBK2,margin_TTBK1_vs_TTBK2,favorable,margin_MAO-B_vs_MAO-A,margin_TTBK1(7Q8V)_vs_TTBK2,shortlist
cand_001,-8.793333333333335,-9.699666666666667,0.9063333333333325,False,-2.933666666666668,0.8530000000000015,False
cand_002,-8.801333333333334,-9.431666666666667,0.6303333333333327,False,-2.975999999999998,0.8716666666666661,True
cand_003,-8.385,-8.084666666666665,-0.30033333333333445,True,-3.2079999999999984,-0.3180000000000014,True
cand_004,-8.257,-8.179666666666668,-0.07733333333333192,True,-3.6706666666666647,-0.2216666666666658,True
cand_005,-8.347999999999999,-8.135,-0.2129999999999992,True,-4.047000000000001,-0.37966666666666704,True
cand_006,-8.104666666666667,-8.421999999999999,0.31733333333333213,False,-5.124333333333332,0.5286666666666653,False
cand_007,-8.026666666666667,-8.033333333333333,0.0066666666666659324,False,-3.007666666666667,-0.11800000000000033,False
cand_008,-8.288,-8.391,0.10299999999999976,False,-2.9719999999999995,0.24466666666666725,True
cand_009,-7.395333333333333,-8.271333333333333,0.8759999999999994,False,-3.942666666666665,0.3176666666666659,False
cand_010,-8.410666666666666,-8.359,-0.05166666666666586,True,-3.2190000000000003,-0.18599999999999994,False
cand_011,-8.582333333333333,-8.428333333333333,-0.15399999999999991,True,-3.104666666666666,-0.2646666666666668,True
cand_012,-8.036,-7.403666666666666,-0.6323333333333334,True,-5.046,-0.5253333333333332,False
cand_013,-8.825666666666667,-8.324666666666667,-0.5009999999999994,True,-10.784933333333331,0.04933333333333323,True
cand_014,-8.065333333333333,-8.311666666666666,0.2463333333333324,False,-3.483999999999999,-0.12033333333333474,False
cand_015,-7.979666666666667,-7.942333333333333,-0.03733333333333366,True,-2.823333333333334,0.23799999999999955,True
cand_016,-8.102333333333332,-8.010333333333334,-0.09199999999999875,True,-2.349,0.017999999999999794,True
cand_017,-7.739333333333334,-8.122,0.38266666666666627,False,-3.1979999999999986,0.014333333333333087,False
cand_018,-7.263000000000001,-8.304333333333334,1.0413333333333332,False,-3.8790000000000004,0.20233333333333547,False
cand_019,-7.935333333333333,-8.190666666666667,0.25533333333333363,False,-2.849333333333332,0.03133333333333255,False
cand_020,-8.111333333333333,-8.248,0.13666666666666671,False,-5.809000000000001,-0.1479999999999997,False
cand_021,-8.013333333333334,-8.131666666666666,0.11833333333333229,False,-3.352666666666665,0.0259999999999998,False
cand_022,-7.342666666666666,-8.128333333333332,0.7856666666666658,False,-2.775666666666667,0.08733333333333348,False
cand_023,-8.043999999999999,-8.275666666666666,0.23166666666666735,False,-8.48633333333333,0.39566666666666617,True
cand_024,-7.955333333333333,-8.400666666666666,0.44533333333333314,False,-3.3613333333333317,0.7289999999999992,False
cand_025,-7.990333333333333,-7.976333333333334,-0.013999999999999346,True,-9.826533333333332,-0.07899999999999796,False
cand_026,-7.55,-7.785666666666667,0.2356666666666669,False,-3.509333333333335,-0.04300000000000015,False
cand_027,-7.688,-7.625,-0.06299999999999972,True,-4.515,-0.44233333333333213,False
cand_028,-7.474333333333334,-8.007,0.5326666666666657,False,-2.9716666666666667,0.04800000000000004,False
cand_029,-7.9863333333333335,-7.873666666666666,-0.11266666666666758,True,-7.740333333333332,-0.11900000000000155,False
cand_030,-8.382,-8.199666666666666,-0.18233333333333412,True,-2.7283333333333335,0.29433333333333156,True
cand_031,-7.751,-8.036,0.28499999999999925,False,-2.968333333333333,0.07200000000000006,False
cand_032,-7.295000000000001,-7.616333333333333,0.3213333333333326,False,-5.736000000000001,-0.04033333333333289,False
cand_033,-7.433,-8.064333333333332,0.6313333333333322,False,-2.9429999999999996,0.18566666666666531,False
cand_034,-7.635000000000001,-7.824000000000001,0.18900000000000006,False,-3.7476666666666665,-0.15466666666666562,False
cand_035,-7.740666666666667,-7.960333333333334,0.2196666666666669,False,-3.141666666666665,0.07833333333333314,False
cand_036,-7.706333333333333,-7.904,0.19766666666666666,False,-2.2680000000000007,-0.07933333333333348,False
cand_037,-7.694,-7.824333333333333,0.13033333333333275,False,-2.259666666666666,0.0086666666666666,False
cand_038,-7.694333333333334,-7.660333333333333,-0.034000000000000696,True,-6.039666666666668,-0.24233333333333285,False
cand_039,-7.922,-7.950333333333333,0.02833333333333332,False,-3.3199999999999994,0.13133333333333308,False
cand_040,-8.100999999999999,-7.840333333333334,-0.2606666666666655,True,-2.2176666666666662,0.19333333333333425,False
cand_041,-7.229666666666667,-8.202666666666666,0.972999999999999,False,-3.2410000000000014,0.3756666666666648,False
cand_042,-8.075666666666669,-7.8260000000000005,-0.24966666666666804,True,-2.231,0.044666666666667076,False
cand_043,-7.712666666666666,-7.260333333333333,-0.4523333333333337,True,-5.707333333333335,-0.6460000000000008,True
cand_044,-8.295,-8.064333333333332,-0.2306666666666679,True,-2.958333333333333,0.32333333333333236,True
cand_045,-7.631333333333333,-7.868333333333333,0.2370000000000001,False,-2.317333333333334,-0.00833333333333286,False
cand_046,-8.186666666666666,-7.945,-0.24166666666666536,True,-3.779,0.3756666666666675,False
cand_047,-7.958333333333333,-7.679333333333333,-0.2789999999999999,True,-2.5559999999999974,0.27566666666666695,False
cand_048,-8.130666666666666,-7.995333333333334,-0.13533333333333264,True,-3.7603333333333335,0.3186666666666671,False
cand_049,-7.626666666666666,-8.003666666666668,0.37700000000000156,False,-3.517666666666668,0.07400000000000073,False
cand_050,-8.709999999999999,-8.382666666666667,-0.3273333333333319,True,-2.9766666666666666,0.19599999999999973,True
cand_051,-7.632000000000001,-7.898666666666666,0.2666666666666657,False,-3.3196666666666674,-0.13566666666666816,False
cand_052,-8.289666666666667,-7.980333333333333,-0.3093333333333339,True,-1.7966666666666669,0.42666666666666586,False
cand_053,-7.876333333333332,-7.858999999999999,-0.0173333333333332,True,-3.0919999999999996,0.3396666666666661,False
cand_054,-6.957666666666667,-7.8919999999999995,0.9343333333333321,False,-5.102666666666667,0.5183333333333318,False
cand_055,-8.440666666666667,-7.7426666666666675,-0.6979999999999995,True,-2.1833333333333336,0.20433333333333348,True
cand_056,-8.229333333333335,-8.614666666666666,0.38533333333333175,False,-6.762333333333333,0.8096666666666668,False
