receptor,target,ligand,score_vina,sd_vina,n_vina,score_vinardo,sd_vinardo,n_vinardo,rank_vina,rank_vinardo
7JXXdry,TTBK1,cand_001,-8.793333333333335,0.020502032419575766,3,-7.038,0.0,3,3,2
7JXXdry,TTBK1,cand_002,-8.801333333333334,0.01464012750399855,3,-7.7156666666666665,0.002081665999465886,3,2,1
7JXXdry,TTBK1,cand_003,-8.385,0.019999999999999574,3,-6.316,0.0019999999999997797,3,8,12
7JXXdry,TTBK1,cand_004,-8.257,0.008717797887081406,3,-6.155,0.0266645832519461,3,14,25
7JXXdry,TTBK1,cand_005,-8.347999999999999,0.006244997998398813,3,-6.423666666666667,0.004509249752823087,3,10,7
7JXXdry,TTBK1,cand_006,-8.104666666666667,0.019295940851208098,3,-6.098,0.0026457513110640474,3,19,28
7JXXdry,TTBK1,cand_007,-8.026666666666667,0.2942113752616194,3,-6.262333333333333,0.015143755588800743,3,26,15
7JXXdry,TTBK1,cand_008,-8.288,0.035594943461115656,3,-6.047,0.001000000000000112,3,13,31
7JXXdry,TTBK1,cand_009,-7.395333333333333,0.007637626158260055,3,-6.153666666666666,0.002081665999465939,3,51,26
7JXXdry,TTBK1,cand_010,-8.410666666666666,0.09707900562600218,3,-5.982333333333333,0.002081665999465868,3,7,36
7JXXdry,TTBK1,cand_011,-8.582333333333333,0.009073771725878295,3,-6.0296666666666665,0.0005773502691896904,3,5,34
7JXXdry,TTBK1,cand_012,-8.036,0.006244997998397604,3,-5.021666666666667,0.0025166114784237912,3,25,55
7JXXdry,TTBK1,cand_013,-8.825666666666667,0.004618802153516497,3,-5.483666666666667,0.0015275252316519238,3,1,49
7JXXdry,TTBK1,cand_014,-8.065333333333333,0.009712534856223223,3,-6.1610000000000005,0.0017320508075688147,3,23,24
7JXXdry,TTBK1,cand_015,-7.979666666666667,0.0049328828623158094,3,-6.247333333333334,0.0032145502536641253,3,30,17
7JXXdry,TTBK1,cand_016,-8.102333333333332,0.005033222956847288,3,-6.161333333333334,0.0020816659994663303,3,20,23
7JXXdry,TTBK1,cand_017,-7.739333333333334,0.004041451884327255,3,-5.966333333333334,0.0028867513459476827,3,38,38
7JXXdry,TTBK1,cand_018,-7.263000000000001,0.003605551275464516,3,-5.4046666666666665,0.0005773502691896904,3,54,52
7JXXdry,TTBK1,cand_019,-7.935333333333333,0.05404936015655839,3,-5.9446666666666665,0.011930353445449016,3,33,40
7JXXdry,TTBK1,cand_020,-8.111333333333333,0.00757187779440041,3,-6.428,0.0034641016151376294,3,18,6
7JXXdry,TTBK1,cand_021,-8.013333333333334,0.005131601439446261,3,-6.0553333333333335,0.061207298039803425,3,27,30
7JXXdry,TTBK1,cand_022,-7.342666666666666,0.012662279942148568,3,-6.036333333333334,0.010066445913694341,3,52,32
7JXXdry,TTBK1,cand_023,-8.043999999999999,0.006244997998398386,3,-5.894000000000001,0.0030000000000001137,3,24,43
7JXXdry,TTBK1,cand_024,-7.955333333333333,0.004163331998932216,3,-6.368666666666667,0.0073711147958313425,3,32,9
7JXXdry,TTBK1,cand_025,-7.990333333333333,0.015307950004273456,3,-5.276666666666666,0.08303212229813987,3,28,53
7JXXdry,TTBK1,cand_026,-7.55,0.0039999999999998925,3,-6.224,0.024879710609249626,3,48,19
7JXXdry,TTBK1,cand_027,-7.688,0.26675269445687005,3,-5.992333333333334,0.001154700538379573,3,43,35
7JXXdry,TTBK1,cand_028,-7.474333333333334,0.03178574103797697,3,-5.962666666666666,0.012897028081435554,3,49,39
7JXXdry,TTBK1,cand_029,-7.9863333333333335,0.01457166199626353,3,-5.740666666666667,0.0037859388972001176,3,29,47
7JXXdry,TTBK1,cand_030,-8.382,0.013076696830622516,3,-6.230333333333333,0.0011547005383792525,3,9,18
7JXXdry,TTBK1,cand_031,-7.751,0.01907878402833894,3,-6.209,0.0017320508075688147,3,36,20
7JXXdry,TTBK1,cand_032,-7.295000000000001,0.23451865597431695,3,-5.436666666666667,0.007234178138070262,3,53,51
7JXXdry,TTBK1,cand_033,-7.433,0.22426100864840465,3,-6.1306666666666665,0.006658328118479593,3,50,27
7JXXdry,TTBK1,cand_034,-7.635000000000001,0.014525839046334017,3,-4.989666666666667,0.10450518328453094,3,44,56
7JXXdry,TTBK1,cand_035,-7.740666666666667,0.027501515109777927,3,-5.835333333333334,0.002081665999466099,3,37,44
7JXXdry,TTBK1,cand_036,-7.706333333333333,0.011060440015358147,3,-6.03,0.0,3,40,33
7JXXdry,TTBK1,cand_037,-7.694,0.03675595189897836,3,-5.807666666666667,0.0020816659994661525,3,42,45
7JXXdry,TTBK1,cand_038,-7.694333333333334,0.06693529213601232,3,-5.5186666666666655,0.004041451884327375,3,41,48
7JXXdry,TTBK1,cand_039,-7.922,0.02455605831561736,3,-5.943666666666666,0.002081665999465939,3,34,41
7JXXdry,TTBK1,cand_040,-8.100999999999999,0.03117691453623982,3,-6.319,0.0,3,21,11
7JXXdry,TTBK1,cand_041,-7.229666666666667,0.0081445278152471,3,-5.796666666666667,0.0035118845842840598,3,55,46
7JXXdry,TTBK1,cand_042,-8.075666666666669,0.020256686138983893,3,-6.309666666666666,0.0005773502691892417,3,22,13
7JXXdry,TTBK1,cand_043,-7.712666666666666,0.013796134724382866,3,-5.917999999999999,0.0039999999999996705,3,39,42
7JXXdry,TTBK1,cand_044,-8.295,0.8080365090761678,3,-6.363666666666667,0.012220201853215753,3,11,10
7JXXdry,TTBK1,cand_045,-7.631333333333333,0.025026652459594647,3,-5.977,0.0010000000000000009,3,46,37
7JXXdry,TTBK1,cand_046,-8.186666666666666,0.0049328828623172345,3,-6.257666666666666,0.001154700538379573,3,16,16
7JXXdry,TTBK1,cand_047,-7.958333333333333,0.03156474826976023,3,-6.089666666666666,0.005686240703077657,3,31,29
7JXXdry,TTBK1,cand_048,-8.130666666666666,0.03785938897200165,3,-6.185333333333333,0.15177066031790662,3,17,21
7JXXdry,TTBK1,cand_049,-7.626666666666666,0.02173323108360367,3,-6.518000000000001,0.0009999999999997788,3,47,4
7JXXdry,TTBK1,cand_050,-8.709999999999999,0.007211102550927431,3,-6.38,0.0039999999999996705,3,4,8
7JXXdry,TTBK1,cand_051,-7.632000000000001,0.04951767361255991,3,-6.28,0.0030000000000001137,3,45,14
7JXXdry,TTBK1,cand_052,-8.289666666666667,0.022368132093077114,3,-6.724333333333334,0.003214550253664183,3,12,3
7JXXdry,TTBK1,cand_053,-7.876333333333332,0.7086976318101624,3,-6.166999999999999,0.03858756276314946,3,35,22
7JXXdry,TTBK1,cand_054,-6.957666666666667,0.1837643418439321,3,-5.079666666666667,0.003511884584284871,3,56,54
7JXXdry,TTBK1,cand_055,-8.440666666666667,0.008082903768654127,3,-6.510666666666666,0.0030550504633036052,3,6,5
7JXXdry,TTBK1,cand_056,-8.229333333333335,0.0020816659994655836,3,-5.475333333333334,0.005507570547285899,3,15,50
2V5Zdry,MAO-B,cand_001,-10.316666666666668,0.005773502691896135,3,-9.421,0.002645751311064551,3,49,1
2V5Zdry,MAO-B,cand_002,-10.503333333333332,0.015275252316519432,3,-7.452000000000001,0.012288205727444492,3,41,46
2V5Zdry,MAO-B,cand_003,-11.423333333333332,0.0057735026918960064,3,-8.605333333333334,0.0025166114784248355,3,2,10
2V5Zdry,MAO-B,cand_004,-11.116666666666665,0.0057735026918960064,3,-8.146666666666667,0.0035118845842838386,3,10,35
2V5Zdry,MAO-B,cand_005,-11.116666666666667,0.041633319989322765,3,-8.467333333333334,0.003511884584284239,3,9,16
2V5Zdry,MAO-B,cand_006,-10.613333333333332,0.011547005383792526,3,-7.713,0.002645751311064383,3,36,43
2V5Zdry,MAO-B,cand_007,-11.06,0.009999999999999787,3,-8.153333333333334,0.014189197769194927,3,11,34
2V5Zdry,MAO-B,cand_008,-11.033333333333331,0.0057735026918960064,3,-8.410666666666666,0.0030550504633038962,3,13,20
2V5Zdry,MAO-B,cand_009,-10.433333333333332,0.0057735026918953655,3,-8.593666666666666,0.0011547005383793808,3,44,11
2V5Zdry,MAO-B,cand_010,-10.696666666666667,0.011547005383792525,3,-8.47,0.0034641016151376294,3,30,15
2V5Zdry,MAO-B,cand_011,-10.799999999999999,0.03464101615137796,3,-8.629,0.0,3,23,8
2V5Zdry,MAO-B,cand_012,-10.353333333333333,0.0057735026918960064,3,-7.024,0.0,3,46,53
2V5Zdry,MAO-B,cand_013,-11.276666666666666,0.023094010767584668,3,-7.5986666666666665,0.004041451884327613,3,5,45
2V5Zdry,MAO-B,cand_014,-10.866666666666665,0.005773502691895878,3,-8.346666666666666,0.0005773502691899467,3,17,25
2V5Zdry,MAO-B,cand_015,-11.186666666666667,0.0057735026918960064,3,-8.666,0.0,3,8,7
2V5Zdry,MAO-B,cand_016,-11.03,0.0,3,-8.431666666666667,0.0035118845842838386,3,14,17
2V5Zdry,MAO-B,cand_017,-10.799999999999999,0.02000000000000135,3,-8.184666666666667,0.005131601439447127,3,23,32
2V5Zdry,MAO-B,cand_018,-10.746666666666668,0.02516611478423597,3,-8.002333333333334,0.0005773502691891776,3,28,38
2V5Zdry,MAO-B,cand_019,-10.62,0.020000000000000684,3,-8.237333333333334,0.0028867513459483237,3,35,29
2V5Zdry,MAO-B,cand_020,-9.658666666666667,0.00723417813807038,3,-6.213,0.0020000000000000018,3,55,55
2V5Zdry,MAO-B,cand_021,-10.839999999999998,0.009999999999999787,3,-8.233666666666666,0.0005773502691890494,3,19,30
2V5Zdry,MAO-B,cand_022,-10.007333333333333,0.014189197769194885,3,-8.187333333333333,0.001154700538378868,3,51,31
2V5Zdry,MAO-B,cand_023,-11.339999999999998,0.0,3,-7.104666666666667,0.0015275252316520691,3,4,51
2V5Zdry,MAO-B,cand_024,-10.516666666666666,0.015275252316518802,3,-7.435,0.008717797887081762,3,40,49
2V5Zdry,MAO-B,cand_025,-10.596666666666666,0.03055050463303901,3,-7.102333333333334,0.0030550504633038234,3,37,52
2V5Zdry,MAO-B,cand_026,-11.403333333333334,0.03214550253664167,3,-9.016,0.0026457513110653063,3,3,2
2V5Zdry,MAO-B,cand_027,-10.29,0.0,3,-7.862333333333333,0.001154700538379573,3,50,42
2V5Zdry,MAO-B,cand_028,-10.693333333333333,0.005773502691896776,3,-8.296333333333333,0.0005773502691903314,3,31,27
2V5Zdry,MAO-B,cand_029,-11.043333333333331,0.00577350269189716,3,-7.6386666666666665,0.024846193538112193,3,12,44
2V5Zdry,MAO-B,cand_030,-10.763333333333334,0.005773502691895878,3,-8.431333333333333,0.003214550253663734,3,27,18
2V5Zdry,MAO-B,cand_031,-10.766666666666666,0.0057735026918953655,3,-8.346666666666666,0.017672954855749098,3,26,25
2V5Zdry,MAO-B,cand_032,-9.680333333333333,0.06908207678792909,3,-6.802666666666667,0.06208327740489654,3,54,54
2V5Zdry,MAO-B,cand_033,-10.353333333333333,0.005773502691895878,3,-7.913333333333334,0.0055075705472859855,3,46,41
2V5Zdry,MAO-B,cand_034,-10.336666666666666,0.02516611478423565,3,-7.152,0.0020000000000000018,3,48,50
2V5Zdry,MAO-B,cand_035,-10.503333333333332,0.005773502691895878,3,-8.026000000000002,0.15848343762046604,3,41,36
2V5Zdry,MAO-B,cand_036,-10.693333333333333,0.005773502691895878,3,-8.359,0.0,3,31,23
2V5Zdry,MAO-B,cand_037,-10.576666666666666,0.005773502691896776,3,-7.998666666666666,0.0005773502691892417,3,38,39
2V5Zdry,MAO-B,cand_038,-11.21,0.010000000000000231,3,-8.259,0.0030000000000001137,3,7,28
2V5Zdry,MAO-B,cand_039,-10.666666666666666,0.0057735026918960064,3,-8.013666666666666,0.0005773502691893057,3,34,37
2V5Zdry,MAO-B,cand_040,-10.87,0.0,3,-8.725333333333333,0.00251661147842313,3,15,5
2V5Zdry,MAO-B,cand_041,-9.883000000000001,0.005567764362830525,3,-7.442333333333333,0.0030550504633038234,3,53,48
2V5Zdry,MAO-B,cand_042,-10.836666666666666,0.005773502691896135,3,-8.668666666666667,0.0005773502691903314,3,20,6
2V5Zdry,MAO-B,cand_043,-11.636666666666668,0.0057735026918953655,3,-8.853666666666667,0.002886751345947298,3,1,4
2V5Zdry,MAO-B,cand_044,-10.87,0.010000000000001341,3,-8.379,0.004358898943540398,3,15,22
2V5Zdry,MAO-B,cand_045,-10.393333333333333,0.005773502691896135,3,-7.997666666666667,0.0005773502691898186,3,45,40
2V5Zdry,MAO-B,cand_046,-10.546666666666667,0.00577350269189716,3,-8.347333333333333,0.002309401076758505,3,39,24
2V5Zdry,MAO-B,cand_047,-10.683333333333332,0.005773502691895878,3,-8.532333333333334,0.004041451884326862,3,33,12
2V5Zdry,MAO-B,cand_048,-10.83,0.0,3,-8.182,0.0945568612000214,3,21,33
2V5Zdry,MAO-B,cand_049,-10.700000000000001,0.0458257569495583,3,-8.509666666666666,0.002309401076758505,3,29,14
2V5Zdry,MAO-B,cand_050,-10.796666666666667,0.00577350269189716,3,-8.420666666666667,0.0030550504633030727,3,25,19
2V5Zdry,MAO-B,cand_051,-11.26,0.0,3,-8.945666666666666,0.004041451884326862,3,6,3
2V5Zdry,MAO-B,cand_052,-10.49,0.0,3,-8.386666666666667,0.004509249752823054,3,43,21
2V5Zdry,MAO-B,cand_053,-10.823333333333332,0.011547005383792141,3,-8.524333333333333,0.005507570547285429,3,22,13
2V5Zdry,MAO-B,cand_054,-9.888666666666667,0.03682843104631698,3,-7.446666666666666,0.003511884584284281,3,52,47
2V5Zdry,MAO-B,cand_055,-10.85,0.0,3,-8.616999999999999,0.002000000000000668,3,18,9
2V5Zdry,MAO-B,cand_056,-8.720666666666666,0.01504437879519581,3,-4.553666666666667,0.009865765724632856,3,56,56
