receptor,ligand,mode,affinity_kcal_mol
2V5Z,isatin,1,-6.795
2V5Z,isatin,2,-6.777
2V5Z,isatin,3,-6.774
2V5Z,isatin,4,-6.746
2V5Z,isatin,5,-6.585
2V5Z,isatin,6,-6.566
2V5Z,isatin,7,-6.525
2V5Z,isatin,8,-6.509
2V5Z,isatin,9,-6.325
2V5Z,lazabemide,1,-6.42
2V5Z,lazabemide,2,-6.261
2V5Z,lazabemide,3,-6.234
2V5Z,lazabemide,4,-6.107
2V5Z,lazabemide,5,-6.104
2V5Z,lazabemide,6,-6.08
2V5Z,lazabemide,7,-6.03
2V5Z,lazabemide,8,-5.986
2V5Z,lazabemide,9,-5.967
2V5Z,rasagiline,1,-7.614
2V5Z,rasagiline,2,-7.566
2V5Z,rasagiline,3,-7.466
2V5Z,rasagiline,4,-7.432
2V5Z,rasagiline,5,-7.222
2V5Z,rasagiline,6,-7.172
2V5Z,rasagiline,7,-7.091
2V5Z,rasagiline,8,-7.049
2V5Z,safinamide,1,-9.655
2V5Z,safinamide,2,-9.649
2V5Z,safinamide,3,-9.624
2V5Z,safinamide,4,-9.497
2V5Z,safinamide,5,-9.312
2V5Z,safinamide,6,-9.302
2V5Z,safinamide,7,-9.302
2V5Z,safinamide,8,-9.241
2V5Z,safinamide,9,-8.971
2V5Z,selegiline,1,-7.364
2V5Z,selegiline,2,-7.344
2V5Z,selegiline,3,-7.133
2V5Z,selegiline,4,-7.117
2V5Z,selegiline,5,-7.104
2V5Z,selegiline,6,-6.937
2V5Z,selegiline,7,-6.928
2V5Z,selegiline,8,-6.872
2V5Z,selegiline,9,-6.767
2Z5X,clorgyline,1,-7.69
2Z5X,clorgyline,2,-7.659
2Z5X,clorgyline,3,-7.51
2Z5X,clorgyline,4,-7.413
2Z5X,clorgyline,5,-7.376
2Z5X,clorgyline,6,-7.361
2Z5X,clorgyline,7,-7.227
2Z5X,clorgyline,8,-7.151
2Z5X,clorgyline,9,-6.937
2Z5X,harmine,1,-8.66
2Z5X,harmine,2,-8.645
2Z5X,harmine,3,-8.429
2Z5X,harmine,4,-8.24
2Z5X,harmine,5,-8.208
2Z5X,harmine,6,-8.191
2Z5X,harmine,7,-8.001
2Z5X,harmine,8,-7.801
2Z5X,harmine,9,-7.454
2Z5X,kaempferol,1,-9.621
2Z5X,kaempferol,2,-8.85
2Z5X,kaempferol,3,-8.648
2Z5X,kaempferol,4,-8.625
2Z5X,kaempferol,5,-8.617
2Z5X,kaempferol,6,-8.557
2Z5X,kaempferol,7,-8.254
2Z5X,kaempferol,8,-8.21
2Z5X,kaempferol,9,-7.221
2Z5X,quercetin,1,-9.786
2Z5X,quercetin,2,-8.81
2Z5X,quercetin,3,-8.778
2Z5X,quercetin,4,-8.762
2Z5X,quercetin,5,-8.43
2Z5X,quercetin,6,-8.215
2Z5X,quercetin,7,-8.082
2Z5X,quercetin,8,-8.025
2Z5X,quercetin,9,-8.025
7JXX,9IV,1,-8.767
7JXX,9IV,2,-8.574
7JXX,9IV,3,-8.379
7JXX,9IV,4,-8.308
7JXX,9IV,5,-8.115
7JXX,9IV,6,-8.009
7JXX,9IV,7,-7.785
7JXX,9IV,8,-7.702
7JXX,9IV,9,-7.51
7JXX,DTQ,1,-7.239
7JXX,DTQ,2,-6.907
7JXX,DTQ,3,-6.757
7JXX,DTQ,4,-6.745
7JXX,DTQ,5,-6.714
7JXX,DTQ,6,-6.69
7JXX,DTQ,7,-6.688
7JXX,DTQ,8,-6.628
7JXX,DTQ,9,-6.564
7JXX,VP7,1,-8.687
7JXX,VP7,2,-6.999
7JXX,VP7,3,-6.942
7JXX,VP7,4,-6.792
7JXX,VP7,5,-6.789
7JXX,VP7,6,-6.373
7JXX,VP7,7,-6.284
7JXX,VP7,8,-5.767
7JXX,VP7,9,-5.702
7Q8Y,9IV,1,-9.328
7Q8Y,9IV,2,-9.068
7Q8Y,9IV,3,-8.967
7Q8Y,9IV,4,-8.936
7Q8Y,9IV,5,-8.925
7Q8Y,9IV,6,-8.793
7Q8Y,9IV,7,-8.769
7Q8Y,9IV,8,-8.646
7Q8Y,9IV,9,-8.64
