compound_name,species,pubchem_cid,canonical_smiles,molecular_formula,source_reference,parse_ok,scaffold_class,is_glycoside,confidence
Kaempferol 7-O-glucoside,Evolvulus alsinoides,10095180,C1=CC(=CC=C1C2=C(C(=O)C3=C(C=C(C=C3O2)O[C@H]4[C@@H]([C@H]([C@@H]([C@H](O4)CO)O)O)O)O)O)O,C21H20O11,PMID:17473466,True,flavone;flavonol,True,"HIGH - direct isolation paper, species-specific"
Kaempferol 3-O-glucoside,Evolvulus alsinoides,5282102,C1=CC(=CC=C1C2=C(C(=O)C3=C(C=C(C=C3O2)O)O)O[C@H]4[C@@H]([C@H]([C@@H]([C@H](O4)CO)O)O)O)O,C21H20O11,PMID:17473466,True,flavone;flavonol,True,"HIGH - direct isolation paper, species-specific"
Isoquercitrin,Evolvulus alsinoides,5484006,C1=CC(=C(C=C1C2=C(C(=O)C3=C(C=C(C=C3O2)O)O)O[C@H]4[C@@H]([C@H]([C@H](O4)[C@@H](CO)O)O)O)O)O,C21H20O12,PMID:17473466,True,flavone;flavonol,True,"HIGH - direct isolation paper, species-specific"
Evolvoside C,Evolvulus alsinoides,71524785,C[C@H]1[C@@H]([C@H]([C@H]([C@@H](O1)OC[C@@H]2[C@H]([C@@H]([C@H]([C@@H](O2)OC3=CC=C(C=C3)C4=C(C(=O)C5=C(C=C(C=C5O4)O)O)O)O)O)O)O[C@H]6[C@@H]([C@H]([C@@H]([C@H](O6)CO)O)O)O)O)O,C33H40O20,PMID:23357036,True,flavone;flavonol,True,"HIGH - direct isolation paper, species-specific"
Kaempferol,Evolvulus alsinoides,5280863,C1=CC(=CC=C1C2=C(C(=O)C3=C(C=C(C=C3O2)O)O)O)O,C15H10O6,"PMID:17473466,19748554,23357036 (aglycone of isolated glycosides)",True,flavone;flavonol,False,"HIGH - direct isolation paper, species-specific"
Quercetin,Evolvulus alsinoides,5280343,C1=CC(=C(C=C1C2=C(C(=O)C3=C(C=C(C=C3O2)O)O)O)O)O,C15H10O7,PMID:17473466 (aglycone of isoquercitrin),True,flavone;flavonol,False,"HIGH - direct isolation paper, species-specific"
Gangetin,Desmodium gangeticum,317611,CC(=CCC1=C(C=CC2=C1OC3C2COC4=C3C(=C5C=CC(OC5=C4)(C)C)OC)O)C,C26H28O5,PMID:38430634 (fertility study); review PMID:36515031,True,pterocarpan/pterocarpene,False,"HIGH - direct isolation paper, species-specific"
Gangetinin,Desmodium gangeticum,44257472,CC1(C=CC2=C(O1)C=CC3=C2OC4C3COC5=C4C(=C6C=CC(OC6=C5)(C)C)OC)C,C26H26O5,ChemInform structure abstract (scholar-gateway; PMID not resolved in PubMed search) - LOWER TRACEABILITY,True,pterocarpan/pterocarpene,False,"MEDIUM - structure from ChemInform abstract, PMID not resolved via PubMed API"
Desmodin,Desmodium gangeticum,13338925,CC1(C=CC2=C(C3=C(C=C2O1)OCC4C3OC5=CC(=C(C=C45)OC)O)OC)C,C22H22O6,"PMID:36515031 (review, genus source not independently verified)",True,pterocarpan/pterocarpene,False,"MEDIUM - reported in review only, not independently cross-checked"
Desmocarpin,Desmodium gangeticum,44257475,COC1=CC(=C2C3C(COC2=C1)C4=C(O3)C=C(C=C4)O)O,C16H14O5,"PMID:36515031 (review, genus source not independently verified)",True,pterocarpan/pterocarpene,False,"MEDIUM - reported in review only, not independently cross-checked"
Baicalein,Desmodium gangeticum,5281605,C1=CC=C(C=C1)C2=CC(=O)C3=C(O2)C=C(C(=C3O)O)O,C15H10O5,PMID:36515031 (review text ambiguous/garbled OCR on species attribution - LOW CONFIDENCE),True,flavone,False,LOW - species attribution ambiguous in source review (genus-level text)
Naringin,Desmodium gangeticum,442428,C[C@H]1[C@@H]([C@H]([C@H]([C@@H](O1)O[C@@H]2[C@H]([C@@H]([C@H](O[C@H]2OC3=CC(=C4C(=O)C[C@H](OC4=C3)C5=CC=C(C=C5)O)O)CO)O)O)O)O)O,C27H32O14,PMID:36515031 (review text ambiguous/garbled OCR on species attribution - LOW CONFIDENCE),True,flavanone,True,LOW - species attribution ambiguous in source review (genus-level text)
Neohesperidin,Desmodium gangeticum,442439,C[C@H]1[C@@H]([C@H]([C@H]([C@@H](O1)O[C@@H]2[C@H]([C@@H]([C@H](O[C@H]2OC3=CC(=C4C(=O)C[C@H](OC4=C3)C5=CC(=C(C=C5)OC)O)O)CO)O)O)O)O)O,C28H34O15,PMID:36515031 (review text ambiguous/garbled OCR on species attribution - LOW CONFIDENCE),True,flavanone,True,LOW - species attribution ambiguous in source review (genus-level text)
Apigenin,Clerodendrum serratum,5280443,C1=CC(=CC=C1C2=CC(=O)C3=C(C=C(C=C3O2)O)O)O,C15H10O5,PMID:28458420 (direct HPLC quantification),True,flavone,False,"HIGH - direct isolation paper, species-specific"
Luteolin,Clerodendrum serratum,5280445,C1=CC(=C(C=C1C2=CC(=O)C3=C(C=C(C=C3O2)O)O)O)O,C15H10O6,PMID:28458420 (direct HPLC quantification),True,flavone,False,"HIGH - direct isolation paper, species-specific"
Apigenin 7-glucoside,Clerodendrum serratum,5280704,C1=CC(=CC=C1C2=CC(=O)C3=C(C=C(C=C3O2)O[C@H]4[C@@H]([C@H]([C@@H]([C@H](O4)CO)O)O)O)O)O,C21H20O10,PMID:28070575 (Clerodendrum indicum + C. serratum combined NP library),True,flavone,True,"MEDIUM - reported for combined Clerodendrum indicum + C. serratum compiled library, not species-exclusive"
Hispidulin,Clerodendrum serratum,5281628,COC1=C(C2=C(C=C1O)OC(=CC2=O)C3=CC=C(C=C3)O)O,C16H12O6,PMID:28070575 (Clerodendrum indicum + C. serratum combined NP library),True,flavone,False,"MEDIUM - reported for combined Clerodendrum indicum + C. serratum compiled library, not species-exclusive"
Scutellarein,Clerodendrum serratum,5281697,C1=CC(=CC=C1C2=CC(=O)C3=C(O2)C=C(C(=C3O)O)O)O,C15H10O6,PMID:28070575 (as scutellarein-7-O-glucuronate parent; combined NP library),True,flavone,False,"MEDIUM - reported for combined Clerodendrum indicum + C. serratum compiled library, not species-exclusive"
Paniculatin,Celastrus paniculatus,169419,C1=CC(=CC=C1C2=COC3=C(C(=C(C(=C3C2=O)O)[C@H]4[C@@H]([C@H]([C@@H]([C@H](O4)CO)O)O)O)O)[C@H]5[C@@H]([C@H]([C@@H]([C@H](O5)CO)O)O)O)O,C27H30O15,Reported in multiple phytochemistry reviews of C. paniculatus (single flavonoid reported for this species),True,isoflavone,True,LOW - PubChem CID matched by NAME STRING only; structure (isoflavone di-C-glucoside) not confirmed against an isolation paper for Celastrus paniculatus specifically
Luteolin,Bacopa monnieri,5280445,C1=CC(=C(C=C1C2=CC(=O)C3=C(C=C(C=C3O2)O)O)O)O,C15H10O6,"PMID:25884228 (docking study), PMID:16462073 (isolation as luteolin-7-O-glucopyranoside parent)",True,flavone,False,"HIGH - direct isolation paper, species-specific"
Luteolin 7-O-glucoside,Bacopa monnieri,5280637,C1=CC(=C(C=C1C2=CC(=O)C3=C(C=C(C=C3O2)O[C@H]4[C@@H]([C@H]([C@@H]([C@H](O4)CO)O)O)O)O)O)O,C21H20O11,PMID:16462073 (direct isolation),True,flavone,True,"HIGH - direct isolation paper, species-specific"
