id,smiles
genall_001,O=c1c(O)c(-c2ccc(CCc3ccc(F)cc3)c(C(F)(F)F)c2)oc2cccc(O)c12
genall_002,O=c1c(O)c(-c2ccc(C(F)(F)F)c(Cc3cc(CC(F)(F)F)ccc3C(F)(F)F)c2)oc2cccc(O)c12
genall_003,Cc1ccc(-c2ccc(-c3oc4cccc(O)c4c(=O)c3O)cc2C(F)(F)F)c(C)c1
genall_004,O=c1c(O)c(-c2ccc(C#Cc3ccccc3)c(C(F)(F)F)c2)oc2cccc(O)c12
genall_005,Cc1ccc(-c2ccc(-c3oc4cccc(O)c4c(=O)c3O)cc2C(F)(F)F)cc1F
genall_006,Cc1ccc(C(F)(F)F)c(Cc2cc(-c3oc4cccc(O)c4c(=O)c3O)ccc2C)c1
genall_007,Cc1cc(C(F)(F)F)ccc1-c1ccc(-c2oc3cccc(O)c3c(=O)c2O)cc1C(F)(F)F
genall_008,Cc1ccc(-c2ccc(-c3oc4cccc(O)c4c(=O)c3O)cc2C(F)(F)F)cc1C
genall_009,O=c1c(O)c(-c2ccc(C=Cc3ccccc3)c(C(F)(F)F)c2)oc2cccc(O)c12
genall_010,Cc1ccccc1-c1ccc(-c2oc3cccc(O)c3c(=O)c2O)cc1C(F)(F)F
genall_011,Cc1cccc(-c2ccc(-c3oc4cccc(O)c4c(=O)c3O)cc2C(F)(F)F)c1
genall_012,O=c1c(O)c(-c2ccc(-c3ccc(C(F)(F)F)cc3)c(-c3ccccc3)c2)oc2cccc(O)c12
genall_013,O=c1c(O)c(-c2ccc(-c3ccc(C(F)(F)F)cc3)c(C(F)(F)F)c2)oc2cccc(O)c12
genall_014,CCc1ccc(-c2ccc(-c3oc4cccc(O)c4c(=O)c3O)cc2-c2cc(F)cc(F)c2)cc1
genall_015,O=c1c(O)c(-c2ccc(-c3ccccc3)c(C(F)(F)F)c2)oc2cccc(O)c12
genall_016,O=c1c(O)c(-c2ccc(C(F)(F)F)c(-c3cc(C(F)(F)F)ccc3F)c2)oc2cccc(O)c12
genall_017,O=c1c(O)c(-c2ccc(NCc3ccccc3)c(-c3ccccc3)c2)oc2cccc(O)c12
genall_018,Cc1ccc(-c2oc3cccc(O)c3c(=O)c2O)cc1-c1cc(C(F)(F)F)ccc1F
genall_019,Nc1cc(-c2oc3cccc(O)c3c(=O)c2O)ccc1C=Cc1ccccc1
genall_020,CC(C)(C)c1cc(-c2oc3cccc(O)c3c(=O)c2O)ccc1-c1ccccc1
genall_021,Cc1ccc(-c2oc3cccc(O)c3c(=O)c2O)cc1-c1ccc(F)cc1
genall_022,Cc1cc(-c2oc3cccc(O)c3c(=O)c2O)ccc1NCc1ccccc1
genall_023,Cc1ccc(-c2ccc(-c3oc4cccc(O)c4c(=O)c3O)cc2C(C)C)cc1
genall_024,Cc1ccc(-c2ccc(-c3oc4cccc(O)c4c(=O)c3O)cc2-c2cccc(C)c2)cc1
genall_025,Cc1ccc(-c2ccc(-c3oc4cccc(O)c4c(=O)c3O)cc2C(C)(C)C)cc1
genall_026,CC(C)(C)c1cc(-c2oc3cccc(O)c3c(=O)c2O)ccc1-c1ccc(F)cc1
genall_027,Cc1ccc(-c2oc3cccc(O)c3c(=O)c2O)cc1-c1ccccc1
genall_028,COc1cccc(-c2ccc(-c3oc4cccc(O)c4c(=O)c3O)cc2C(F)(F)F)c1
genall_029,O=c1c(O)c(-c2ccc(-c3cccc(C(F)(F)F)c3)c(C(F)(F)F)c2)oc2cccc(O)c12
genall_030,Cc1cc(-c2oc3cccc(O)c3c(=O)c2O)ccc1-c1ccc(C(=O)O)cc1
genall_031,O=c1c(O)c(-c2ccc(C(F)(F)F)c(-c3cccc(C(F)(F)F)c3)c2)oc2cccc(O)c12
genall_032,CC(C)(C)c1cc(-c2oc3cccc(O)c3c(=O)c2O)ccc1-c1ccc(O)cc1
genall_033,Cc1cc(C)cc(-c2ccc(-c3oc4cccc(O)c4c(=O)c3O)cc2C(F)(F)F)c1
genall_034,Cc1cccc(-c2ccc(-c3oc4cccc(O)c4c(=O)c3O)cc2C)c1
genall_035,Cc1ccc(F)c(-c2cc(-c3oc4cccc(O)c4c(=O)c3O)ccc2C(F)(F)F)c1
genall_036,O=c1c(O)c(-c2ccc(-c3cccc(F)c3)c(C(F)(F)F)c2)oc2cccc(O)c12
genall_037,O=c1c(O)c(-c2ccc(C(F)(F)F)c(-c3cccc(F)c3)c2)oc2cccc(O)c12
genall_038,Cc1cc(F)cc(-c2cc(-c3oc4cccc(O)c4c(=O)c3O)ccc2C(F)(F)F)c1
genall_039,O=c1c(O)c(-c2ccc(C(F)(F)F)c(-c3cc(F)cc(F)c3)c2)oc2cccc(O)c12
genall_040,Cc1ccc(-c2ccc(-c3oc4cccc(O)c4c(=O)c3O)cc2C)cc1
genall_041,CC(C)(C)c1ccc(-c2oc3cccc(O)c3c(=O)c2O)cc1C(F)(F)F
genall_042,Nc1ccc(-c2oc3cccc(O)c3c(=O)c2O)cc1-c1ccccc1
genall_043,Cc1cc(-c2oc3cccc(O)c3c(=O)c2O)ccc1C(F)(F)F
genall_044,Cc1cc(-c2oc3cccc(O)c3c(=O)c2O)ccc1-c1ccccc1
genall_045,CC(C)c1cc(-c2oc3cccc(O)c3c(=O)c2O)ccc1-c1ccccc1
genall_046,Cc1ccc(-c2ccc(-c3oc4cccc(O)c4c(=O)c3O)cc2C(F)(F)F)cc1
genall_047,Cc1cc(C)cc(-c2cc(-c3oc4cccc(O)c4c(=O)c3O)ccc2C(F)(F)F)c1
genall_048,Nc1cc(-c2oc3cccc(O)c3c(=O)c2O)ccc1-c1ccccc1
genall_049,O=c1c(O)c(-c2ccc(-c3cccnc3)c(C(F)(F)F)c2)oc2cccc(O)c12
