id,smiles,target,measured_value,measured_unit,source,role,native_of_pdb,expected_cip,formula,mw,notes,mechanism,use_in_correlation
safinamide,C[C@H](NCc1ccc(OCc2cccc(F)c2)cc1)C(N)=O,MAO-B,7.67,nM,"IC50 7.67 nM. Stossel et al. 2013 J Med Chem 56(11):4580-96, PMID 23631427, DOI 10.1021/jm400336x -- inhibition of recombinant human MAO-B, p-tyramine substrate; safinamide as reference compound. Curated as ChEMBL396778, SMILES matches this row.",benchmark,,S,C17H19FN2O2,302.35,"TRUE safinamide (secondary amine). NOT the same as PDB ligand SAG - see README. ASSAY SPREAD: Binda et al. 2007 (PMID 17915852, the 2V5Z structure paper) reports Ki 0.1-0.5 uM for safinamide, 13-65x weaker than this IC50. ChEMBL lists human MAO-B values from 5.18 to 98 nM across assays. The number is only meaningful with its assay attached.",reversible,yes
SAG_pdb,C[C@H](/N=C/c1ccc(OCc2cccc(F)c2)cc1)C(N)=O,MAO-B,,,"RCSB Chemical Component Dictionary, ligand SAG",redock_reference,2V5Z,S,C17H17FN2O2,300.33,"Imine (C=N) as modelled in 2V5Z. Use ONLY for redocking validation, never for the benchmark plot",reversible,no
selegiline,C#CCN(C)[C@H](C)Cc1ccccc1,MAO-B,7.0,nM,"IC50 7.0 nM as tabulated in Cavalli et al. 2008 J Med Chem 51(3):347-72, PMID 18181565, DOI 10.1021/jm7009364. NOTE: PubMed types this as a REVIEW, so the value is compiled there, not measured there - still not a primary source. Curated as ChEMBL972, SMILES matches this row.",benchmark,,R,C13H17N,187.29,"(R)-(-)-deprenyl. Approved drug. IRREVERSIBLE covalent inhibitor, so IC50 is preincubation-time dependent and not an equilibrium constant - ChEMBL lists human/rat MAO-B values from 2.76 to 52 nM. Excluded from the score-vs-pIC50 correlation for that reason. Chase the review to its own source if the number is quoted in the manuscript.",IRREVERSIBLE_covalent,no
rasagiline,C#CCN[C@@H]1CCc2ccccc21,MAO-B,4.4,nM,"IC50 4.4 nM as tabulated in Cavalli et al. 2008 J Med Chem 51(3):347-72, PMID 18181565, DOI 10.1021/jm7009364. NOTE: PubMed types this as a REVIEW, so the value is compiled there, not measured there - still not a primary source. Curated as ChEMBL887, SMILES matches this row.",benchmark,,R,C12H13N,171.24,"(R)-enantiomer. Approved drug. IRREVERSIBLE covalent inhibitor, so IC50 is preincubation-time dependent and not an equilibrium constant - ChEMBL lists MAO-B values from 4.0 to 46 nM. Excluded from the score-vs-pIC50 correlation for that reason. Chase the review to its own source if quoted.",IRREVERSIBLE_covalent,no
kaempferol,O=c1c(O)c(-c2ccc(O)cc2)oc2cc(O)cc(O)c12,MAO-B,,,"CITATION ERROR FOUND: Chaurasiya et al. 2020 Molecules 25:5358 (PMID 33212830, DOI 10.3390/molecules25225358) does NOT report kaempferol -- it studies O-methylated kaempferol/flavonoid DERIVATIVES (3,4'-di-O-methylkaempferol etc.), not free kaempferol. Checked full text via PubMed.",benchmark,,achiral,C15H10O6,286.24,"Natural flavonol seed compound from the project library. In the recovered library too (00_library) -- also the RL seed scaffold. Literature (Sloley et al. 2000 J Pharm Pharmacol 52:451-9, PMID 10813558, DOI 10.1211/0022357001774075) characterizes free kaempferol as MAO-A selective (IC50 7e-7 M = 700 nM vs MAO-A; MAO-B described only qualitatively as weaker, no number given) -- the MAO-B target label here is not well supported by primary literature. See kaempferol_maoa row for the MAO-A value.",reversible,no
quercetin,O=c1c(O)c(-c2ccc(O)c(O)c2)oc2cc(O)cc(O)c12,MAO-B,,,"CITATION ERROR FOUND: Chaurasiya et al. 2020 Molecules 25:5358 (PMID 33212830, DOI 10.3390/molecules25225358) does NOT report quercetin -- it studies O-methylated flavonoid derivatives, not free quercetin. Checked full text via PubMed.",benchmark,,achiral,C15H10O7,302.24,"Natural flavonol seed compound from the project library. In the recovered library too (00_library) -- also the RL seed scaffold. Literature (Larit et al. 2018 Phytomedicine 40:27-36, PMID 29496172, DOI 10.1016/j.phymed.2017.12.032, recombinant human MAO-A/-B) characterizes quercetin as MAO-A selective (IC50 1.52 uM vs MAO-A; no MAO-B IC50 reported) -- the MAO-B target label here is not well supported by primary literature. See quercetin_maoa row for the MAO-A value.",reversible,no
kaempferol_maoa,O=c1c(O)c(-c2ccc(O)cc2)oc2cc(O)cc(O)c12,MAO-A,700.0,nM,"IC50 700 nM (7e-7 M). Sloley et al. 2000 J Pharm Pharmacol 52(4):451-9, PMID 10813558, DOI 10.1211/0022357001774075 -- abstract states IC50 7e-7 M for kaempferol against MAO-A. SPECIES VERIFIED 2026-09-27: the assay is RAT BRAIN MAO-A (Sprague-Dawley), not human recombinant.",benchmark,,achiral,C15H10O6,286.24,"Same molecule as the kaempferol row, re-targeted to MAO-A where a primary-source value exists. The rat-brain species mismatch is now established, not merely suspected: including this point in a correlation against HUMAN MAO-A docking scores mixes species. Either drop it or label the correlation as mixed-species. Flagged for a decision - see 10_results/README.md.",reversible,yes
quercetin_maoa,O=c1c(O)c(-c2ccc(O)c(O)c2)oc2cc(O)cc(O)c12,MAO-A,1.52,uM,"Larit et al. 2018 Phytomedicine 40:27-36, PMID 29496172, DOI 10.1016/j.phymed.2017.12.032 -- IC50 1.52 uM against recombinant human MAO-A.",benchmark,,achiral,C15H10O7,302.24,"Same molecule as quercetin row, re-targeted to MAO-A where a real primary-source value actually exists. Recombinant human enzyme -- same evidence tier as safinamide/lazabemide/isatin. SPECIES VERIFIED 2026-09-27: recombinant human MAO-A (Larit 2018, MeSH includes Humans).",reversible,yes
harmine,COc1ccc2c(c1)[nH]c1c(C)nccc12,MAO-A,,,"RCSB Chemical Component Dictionary, ligand HRM",redock_reference,2Z5X,achiral,C13H12N2O,212.25,Native ligand of 2Z5X. Reversible MAO-A selective inhibitor,reversible,no
clorgyline,C#CCN(C)CCCOc1ccc(Cl)cc1Cl,MAO-A,,,"No measured value used in this project, so no assay source is required. Structure verified against ChEMBL8706 (pref_name CLORGILINE), canonical SMILES matches this row exactly. Wikipedia reference dropped 2026-09-27.",benchmark,,achiral,C13H15Cl2NO,272.17,"Reference MAO-A-selective inhibitor, used only as a structural comparator in the benchmark docking. IRREVERSIBLE covalent, so no IC50 would be comparable to a docking score anyway. No numeric claim in this project depends on it.",IRREVERSIBLE_covalent,no
VP7,CC(C)(O)C#Cc1ccc2[nH]c3c(c2c1)-c1nc(N)ncc1CCC3,TTBK1,,,"RCSB Chemical Component Dictionary, ligand VP7",redock_reference,7JXX,achiral,C20H20N4O,332.41,Native ligand of 7JXX. Halkina et al. J Med Chem 2021 64:6358 (Biogen series),reversible,no
DTQ,COc1cc2ncnc(Nc3cccc(O)c3)c2cc1OC,TTBK1,240.0,nM,"Kd 240 nM -- NOT an IC50. Xue et al. 2013 ChemMedChem 8(11):1846-54, PMID 24039150, DOI 10.1002/cmdc.201300274 -- compound 1, 3-[(6,7-dimethoxyquinazolin-4-yl)amino]phenol, binding measured by surface plasmon resonance. RCSB 4BTK reports BOTH Kd 240 nM and IC50 4610 nM for this ligand, from BindingDB.",redock_reference,4BTK,achiral,C16H15N3O3,297.31,"Native ligand of 4BTK. ATP-competitive. CORRECTED 2026-09-27: this row previously labelled 240 nM as an IC50. It is a Kd from SPR; the enzymatic IC50 for the same compound is 4610 nM, 19x weaker. Do not quote 240 nM as an IC50, and do not mix a Kd with IC50 values in one correlation. Excluded from the correlation already (use_in_correlation = no).",reversible,no
9IV_ttbk1,Clc1ccccc1Oc1ccc(Nc2ncnc3[nH]ccc23)cc1,TTBK1,330.0,nM,"Nozal et al. 2022 J Med Chem 65(2):1585-1607, PMID 34978799, DOI 10.1021/acs.jmedchem.1c01942 -- compound 42 / VNG2.73 (PDB ligand 9IV). Inhibition of recombinant human TTBK1, RICDLHDDEEDEAMSITA substrate. Curated as ChEMBL5200069, canonical SMILES matches this row exactly.",calibration,7Q8V,achiral,C18H13ClN4O,336.78,"CALIBRATION PAIR. Same molecule as 9IV_ttbk2, crystallised in both paralogs (7Q8V TTBK1, 7Q8Y TTBK2). CORRECTED 2026-09-27: was 430 nM, the midpoint of BindingDB's 330-530 nM range, which aggregates two assays from different papers. A cross-paper midpoint on one arm against a single-paper value on the other breaks the matched pair. 330 nM is the value Nozal reports alongside the 490 nM TTBK2 figure, so it is the arm-symmetric choice.",reversible,yes
9IV_ttbk2,Clc1ccccc1Oc1ccc(Nc2ncnc3[nH]ccc23)cc1,TTBK2,490.0,nM,"Nozal et al. 2022 J Med Chem 65(2):1585-1607, PMID 34978799, DOI 10.1021/acs.jmedchem.1c01942 -- compound 42 / VNG2.73 (PDB ligand 9IV). Inhibition of recombinant human TTBK2, RICDLHDDEEDEAMSITA substrate. Curated as ChEMBL5200069, canonical SMILES matches this row exactly.",calibration,7Q8Y,achiral,C18H13ClN4O,336.78,"CALIBRATION PAIR. Same molecule as 9IV_ttbk1. Experimental ddG(TTBK1-TTBK2) = -0.234 kcal/mol from the same-assay pair, i.e. TTBK1 favoured by a little over a fifth of a kcal/mol, not equipotent to within zero.",reversible,yes
lazabemide,NCCNC(=O)c1ccc(Cl)cn1,MAO-B,0.063,uM,"Maliyakkal et al. 2020 ChemMedChem 15:1629-1633, PMID 32583952, DOI 10.1002/cmdc.202000305 -- IC50 0.063 uM against human MAO-B, used as the reference standard in that study.",benchmark,,achiral,C8H10ClN3O,199.64,"REVERSIBLE - safe for the correlation plot. Added to strengthen a thin reversible set SPECIES VERIFIED 2026-09-27: human MAO-B (Maliyakkal 2020, MeSH includes Humans).",reversible,yes
isatin,O=C1Nc2ccccc2C1=O,MAO-B,3.0,uM,"Medvedev, Clow, Sandler & Glover 1996 Biochem Pharmacol 52:385-91, PMID 8687491, DOI 10.1016/0006-2952(96)00206-7 -- the original paper establishing isatin as an endogenous MAO-B inhibitor, IC50 approx 3 uM. Cross-confirmed by Glover et al. 1997 Vopr Med Khim, PMID 9503568 (IC50 3-8 uM, Ki approx 20 uM).",benchmark,,achiral,C8H5NO2,147.13,"REVERSIBLE, weak (uM). Valuable as the weak-end anchor of the correlation. SPECIES VERIFIED 2026-09-27: Medvedev 1996 is a RAT assay -- its PubMed MeSH terms list Animals and not Humans, and the abstract gives ""IC50 approximately 3 microM"", an approximate value. Not human recombinant. One of two rat-assay points in the correlation set; see 01_smiles/README.md.",reversible,yes
