receptor,target,seed,mode,affinity_kcal_mol
2V5Z,MAO-B,11,1,-11.15
2V5Z,MAO-B,11,2,-11.02
2V5Z,MAO-B,11,3,-10.57
2V5Z,MAO-B,11,4,-10.35
2V5Z,MAO-B,11,5,-10.33
2V5Z,MAO-B,11,6,-10.08
2V5Z,MAO-B,11,7,-9.873
2V5Z,MAO-B,11,8,-9.649
2V5Z,MAO-B,11,9,-9.31
2V5Z,MAO-B,22,1,-11.14
2V5Z,MAO-B,22,2,-10.98
2V5Z,MAO-B,22,3,-10.57
2V5Z,MAO-B,22,4,-10.35
2V5Z,MAO-B,22,5,-10.32
2V5Z,MAO-B,22,6,-10.11
2V5Z,MAO-B,22,7,-9.893
2V5Z,MAO-B,22,8,-9.684
2V5Z,MAO-B,22,9,-9.359
2V5Z,MAO-B,33,1,-11.14
2V5Z,MAO-B,33,2,-10.99
2V5Z,MAO-B,33,3,-10.56
2V5Z,MAO-B,33,4,-10.35
2V5Z,MAO-B,33,5,-10.32
2V5Z,MAO-B,33,6,-10.08
2V5Z,MAO-B,33,7,-9.901
2V5Z,MAO-B,33,8,-9.653
2Z5X,MAO-A,11,1,-11.38
2Z5X,MAO-A,11,2,-9.942
2Z5X,MAO-A,11,3,-9.631
2Z5X,MAO-A,11,4,-9.517
2Z5X,MAO-A,11,5,-9.394
2Z5X,MAO-A,11,6,-8.773
2Z5X,MAO-A,11,7,-8.259
2Z5X,MAO-A,11,8,-8.041
2Z5X,MAO-A,11,9,-7.689
2Z5X,MAO-A,22,1,-11.41
2Z5X,MAO-A,22,2,-9.938
2Z5X,MAO-A,22,3,-9.822
2Z5X,MAO-A,22,4,-9.636
2Z5X,MAO-A,22,5,-9.512
2Z5X,MAO-A,22,6,-9.426
2Z5X,MAO-A,22,7,-8.763
2Z5X,MAO-A,22,8,-8.252
2Z5X,MAO-A,22,9,-7.817
2Z5X,MAO-A,33,1,-11.44
2Z5X,MAO-A,33,2,-10.94
2Z5X,MAO-A,33,3,-9.982
2Z5X,MAO-A,33,4,-9.643
2Z5X,MAO-A,33,5,-9.551
2Z5X,MAO-A,33,6,-9.41
2Z5X,MAO-A,33,7,-8.767
2Z5X,MAO-A,33,8,-8.264
2Z5X,MAO-A,33,9,-7.523
7JXX,TTBK1,11,1,-8.494
7JXX,TTBK1,11,2,-8.186
7JXX,TTBK1,11,3,-8.15
7JXX,TTBK1,11,4,-8.02
7JXX,TTBK1,11,5,-7.95
7JXX,TTBK1,11,6,-7.916
7JXX,TTBK1,11,7,-7.863
7JXX,TTBK1,11,8,-7.852
7JXX,TTBK1,11,9,-7.713
7JXX,TTBK1,22,1,-8.477
7JXX,TTBK1,22,2,-8.16
7JXX,TTBK1,22,3,-8.151
7JXX,TTBK1,22,4,-8.145
7JXX,TTBK1,22,5,-8.023
7JXX,TTBK1,22,6,-7.965
7JXX,TTBK1,22,7,-7.882
7JXX,TTBK1,22,8,-7.849
7JXX,TTBK1,22,9,-7.698
7JXX,TTBK1,33,1,-8.487
7JXX,TTBK1,33,2,-8.166
7JXX,TTBK1,33,3,-8.159
7JXX,TTBK1,33,4,-8.142
7JXX,TTBK1,33,5,-8.135
7JXX,TTBK1,33,6,-8.008
7JXX,TTBK1,33,7,-7.964
7JXX,TTBK1,33,8,-7.889
7JXX,TTBK1,33,9,-7.705
7Q8Y,TTBK2,11,1,-9.86
7Q8Y,TTBK2,11,2,-9.62
7Q8Y,TTBK2,11,3,-9.041
7Q8Y,TTBK2,11,4,-9.017
7Q8Y,TTBK2,11,5,-8.546
7Q8Y,TTBK2,11,6,-8.534
7Q8Y,TTBK2,11,7,-8.503
7Q8Y,TTBK2,11,8,-8.493
7Q8Y,TTBK2,11,9,-8.39
7Q8Y,TTBK2,22,1,-9.873
7Q8Y,TTBK2,22,2,-9.82
7Q8Y,TTBK2,22,3,-9.65
7Q8Y,TTBK2,22,4,-9.056
7Q8Y,TTBK2,22,5,-9.022
7Q8Y,TTBK2,22,6,-8.87
7Q8Y,TTBK2,22,7,-8.534
7Q8Y,TTBK2,22,8,-8.502
7Q8Y,TTBK2,22,9,-8.34
7Q8Y,TTBK2,33,1,-9.86
7Q8Y,TTBK2,33,2,-9.78
7Q8Y,TTBK2,33,3,-9.641
7Q8Y,TTBK2,33,4,-9.042
7Q8Y,TTBK2,33,5,-9.005
7Q8Y,TTBK2,33,6,-8.555
7Q8Y,TTBK2,33,7,-8.525
7Q8Y,TTBK2,33,8,-8.521
7Q8Y,TTBK2,33,9,-8.33
