system_dir,target,structure,start,frames,lig_rmsd_mean,lig_rmsd_max,lig_rmsd_last100,lig_corefit_last100,pose_verdict,prot_rmsd_last100,prot_core_rmsd_last100,fad_rmsd_last100,dG_kcal_mol,dG_SD,dG_SEM,dG_raw,gbsa_source
06_md/systems/system,TTBK1,7JXX,"pose 1, run 1",1000,1.68,2.51,1.88,,stable,1.74,,,-31.36,3.82,0.27,-31.3629,mmgbsa_results_full.dat
06_md/systems/system_TTBK1_r2,TTBK1,7JXX,"pose 1, run 2",1000,1.56,2.40,1.38,,stable,1.34,,,-33.44,2.63,0.19,-33.4396,mmgbsa_results.dat
06_md/systems/system_TTBK1_p2,TTBK1,7JXX,pose 2,1000,3.72,5.74,4.18,,drifts,1.48,,,,,,,not computed (off-pose trajectory)
06_md/systems/system_TTBK1_p3,TTBK1,7JXX,pose 3,1000,3.26,6.90,3.42,,drifts,1.81,,,,,,,not computed (off-pose trajectory)
06_md/systems/system_TTBK2,TTBK2,7Q8Y,"pose 1, run 1",1000,1.86,4.63,3.72,,drifts,1.83,,,-29.78,2.39,0.17,-29.7753,mmgbsa_results.dat
06_md/systems/system_TTBK2m,TTBK2,7Q8Y,"pose 1, run 2",1000,4.48,7.78,5.69,,dissociates,1.87,,,-22.88,2.94,0.21,-22.8840,mmgbsa_results.dat
06_md/systems/system_TTBK2_p2,TTBK2,7Q8Y,"pose 2, run 1",1000,2.33,4.21,1.99,,stable,1.75,,,-30.95,3.81,0.27,-30.9513,mmgbsa_results.dat
06_md/systems/system_TTBK2_p2_r2,TTBK2,7Q8Y,"pose 2, run 2",1000,1.97,3.05,1.89,,stable,1.57,,,-34.92,3.14,0.22,-34.9183,mmgbsa_results.dat
06_md/systems/system_TTBK2_p3,TTBK2,7Q8Y,pose 3,1000,4.86,8.78,5.79,,dissociates,1.90,,,,,,,not computed (off-pose trajectory)
06_md/systems/system_MAOA,MAO-A,2Z5X,pose 1,1000,3.57,5.34,3.24,3.19,drifts,1.79,1.06,0.48,-44.22,3.15,0.22,-44.2194,mmgbsa_results.dat
06_md/systems/system_MAOA_p2,MAO-A,2Z5X,pose 2,1000,2.11,4.16,2.43,1.79,holds (loose),3.44,1.28,0.73,-35.54,2.73,0.19,-35.5411,mmgbsa_results.dat
06_md/systems/system_MAOA_p3,MAO-A,2Z5X,"pose 3, run 1",1000,1.24,2.17,1.43,1.43,stable,1.54,1.07,0.54,-36.67,2.40,0.17,-36.6655,mmgbsa_results.dat
06_md/systems/system_MAOA_p3_r2,MAO-A,2Z5X,"pose 3, run 2",1000,1.15,2.84,1.07,1.09,stable,3.64,1.50,0.55,-36.40,2.38,0.17,-36.4044,mmgbsa_results.dat
06_md/systems/system_MAOB,MAO-B,2V5Z,pose 1,1000,1.95,3.75,2.28,2.23,stable,1.32,1.25,0.46,-39.48,2.20,0.16,-39.4802,mmgbsa_results.dat
06_md/systems/system_MAOB_p2,MAO-B,2V5Z,"pose 2, run 1",1000,1.21,2.83,1.10,1.01,stable,2.03,1.63,0.63,-39.20,2.13,0.15,-39.2046,mmgbsa_results.dat
06_md/systems/system_MAOB_p2_r2,MAO-B,2V5Z,"pose 2, run 2",1000,1.84,3.61,1.37,1.30,stable,2.14,1.77,0.61,-38.97,2.11,0.15,-38.9660,mmgbsa_results.dat
06_md/systems/system_MAOB_p3,MAO-B,2V5Z,pose 3,1000,2.86,4.19,2.57,2.57,holds (loose),1.19,1.15,0.46,-39.04,2.86,0.20,-39.0354,mmgbsa_results.dat
