from,to,step
artifacts\phase0_phytochemistry_report.md,00_library\prior_phase\phase0_phytochemistry_report.md,00_library
artifacts\phase0_species_selection.csv,00_library\prior_phase\phase0_species_selection.csv,00_library
artifacts\species_flavonoid_summary.csv,00_library\prior_phase\species_flavonoid_summary.csv,00_library
artifacts\compound_classified.csv,00_library\prior_phase\compound_classified.csv,00_library
artifacts\phase0_reference_inhibitors.csv,00_library\prior_phase\phase0_reference_inhibitors.csv,00_library
artifacts\phase1_ligand_set.csv,01_smiles\prior_phase\phase1_ligand_set.csv,01_smiles
artifacts\phase1_ligand_protonation.csv,01_smiles\prior_phase\phase1_ligand_protonation.csv,01_smiles
artifacts\phase1_summary.json,01_smiles\prior_phase\phase1_summary.json,01_smiles
artifacts\pdbqt_Evolvoside_C.pdbqt,02_ligands\prior_phase\pdbqt_Evolvoside_C.pdbqt,02_ligands
artifacts\pdbqt_Halkina.pdbqt,02_ligands\prior_phase\pdbqt_Halkina.pdbqt,02_ligands
artifacts\pdbqt_Isoquercitrin.pdbqt,02_ligands\prior_phase\pdbqt_Isoquercitrin.pdbqt,02_ligands
artifacts\pdbqt_Kaempferol.pdbqt,02_ligands\prior_phase\pdbqt_Kaempferol.pdbqt,02_ligands
artifacts\pdbqt_Kaempferol_3_O_glucoside.pdbqt,02_ligands\prior_phase\pdbqt_Kaempferol_3_O_glucoside.pdbqt,02_ligands
artifacts\pdbqt_Kaempferol_7_O_glucoside.pdbqt,02_ligands\prior_phase\pdbqt_Kaempferol_7_O_glucoside.pdbqt,02_ligands
artifacts\pdbqt_Quercetin.pdbqt,02_ligands\prior_phase\pdbqt_Quercetin.pdbqt,02_ligands
artifacts\pdbqt_Rasagiline.pdbqt,02_ligands\prior_phase\pdbqt_Rasagiline.pdbqt,02_ligands
artifacts\pdbqt_Safinamide.pdbqt,02_ligands\prior_phase\pdbqt_Safinamide.pdbqt,02_ligands
artifacts\pdbqt_Selegiline.pdbqt,02_ligands\prior_phase\pdbqt_Selegiline.pdbqt,02_ligands
artifacts\phase0_targets_report.md,03_receptors\prior_phase\phase0_targets_report.md,03_receptors
artifacts\phase0_target_citations.csv,03_receptors\prior_phase\phase0_target_citations.csv,03_receptors
artifacts\phase0_structures.csv,03_receptors\prior_phase\phase0_structures.csv,03_receptors
artifacts\grid_boxes.json,03_receptors\prior_phase\grid_boxes.json,03_receptors
artifacts\2V5Z.pdb,03_receptors\prior_phase\2V5Z.pdb,03_receptors
artifacts\2V60.pdb,03_receptors\prior_phase\2V60.pdb,03_receptors
artifacts\4NFM.pdb,03_receptors\prior_phase\4NFM.pdb,03_receptors
artifacts\6U0K.pdb,03_receptors\prior_phase\6U0K.pdb,03_receptors
artifacts\2V5Z_rec.pdbqt,03_receptors\prior_phase\2V5Z_rec.pdbqt,03_receptors
artifacts\2Z5X_rec.pdbqt,03_receptors\prior_phase\2Z5X_rec.pdbqt,03_receptors
artifacts\4NFM_rec.pdbqt,03_receptors\prior_phase\4NFM_rec.pdbqt,03_receptors
artifacts\6U0K_rec.pdbqt,03_receptors\prior_phase\6U0K_rec.pdbqt,03_receptors
artifacts\7Q8Y_rec.pdbqt,03_receptors\prior_phase\7Q8Y_rec.pdbqt,03_receptors
artifacts\phase2_baseline_docking_final.csv,04_docking\prior_phase\phase2_baseline_docking_final.csv,04_docking
artifacts\phase2_interaction_fingerprints.csv,04_docking\prior_phase\phase2_interaction_fingerprints.csv,04_docking
artifacts\phase5_interaction_profiling_report.md,04_docking\prior_phase\phase5_interaction_profiling_report.md,04_docking
artifacts\phase5_top3_interaction_fingerprints.csv,04_docking\prior_phase\phase5_top3_interaction_fingerprints.csv,04_docking
artifacts\docked_poses.tar.gz,04_docking\prior_phase\docked_poses.tar.gz,04_docking
artifacts\pose_primary_TTBK1.png,04_docking\prior_phase\pose_primary_TTBK1.png,04_docking
artifacts\pose_primary_MAOB.png,04_docking\prior_phase\pose_primary_MAOB.png,04_docking
artifacts\pose_benzylMeA_TTBK1.png,04_docking\prior_phase\pose_benzylMeA_TTBK1.png,04_docking
artifacts\pose_benzylMeA_MAOB.png,04_docking\prior_phase\pose_benzylMeA_MAOB.png,04_docking
artifacts\pose_benzylMeB_TTBK1.png,04_docking\prior_phase\pose_benzylMeB_TTBK1.png,04_docking
artifacts\pose_benzylMeB_MAOB.png,04_docking\prior_phase\pose_benzylMeB_MAOB.png,04_docking
artifacts\md_trajectory_analysis.png,06_md\prior_phase\md_trajectory_analysis.png,06_md
artifacts\mmgbsa_TTBK1_4NFM_results.csv,07_mmgbsa\prior_phase\mmgbsa_TTBK1_4NFM_results.csv,07_mmgbsa
artifacts\mmgbsa_TTBK1_4NFM_results.dat,07_mmgbsa\prior_phase\mmgbsa_TTBK1_4NFM_results.dat,07_mmgbsa
artifacts\mmgbsa_MAOB_2V5Z_results.csv,07_mmgbsa\prior_phase\mmgbsa_MAOB_2V5Z_results.csv,07_mmgbsa
artifacts\mmgbsa_MAOB_2V5Z_results.dat,07_mmgbsa\prior_phase\mmgbsa_MAOB_2V5Z_results.dat,07_mmgbsa
artifacts\mmgbsa_comparison.png,07_mmgbsa\prior_phase\mmgbsa_comparison.png,07_mmgbsa
artifacts\phase2_selectivity_preview.csv,08_analysis\prior_phase\phase2_selectivity_preview.csv,08_analysis
artifacts\phase4_report.md,08_analysis\prior_phase\phase4_report.md,08_analysis
artifacts\phase4_filtered_full_with_scores.csv,08_analysis\prior_phase\phase4_filtered_full_with_scores.csv,08_analysis
artifacts\phase5_shortlist_report.md,08_analysis\prior_phase\phase5_shortlist_report.md,08_analysis
artifacts\phase6_consensus_report.md,08_analysis\prior_phase\phase6_consensus_report.md,08_analysis
artifacts\phase6_consensus_shortlist.csv,08_analysis\prior_phase\phase6_consensus_shortlist.csv,08_analysis
artifacts\phase6_final_report.md,08_analysis\prior_phase\phase6_final_report.md,08_analysis
artifacts\phase6_top15_final_shortlist.csv,08_analysis\prior_phase\phase6_top15_final_shortlist.csv,08_analysis
artifacts\phase6_top15_with_vinardo.csv,08_analysis\prior_phase\phase6_top15_with_vinardo.csv,08_analysis
artifacts\phase6_rl_vs_consensus_scatter.png,08_analysis\prior_phase\phase6_rl_vs_consensus_scatter.png,08_analysis
artifacts\phase6_vinardo_crosscheck_scatter.png,08_analysis\prior_phase\phase6_vinardo_crosscheck_scatter.png,08_analysis
artifacts\phase6b_selectivity_report.md,08_analysis\prior_phase\phase6b_selectivity_report.md,08_analysis
artifacts\phase6b_selectivity_top15.csv,08_analysis\prior_phase\phase6b_selectivity_top15.csv,08_analysis
artifacts\phase8_selectivity_triangulation_report.md,08_analysis\prior_phase\phase8_selectivity_triangulation_report.md,08_analysis
artifacts\selectivity_triangulation.json,08_analysis\prior_phase\selectivity_triangulation.json,08_analysis
artifacts\selectivity_triangulation.png,08_analysis\prior_phase\selectivity_triangulation.png,08_analysis
artifacts\consensus_TTBK1_56.json,08_analysis\prior_phase\consensus_TTBK1_56.json,08_analysis
artifacts\consensus_MAOB_56.json,08_analysis\prior_phase\consensus_MAOB_56.json,08_analysis
artifacts\consensus_MAOA_2Z5X_top15.json,08_analysis\prior_phase\consensus_MAOA_2Z5X_top15.json,08_analysis
artifacts\consensus_TTBK2_6U0K_top15.json,08_analysis\prior_phase\consensus_TTBK2_6U0K_top15.json,08_analysis
artifacts\consensus_TTBK2_7Q8Y_top15.json,08_analysis\prior_phase\consensus_TTBK2_7Q8Y_top15.json,08_analysis
artifacts\vinardo_TTBK1_top15.json,08_analysis\prior_phase\vinardo_TTBK1_top15.json,08_analysis
artifacts\vinardo_MAOB_top15.json,08_analysis\prior_phase\vinardo_MAOB_top15.json,08_analysis
artifacts\bbb_score.py,filtering\prior_phase\bbb_score.py,filtering
artifacts\docked_poses,04_docking\prior_phase\docked_poses,04_docking
artifacts\plan_dual-target-flavonoid-cadd-pipeline-agai_6b40bf21.json,_REVIEW_REQUIRED\plan_dual-target-flavonoid-cadd-pipeline-agai_6b40bf21.json,_REVIEW_REQUIRED
artifacts\plan_dual-target-flavonoid-cadd-pipeline-agai_6b40bf21_2.json,_REVIEW_REQUIRED\plan_dual-target-flavonoid-cadd-pipeline-agai_6b40bf21_2.json,_REVIEW_REQUIRED
