smiles,MW,WLogP,TPSA,HBD,HBA,RotB,Fsp3,Rings,AromRings,Lipinski_violations,Lipinski_pass,GIA_pass,BBB_pass,n_structural_alerts,structural_alerts,alert_free,NLL,Scaffold,R-groups
Cc1cc(-c2oc3cccc(O)c3c(=O)c2O)ccc1N,283.28,2.762,96.69,3,5,1,0.062,3,3,0,True,True,False,1,aniline,False,,O=c1cc(-c2ccccc2)oc2ccccc12,C*|*N
Cc1ccc(-c2oc3cccc(O)c3c(=O)c2O)cc1C,282.3,3.488,70.67,2,4,1,0.118,3,3,0,True,True,True,0,,True,,O=c1cc(-c2ccccc2)oc2ccccc12,*C|*C
Nc1cc(-c2oc3cccc(O)c3c(=O)c2O)ccc1C(F)(F)F,337.25,3.472,96.69,3,5,1,0.062,3,3,0,True,True,False,1,aniline,False,,O=c1cc(-c2ccccc2)oc2ccccc12,*N|C(F)(*)(F)F
C=CCc1cc(-c2oc3cccc(O)c3c(=O)c2O)ccc1C,308.33,3.908,70.67,2,4,3,0.105,3,3,0,True,True,True,1,isolated_alkene,False,,O=c1cc(-c2ccccc2)oc2ccccc12,C=CC*|C*
Cc1ccc(-c2oc3cccc(O)c3c(=O)c2O)cc1N1CCCCC1,351.4,4.17,73.91,2,5,2,0.286,4,3,0,True,True,True,0,,True,,O=c1cc(-c2cccc(N3CCCCC3)c2)oc2ccccc12,C1N(*)CCCC1|*C
Cc1ccc(-c2oc3cccc(O)c3c(=O)c2O)cc1N,283.28,2.762,96.69,3,5,1,0.062,3,3,0,True,True,False,1,aniline,False,,O=c1cc(-c2ccccc2)oc2ccccc12,*N|C*
CC(C)(C)c1ccc(-c2oc3cccc(O)c3c(=O)c2O)cc1C(C)(C)C,366.46,5.466,70.67,2,4,1,0.348,3,3,1,True,True,False,0,,True,,O=c1cc(-c2ccccc2)oc2ccccc12,C(C)(C)(C)*|CC(*)(C)C
Nc1ccc(-c2oc3cccc(O)c3c(=O)c2O)cc1N,284.27,2.036,122.71,4,6,1,0.0,3,3,0,True,True,False,1,aniline,False,,O=c1cc(-c2ccccc2)oc2ccccc12,*N|N*
O=c1c(O)c(-c2ccc(C(F)(F)F)c(C(F)(F)F)c2)oc2cccc(O)c12,390.24,4.909,70.67,2,4,1,0.118,3,3,0,True,True,False,0,,True,,O=c1cc(-c2ccccc2)oc2ccccc12,*C(F)(F)F|FC(F)(*)F
CC1=C(C)C(=O)CC(c2cc(-c3oc4cccc(O)c4c(=O)c3O)ccc2NC=C2[SH]=C(C(=O)O)NC2=O)C1,548.57,3.717,166.17,6,8,5,0.179,5,3,2,False,False,False,3,Michael_acceptor_1;Thiocarbonyl_group;thiol_2,False,,O=C1C=CCC(c2cc(-c3cc(=O)c4ccccc4o3)ccc2NC=C2[SH]=CNC2=O)C1,C1(*)CC(C)=C(C)C(=O)C1|N(*)C=C1S=C(C(=O)O)NC1=O
Cc1cc(-c2c(C)oc3cc(O)c(C)c(O)c23)sc1-c1ccc(-c2oc3cccc(O)c3c(=O)c2O)cc1N,541.58,6.932,178.53,5,9,3,0.1,6,6,2,False,False,False,1,aniline,False,,O=c1cc(-c2ccc(-c3ccc(-c4coc5ccccc45)s3)cc2)oc2ccccc12,N*|c1(*)sc(-c2c(C)oc3cc(O)c(C)c(O)c32)cc1C
Cc1ccc(CNc2ccc(-c3oc4cccc(O)c4c(=O)c3O)cc2C)cc1C,401.46,5.409,82.7,3,5,4,0.16,4,4,1,True,True,False,0,,True,,O=c1cc(-c2ccc(NCc3ccccc3)cc2)oc2ccccc12,*C|*NCc1ccc(C)c(C)c1
C=CCNc1cc(-c2oc3cccc(O)c3c(=O)c2O)ccc1C,323.35,3.778,82.7,3,5,4,0.105,3,3,0,True,True,False,1,isolated_alkene,False,,O=c1cc(-c2ccccc2)oc2ccccc12,C(C=C)N*|*C
CNc1ccc(-c2oc3cccc(O)c3c(=O)c2O)cc1C,297.31,3.221,82.7,3,5,2,0.118,3,3,0,True,True,False,0,,True,,O=c1cc(-c2ccccc2)oc2ccccc12,C*|*NC
C=CCc1ccc(-c2oc3cccc(O)c3c(=O)c2O)cc1C,308.33,3.908,70.67,2,4,3,0.105,3,3,0,True,True,True,1,isolated_alkene,False,,O=c1cc(-c2ccccc2)oc2ccccc12,C*|C(C=C)*
CNc1cc(-c2oc3cccc(O)c3c(=O)c2O)ccc1C,297.31,3.221,82.7,3,5,2,0.118,3,3,0,True,True,False,0,,True,,O=c1cc(-c2ccccc2)oc2ccccc12,CN*|*C
Cc1cc(-c2oc3cccc(O)c3c(=O)c2O)ccc1NC(C)C,325.36,4.0,82.7,3,5,3,0.211,3,3,0,True,True,False,0,,True,,O=c1cc(-c2ccccc2)oc2ccccc12,*C|CC(C)N*
CCN(CC)c1cc(-c2oc3cccc(O)c3c(=O)c2O)ccc1C,339.39,4.026,73.91,2,5,4,0.25,3,3,0,True,True,True,0,,True,,O=c1cc(-c2ccccc2)oc2ccccc12,CCN(*)CC|*C
Cc1oc(=O)c2cc(C=Cc3cc(-c4oc5cccc(O)c5c(=O)c4O)ccc3N3CCN=C3C(=O)O)c(O)cc2c1C=O,594.53,4.278,191.08,4,11,6,0.094,6,5,2,False,False,False,2,aldehyde;stilbene,False,,O=c1occc2ccc(C=Cc3cc(-c4cc(=O)c5ccccc5o4)ccc3N3C=NCC3)cc12,C(c1c2c(cc(C=C*)c(O)c2)c(=O)oc1C)=O|N1(*)CCN=C1C(=O)O
CCC(C=NC=O)=CC=Nc1cc(-c2oc3cccc(O)c3c(=O)c2O)ccc1N,405.41,3.719,138.48,3,7,6,0.091,3,3,0,True,False,False,3,aldehyde;aniline;imine_1,False,,O=c1cc(-c2ccccc2)oc2ccccc12,C(C=N*)=C(CC)C=NC=O|N*
COC(=O)c1cc(C)c(C=Cc2cc(-c3oc4cccc(O)c4c(=O)c3O)ccc2N)cc1N,458.47,4.301,149.01,4,8,4,0.077,4,4,0,True,False,False,2,aniline;stilbene,False,,O=c1cc(-c2cccc(C=Cc3ccccc3)c2)oc2ccccc12,*C=Cc1c(C)cc(C(=O)OC)c(N)c1|N*
Cc1cc(-c2oc3cccc(O)c3c(=O)c2O)ccc1NCc1c(O)c(C)c(C)c2c(=O)cc(C(=O)O)oc12,529.5,4.919,170.44,5,9,5,0.138,5,5,1,True,False,False,1,mannich_A(296),False,,O=c1cc(-c2ccc(NCc3cccc4c(=O)ccoc34)cc2)oc2ccccc12,C*|C(N*)c1c(O)c(C)c(C)c2c(=O)cc(C(=O)O)oc12
COc1c(C)c(O)c2oc(=O)c(-c3ccc(-c4oc5cccc(O)c5c(=O)c4O)cc3C)cc2c1C=O,500.46,4.788,147.41,3,9,4,0.107,5,5,1,True,False,False,2,aldehyde;cumarine,False,,O=c1oc2ccccc2cc1-c1ccc(-c2cc(=O)c3ccccc3o2)cc1,*C|c1(O)c2oc(=O)c(*)cc2c(C=O)c(OC)c1C
Nc1ccc(-c2oc3cccc(O)c3c(=O)c2O)cc1C(F)(F)F,337.25,3.472,96.69,3,5,1,0.062,3,3,0,True,True,False,1,aniline,False,,O=c1cc(-c2ccccc2)oc2ccccc12,*C(F)(F)F|*N
Cc1cc(-c2oc3cccc(O)c3c(=O)c2O)ccc1N1CCCC(Cc2ccccc2)C1,441.53,5.639,73.91,2,5,4,0.25,5,4,1,True,True,False,0,,True,,O=c1cc(-c2ccc(N3CCCC(Cc4ccccc4)C3)cc2)oc2ccccc12,*C|C1N(*)CCCC1Cc1ccccc1
CN1CCN(c2cc(-c3oc4cccc(O)c4c(=O)c3O)ccc2C(F)(F)F)CC1,420.39,3.642,77.15,2,6,2,0.286,4,3,0,True,True,True,0,,True,,O=c1cc(-c2cccc(N3CCNCC3)c2)oc2ccccc12,N1(*)CCN(C)CC1|C(F)(*)(F)F
CC(C)=CC(=O)CC(C)c1cc(-c2oc3cccc(O)c3c(=O)c2O)ccc1N,393.44,4.482,113.76,3,6,5,0.217,3,3,0,True,True,False,2,Michael_acceptor_1;aniline,False,,O=c1cc(-c2ccccc2)oc2ccccc12,C(=O)(C=C(C)C)CC(*)C|*N
CC(=O)c1cc(O)c(C=Cc2ccc(-c3oc4cccc(O)c4c(=O)c3O)cc2C(F)(F)F)cc1O,498.41,5.674,128.2,4,7,4,0.077,4,4,1,True,False,False,2,hydroquinone;stilbene,False,,O=c1cc(-c2ccc(C=Cc3ccccc3)cc2)oc2ccccc12,C(*)(F)(F)F|Oc1c(C(=O)C)cc(O)c(C=C*)c1
Nc1ccc(-c2oc3cccc(O)c3c(=O)c2O)cc1C(F)(F)C(F)(F)F,387.26,4.108,96.69,3,5,2,0.118,3,3,0,True,True,False,2,Perfluorinated_chain;aniline,False,,O=c1cc(-c2ccccc2)oc2ccccc12,*C(F)(C(F)(F)F)F|N*
C=C1Cc2c(NC(=O)NC=Cc3ccc(-c4cc(-c5oc6cccc(O)c6c(=O)c5O)ccc4N)c(C)c3)cccc2C2(C)C(=C)CCC12,651.76,8.557,137.82,5,6,5,0.171,7,5,2,False,False,False,2,aniline;isolated_alkene,False,,C=C1Cc2c(NC(=O)NC=Cc3ccc(-c4cccc(-c5cc(=O)c6ccccc6o5)c4)cc3)cccc2C2C(=C)CCC12,C(NC=Cc1cc(C)c(*)cc1)(Nc1c2c(ccc1)C1(C)C(CCC1=C)C(=C)C2)=O|N*
C=CCc1cc(-c2oc3cccc(O)c3c(=O)c2O)ccc1N,309.32,3.182,96.69,3,5,3,0.056,3,3,0,True,True,False,2,aniline;isolated_alkene,False,,O=c1cc(-c2ccccc2)oc2ccccc12,C=CC*|N*
CC(CCCN=C(N)N)c1cc(-c2oc3cccc(O)c3c(=O)c2O)ccc1C(F)(F)F,449.43,4.047,135.07,4,5,6,0.273,3,3,0,True,False,False,3,Aliphatic_long_chain;imine_1;imine_2,False,,O=c1cc(-c2ccccc2)oc2ccccc12,C(=NCCCC(*)C)(N)N|C(*)(F)(F)F
Cc1ccc(-c2oc3cccc(O)c3c(=O)c2O)cc1C(F)(F)F,336.26,4.198,70.67,2,4,1,0.118,3,3,0,True,True,True,0,,True,,O=c1cc(-c2ccccc2)oc2ccccc12,C(F)(*)(F)F|*C
C=CCc1ccc(-c2oc3cccc(O)c3c(=O)c2O)cc1CC=C(C)C,362.43,5.108,70.67,2,4,5,0.174,3,3,1,True,True,False,1,isolated_alkene,False,,O=c1cc(-c2ccccc2)oc2ccccc12,C(C=C)*|C(C)(C)=CC*
C=CCNc1ccc(-c2oc3cccc(O)c3c(=O)c2O)cc1C,323.35,3.778,82.7,3,5,4,0.105,3,3,0,True,True,False,1,isolated_alkene,False,,O=c1cc(-c2ccccc2)oc2ccccc12,C(=C)CN*|*C
Cc1ccc(C)c(Nc2cc(-c3oc4cccc(O)c4c(=O)c3O)ccc2NC(C)C)c1,430.5,6.052,94.73,4,6,5,0.192,4,4,1,True,False,False,0,,True,,O=c1cc(-c2cccc(Nc3ccccc3)c2)oc2ccccc12,N(C(C)C)*|Cc1ccc(C)c(N*)c1
COc1ccc(C(=O)O)c(O)c1C=Nc1cc(-c2oc3cccc(O)c3c(=O)c2O)ccc1-c1ccccc1,523.5,5.701,149.79,4,8,6,0.033,5,5,2,False,False,False,1,imine_1,False,,O=c1cc(-c2ccc(-c3ccccc3)c(N=Cc3ccccc3)c2)oc2ccccc12,c1(*)ccccc1|c1cc(OC)c(C=N*)c(O)c1C(=O)O
CC(C)CNc1ccc(-c2oc3cccc(O)c3c(=O)c2O)cc1C(F)(F)F,393.36,4.958,82.7,3,5,4,0.25,3,3,0,True,True,False,0,,True,,O=c1cc(-c2ccccc2)oc2ccccc12,CC(C)CN*|FC(F)(F)*
Nc1cc(-c2oc3cccc(O)c3c(=O)c2O)ccc1-c1ccc(O)cc1,361.35,3.826,116.92,4,6,2,0.0,4,4,0,True,True,False,1,aniline,False,,O=c1cc(-c2ccc(-c3ccccc3)cc2)oc2ccccc12,c1c(*)ccc(O)c1|N*
Cc1ccc(-c2oc3cccc(O)c3c(=O)c2O)cc1NC1C(=O)CC(C)(C)CC1=O,421.45,3.918,116.84,3,7,3,0.292,4,3,0,True,True,False,1,beta-keto/anhydride,False,,O=C1CCCC(=O)C1Nc1cccc(-c2cc(=O)c3ccccc3o2)c1,C*|*NC1C(=O)CC(C)(C)CC1=O
CC(C)Nc1ccc(-c2oc3cccc(O)c3c(=O)c2O)cc1C(F)(F)F,379.33,4.71,82.7,3,5,3,0.211,3,3,0,True,True,False,0,,True,,O=c1cc(-c2ccccc2)oc2ccccc12,N(*)C(C)C|*C(F)(F)F
C=C(CNc1ccc(-c2oc3cccc(O)c3c(=O)c2O)cc1C)c1cc(Br)c(O)c(N=Nc2ccc(C)cc2)c1O,628.48,8.202,147.88,5,9,7,0.094,5,5,2,False,False,False,2,azo_A(324);diazo_group,False,,C=C(CNc1ccc(-c2cc(=O)c3ccccc3o2)cc1)c1cccc(N=Nc2ccccc2)c1,C(CN*)(c1cc(Br)c(O)c(N=Nc2ccc(C)cc2)c1O)=C|*C
Cc1ccc(-c2ccc(-c3oc4cccc(O)c4c(=O)c3O)cc2N2CCOCC2)o1,419.43,4.276,96.28,2,7,3,0.208,5,4,0,True,True,False,0,,True,,O=c1cc(-c2ccc(-c3ccco3)c(N3CCOCC3)c2)oc2ccccc12,Cc1ccc(*)o1|C1N(*)CCOC1
Cc1ccc(-c2oc3cccc(O)c3c(=O)c2O)cc1-c1ccc[nH]1,333.34,4.175,86.46,3,4,2,0.05,4,4,0,True,True,False,0,,True,,O=c1cc(-c2cccc(-c3ccc[nH]3)c2)oc2ccccc12,C*|c1(*)[nH]ccc1
CC(C)c1ccc(-c2oc3cccc(O)c3c(=O)c2O)cc1C(C)C,338.4,5.118,70.67,2,4,3,0.286,3,3,1,True,True,False,0,,True,,O=c1cc(-c2ccccc2)oc2ccccc12,C(C)(C)*|*C(C)C
Cc1cccc(-c2ccc(-c3oc4cccc(O)c4c(=O)c3O)cc2-c2cc(C)ccc2C)c1,448.52,7.13,70.67,2,4,3,0.1,5,5,1,True,False,False,0,,True,,O=c1cc(-c2ccc(-c3ccccc3)c(-c3ccccc3)c2)oc2ccccc12,c1(*)cc(C)ccc1|c1(C)cc(*)c(C)cc1
O=c1c(O)c(-c2ccc(C(F)(F)F)c(-c3ccc(F)cc3)c2)oc2cccc(O)c12,416.33,5.696,70.67,2,4,2,0.045,4,4,1,True,True,False,0,,True,,O=c1cc(-c2cccc(-c3ccccc3)c2)oc2ccccc12,FC(*)(F)F|c1(F)ccc(*)cc1
Cc1cc(-c2oc3cccc(O)c3c(=O)c2O)ccc1NC1CCCCC1,365.43,4.924,82.7,3,5,3,0.318,4,3,0,True,True,False,0,,True,,O=c1cc(-c2ccc(NC3CCCCC3)cc2)oc2ccccc12,C1CCCCC1N*|C*
CC(Br)c1ccc(-c2oc3cccc(O)c3c(=O)c2O)cc1C(C)(C)C,417.3,5.625,70.67,2,4,2,0.286,3,3,1,True,True,False,1,alkyl_halide,False,,O=c1cc(-c2ccccc2)oc2ccccc12,*C(Br)C|CC(*)(C)C
Cc1ccc(-c2oc3cccc(O)c3c(=O)c2O)cc1C(C)C,310.35,4.303,70.67,2,4,2,0.211,3,3,0,True,True,True,0,,True,,O=c1cc(-c2ccccc2)oc2ccccc12,*C|CC(*)C
Cc1cc(C)c(-c2ccc(-c3oc4cccc(O)c4c(=O)c3O)cc2CC(=O)N2CCC(C)CC2)c(C)c1,511.62,6.264,90.98,2,5,4,0.312,5,4,2,False,False,False,0,,True,,O=C(Cc1cc(-c2cc(=O)c3ccccc3o2)ccc1-c1ccccc1)N1CCCCC1,c1(C)c(*)c(C)cc(C)c1|CC1CCN(C(C*)=O)CC1
Cc1ccc(CNc2cc(-c3oc4cccc(O)c4c(=O)c3O)ccc2-c2cccc(F)c2)cc1,467.5,6.598,82.7,3,5,5,0.069,5,5,1,True,False,False,0,,True,,O=c1cc(-c2ccc(-c3ccccc3)c(NCc3ccccc3)c2)oc2ccccc12,c1(F)cc(*)ccc1|c1(CN*)ccc(C)cc1
Cc1ccc(C)c(-c2ccc(-c3oc4cccc(O)c4c(=O)c3O)cc2CC(C)N)c1,415.49,5.045,96.69,3,5,4,0.192,4,4,1,True,True,False,0,,True,,O=c1cc(-c2ccc(-c3ccccc3)cc2)oc2ccccc12,c1c(C)cc(*)c(C)c1|C(C*)(N)C
C=CCNc1ccc(-c2oc3cccc(O)c3c(=O)c2O)cc1C=Cc1ccc(F)cc1,429.45,5.779,82.7,3,5,6,0.038,4,4,1,True,True,False,2,isolated_alkene;stilbene,False,,O=c1cc(-c2cccc(C=Cc3ccccc3)c2)oc2ccccc12,C(=C)CN*|C(=C*)c1ccc(F)cc1
CC1=CCCC(C)C1c1cc(-c2oc3cccc(O)c3c(=O)c2O)ccc1C,376.45,5.639,70.67,2,4,2,0.292,4,3,1,True,True,False,1,isolated_alkene,False,,O=c1cc(-c2cccc(C3C=CCCC3)c2)oc2ccccc12,*C|C1(C)CCC=C(C)C1*
Nc1ccc(-c2oc3cccc(O)c3c(=O)c2O)cc1Cc1ccccc1,359.38,4.044,96.69,3,5,3,0.045,4,4,0,True,True,False,1,aniline,False,,O=c1cc(-c2cccc(Cc3ccccc3)c2)oc2ccccc12,*N|c1cc(C*)ccc1
CC(C)(C)Nc1ccc(-c2oc3cccc(O)c3c(=O)c2O)cc1N,340.38,3.664,108.72,4,6,2,0.211,3,3,0,True,True,False,1,aniline,False,,O=c1cc(-c2ccccc2)oc2ccccc12,*NC(C)(C)C|N*
CC(C)(C)c1ccc(-c2oc3cccc(O)c3c(=O)c2O)cc1NCCC(N)=NC(=O)OCc1ccccc1,529.59,5.665,147.38,4,7,7,0.233,4,4,2,False,False,False,2,imine_1;imine_2,False,,O=C(N=CCCNc1cccc(-c2cc(=O)c3ccccc3o2)c1)OCc1ccccc1,CC(C)(C)*|C(CN*)C(N)=NC(=O)OCc1ccccc1
Cc1cccc(CNc2cc(-c3oc4cccc(O)c4c(=O)c3O)ccc2NC(C)C(N)=O)c1C,473.53,4.386,137.82,5,7,7,0.185,4,4,0,True,False,False,0,,True,,O=c1cc(-c2cccc(NCc3ccccc3)c2)oc2ccccc12,NC(C(N*)C)=O|N(Cc1cccc(C)c1C)*
Cc1cc(C)c(-c2ccc(-c3oc4cccc(O)c4c(=O)c3O)cc2C2CCCC(C)C2C)c(C)c1,482.62,8.003,70.67,2,4,3,0.344,5,4,1,True,False,False,0,,True,,O=c1cc(-c2ccc(-c3ccccc3)c(C3CCCCC3)c2)oc2ccccc12,Cc1cc(C)c(*)c(C)c1|C1CCC(C)C(C)C1*
CC(C)(C)c1cc(-c2oc3cccc(O)c3c(=O)c2O)ccc1C(F)(F)F,378.35,5.188,70.67,2,4,1,0.25,3,3,1,True,True,False,0,,True,,O=c1cc(-c2ccccc2)oc2ccccc12,*C(F)(F)F|C(C)(C)(*)C
CCc1cc(-c2oc3cccc(O)c3c(=O)c2O)ccc1C,296.32,3.742,70.67,2,4,2,0.167,3,3,0,True,True,True,0,,True,,O=c1cc(-c2ccccc2)oc2ccccc12,*C|*CC
CN1CCC(c2ccc(-c3oc4cccc(O)c4c(=O)c3O)cc2-c2ccc(O)cc2)CC1,443.5,5.053,94.14,3,6,3,0.222,5,4,1,True,True,False,0,,True,,O=c1cc(-c2ccc(C3CCNCC3)c(-c3ccccc3)c2)oc2ccccc12,CN1CCC(*)CC1|c1cc(O)ccc1*
CCc1ccc(-c2oc3cccc(O)c3c(=O)c2O)cc1C,296.32,3.742,70.67,2,4,2,0.167,3,3,0,True,True,True,0,,True,,O=c1cc(-c2ccccc2)oc2ccccc12,C(C)*|*C
O=c1c(O)c(-c2ccc(C(F)(F)F)c(-c3ccccc3)c2)oc2cccc(O)c12,398.34,5.557,70.67,2,4,2,0.045,4,4,1,True,True,False,0,,True,,O=c1cc(-c2cccc(-c3ccccc3)c2)oc2ccccc12,C(F)(F)(F)*|c1cccc(*)c1
CC(C)Nc1ccc(-c2oc3cccc(O)c3c(=O)c2O)cc1C(C)(C)C,367.45,4.989,82.7,3,5,3,0.318,3,3,0,True,True,False,0,,True,,O=c1cc(-c2ccccc2)oc2ccccc12,*NC(C)C|*C(C)(C)C
O=c1c(O)c(-c2ccc(C(F)(F)F)c(C=Cc3ccc(F)cc3)c2)oc2cccc(O)c12,442.36,6.2,70.67,2,4,3,0.042,4,4,1,True,True,False,1,stilbene,False,,O=c1cc(-c2cccc(C=Cc3ccccc3)c2)oc2ccccc12,FC(F)(F)*|C(c1ccc(F)cc1)=C*
CCc1ccc(-c2oc3cccc(O)c3c(=O)c2O)cc1C(C)(CC)C(=O)O,382.41,4.186,107.97,3,5,5,0.273,3,3,0,True,True,False,0,,True,,O=c1cc(-c2ccccc2)oc2ccccc12,*CC|C(*)(C(=O)O)(C)CC
Cc1cc(C=Cc2ccc(-c3oc4cccc(O)c4c(=O)c3O)cc2C(C)C)oc1C,416.47,6.375,83.81,2,5,4,0.192,4,4,1,True,False,False,0,,True,,O=c1cc(-c2ccc(C=Cc3ccco3)cc2)oc2ccccc12,c1c(C=C*)oc(C)c1C|CC(C)*
Cc1c(C)c(C)c(C=Nc2ccc(-c3oc4cccc(O)c4c(=O)c3O)cc2C2CCCCC2)c(C)c1C,509.65,8.212,83.03,2,5,4,0.333,5,4,2,False,False,False,1,imine_1,False,,O=c1cc(-c2ccc(N=Cc3ccccc3)c(C3CCCCC3)c2)oc2ccccc12,c1(C)c(C=N*)c(C)c(C)c(C)c1C|C1(*)CCCCC1
CC(C)c1ccc(-c2oc3cccc(O)c3c(=O)c2O)cc1N,311.34,3.577,96.69,3,5,2,0.167,3,3,0,True,True,False,1,aniline,False,,O=c1cc(-c2ccccc2)oc2ccccc12,*C(C)C|*N
C=C1C2C(=O)C(c3ccc(O)cc3)C2CCCCN1CCNc1ccc(-c2oc3cccc(O)c3c(=O)c2O)cc1-c1ccccc1,628.73,7.254,123.24,4,8,7,0.231,7,5,2,False,False,False,0,,True,,C=C1C2C(=O)C(c3ccccc3)C2CCCCN1CCNc1ccc(-c2cc(=O)c3ccccc3o2)cc1-c1ccccc1,C(N1CCCCC2C(c3ccc(O)cc3)C(=O)C2C1=C)CN*|c1c(*)cccc1
Cc1[nH]c2cc(-c3cc(-c4oc5cccc(O)c5c(=O)c4O)ccc3NC(C)C)ccc2c1C,454.53,6.457,98.49,4,5,4,0.179,5,5,1,True,False,False,1,indol_3yl_alk(461),False,,O=c1cc(-c2cccc(-c3ccc4cc[nH]c4c3)c2)oc2ccccc12,CC(N*)C|c1(*)ccc2c(C)c(C)[nH]c2c1
Cc1ccc(-c2oc3cccc(O)c3c(=O)c2O)cc1-c1ccccc1,344.37,4.847,70.67,2,4,2,0.045,4,4,0,True,True,False,0,,True,,O=c1cc(-c2cccc(-c3ccccc3)c2)oc2ccccc12,*C|c1(*)ccccc1
Cc1ccc(C(C)(C)C)cc1NC(=O)Cc1ccc(-c2oc3cccc(O)c3c(=O)c2O)cc1C(F)(F)F,525.52,6.677,99.77,3,5,4,0.241,4,4,2,False,False,False,0,,True,,O=C(Cc1ccc(-c2cc(=O)c3ccccc3o2)cc1)Nc1ccccc1,C(c1ccc(C)c(NC(C*)=O)c1)(C)(C)C|C(F)(*)(F)F
Nc1cc(-c2oc3cccc(O)c3c(=O)c2O)ccc1-c1ccccc1,345.35,4.12,96.69,3,5,2,0.0,4,4,0,True,True,False,1,aniline,False,,O=c1cc(-c2ccc(-c3ccccc3)cc2)oc2ccccc12,c1cccc(*)c1|*N
CC(C)c1ccc(-c2oc3cccc(O)c3c(=O)c2O)cc1C(C)(C)C,352.43,5.292,70.67,2,4,2,0.318,3,3,1,True,True,False,0,,True,,O=c1cc(-c2ccccc2)oc2ccccc12,C(*)(C)C|CC(C)(C)*
CC1=C(C)c2cc(C)c(C)cc2N(Cc2cc(-c3oc4cccc(O)c4c(=O)c3O)ccc2N2CCCCCC2)C1=Cc1ccc(C)cc1,652.84,10.032,77.15,2,6,5,0.279,7,5,2,False,False,False,0,,True,,O=c1cc(-c2ccc(N3CCCCCC3)c(CN3C(=Cc4ccccc4)C=Cc4ccccc43)c2)oc2ccccc12,C1CCCCN(*)C1|*Cn1c2cc(C)c(C)cc2c(C)c(C)c1=Cc1ccc(C)cc1
O=c1c(O)c(-c2ccc(N3CCCCC3)c(C(F)(F)F)c2)oc2cccc(O)c12,405.37,4.88,73.91,2,5,2,0.286,4,3,0,True,True,False,0,,True,,O=c1cc(-c2ccc(N3CCCCC3)cc2)oc2ccccc12,C1CCCN(*)C1|*C(F)(F)F
Cc1cc(-c2oc3cccc(O)c3c(=O)c2O)ccc1C(C)C,310.35,4.303,70.67,2,4,2,0.211,3,3,0,True,True,True,0,,True,,O=c1cc(-c2ccccc2)oc2ccccc12,*C(C)C|*C
C=CCNc1ccc(-c2oc3cccc(O)c3c(=O)c2O)cc1-c1cccc2ccccc12,435.48,6.289,82.7,3,5,5,0.036,5,5,1,True,True,False,1,isolated_alkene,False,,O=c1cc(-c2cccc(-c3cccc4ccccc34)c2)oc2ccccc12,C(=C)CN*|c12cccc(*)c1cccc2
Cc1ccc(-c2oc3cccc(O)c3c(=O)c2O)cc1C(C)(C)C,324.38,4.477,70.67,2,4,1,0.25,3,3,0,True,True,True,0,,True,,O=c1cc(-c2ccccc2)oc2ccccc12,C*|C(*)(C)(C)C
CN1CCCC(c2ccc(CCNc3ccc(-c4oc5cccc(O)c5c(=O)c4O)cc3C(C)(C)C)cc2)=NC1,539.68,6.296,98.3,3,7,6,0.333,5,4,2,False,False,False,0,,True,,O=c1cc(-c2ccc(NCCc3ccc(C4=NCNCCC4)cc3)cc2)oc2ccccc12,C1N=C(c2ccc(CCN*)cc2)CCCN1C|C(C)(C)(*)C
CC(C)=CCc1cc(-c2oc3cccc(O)c3c(=O)c2O)ccc1C(C)C,364.44,5.503,70.67,2,4,4,0.261,3,3,1,True,True,False,1,isolated_alkene,False,,O=c1cc(-c2ccccc2)oc2ccccc12,CC(*)C|C(C)(C)=CC*
C=CC(=C1CCCCC1)c1ccc(-c2oc3cccc(O)c3c(=O)c2O)cc1C1(C)C=C(C)C(C=C2C(=C)CCCC2C)CC1,602.82,10.691,70.67,2,4,5,0.39,6,3,2,False,False,False,1,isolated_alkene,False,,C=C1CCCCC1=CC1C=CC(c2cc(-c3cc(=O)c4ccccc4o3)ccc2C=C2CCCCC2)CC1,C1CCCCC1=C(*)C=C|C1(C)=CC(C)(*)CCC1C=C1C(=C)CCCC1C
C=CCc1cc(-c2oc3cccc(O)c3c(=O)c2O)ccc1C=Cc1c(C)cc2c(c1O)C(=O)CCC2=O,508.53,5.943,125.04,3,7,5,0.129,5,4,2,False,False,False,3,isolated_alkene;keto_keto_gamma(5);stilbene,False,,O=C1CCC(=O)c2cc(C=Cc3ccc(-c4cc(=O)c5ccccc5o4)cc3)ccc21,C1(=O)CCC(=O)c2c1cc(C)c(C=C*)c2O|C(C=C)*
C=CCc1cc(C=Cc2cc(-c3cc(-c4oc5cccc(O)c5c(=O)c4O)ccc3C(C)(C)C=C)cc(=O)o2)ccc1O,574.63,7.56,121.11,3,7,8,0.111,5,5,2,False,False,False,1,isolated_alkene,False,,O=c1cc(-c2cccc(-c3cc(=O)c4ccccc4o3)c2)cc(C=Cc2ccccc2)o1,C(=C)C(*)(C)C|O=c1cc(*)cc(C=Cc2ccc(O)c(CC=C)c2)o1
COc1cc(C)c(C(=O)c2cc(O)cc(C=Cc3cc(-c4oc5cccc(O)c5c(=O)c4O)ccc3C(C)C)c2O)cc1C,592.64,7.433,137.43,4,8,7,0.167,5,5,2,False,False,False,2,hydroquinone;stilbene,False,,O=C(c1ccccc1)c1cccc(C=Cc2cccc(-c3cc(=O)c4ccccc4o3)c2)c1,CC(*)C|c1(C=C*)cc(O)cc(C(=O)c2c(C)cc(OC)c(C)c2)c1O
COC(C)(C)C=CC1=C(C)CC(c2ccc(-c3oc4cccc(O)c4c(=O)c3O)cc2C2C=C(C)C3C=CC=CC3=C2C)C1CC=C(C)C,656.86,10.731,79.9,2,5,8,0.341,6,3,2,False,False,False,1,isolated_alkene,False,,O=c1cc(-c2ccc(C3CC=CC3)c(C3C=CC4C=CC=CC4=C3)c2)oc2ccccc12,CC(C)=CCC1C(*)CC(C)=C1C=CC(OC)(C)C|C1=CC=CC2C1=C(C)C(*)C=C2C
C=CCc1cc(-c2oc3cccc(O)c3c(=O)c2O)ccc1-c1cc(C)c(C)o1,388.42,5.477,83.81,2,5,4,0.125,4,4,1,True,True,False,1,isolated_alkene,False,,O=c1cc(-c2ccc(-c3ccco3)cc2)oc2ccccc12,o1c(*)cc(C)c1C|C(=C)C*
C=CCNc1cc(-c2oc3cccc(O)c3c(=O)c2O)ccc1C(F)(F)F,377.32,4.488,82.7,3,5,4,0.105,3,3,0,True,True,False,1,isolated_alkene,False,,O=c1cc(-c2ccccc2)oc2ccccc12,FC(F)(F)*|N(CC=C)*
CC(C)=Cc1cc(C=Cc2ccc(-c3oc4cccc(O)c4c(=O)c3O)cc2C=Cc2ccc(O)c(O)c2)cc(O)c1O,576.6,7.458,151.59,6,8,6,0.057,5,5,3,False,False,False,3,catechol;catechol_A(92);stilbene,False,,O=c1cc(-c2ccc(C=Cc3ccccc3)c(C=Cc3ccccc3)c2)oc2ccccc12,C(=C(C)C)c1c(O)c(O)cc(C=C*)c1|c1cc(C=C*)cc(O)c1O
C=CC(C)(O)c1cc(-c2oc3cccc(O)c3c(=O)c2O)ccc1C=CC1=CC(=Cc2cc(C)c(C)c(Br)c2O)C(C)=CC1=O,667.55,7.902,128.2,4,7,6,0.135,5,4,2,False,False,False,2,ene_quin_methide(10);isolated_alkene,False,,O=C1C=CC(=Cc2ccccc2)C=C1C=Cc1ccc(-c2cc(=O)c3ccccc3o2)cc1,O=C1C=C(C)C(=Cc2c(O)c(Br)c(C)c(C)c2)C=C1C=C*|OC(C=C)(C)*
Cc1cc(-c2oc3cccc(O)c3c(=O)c2O)ccc1C=Cc1cccc(O)c1,386.4,5.056,90.9,3,5,3,0.042,4,4,1,True,True,False,1,stilbene,False,,O=c1cc(-c2ccc(C=Cc3ccccc3)cc2)oc2ccccc12,c1c(O)cc(C=C*)cc1|*C
CC(C)c1cc(C2CCCCC2)c(-c2ccc(-c3oc4cccc(O)c4c(=O)c3O)cc2C2CCCCC2)[nH]1,525.69,9.085,86.46,3,4,5,0.441,6,4,2,False,False,False,0,,True,,O=c1cc(-c2ccc(-c3[nH]ccc3C3CCCCC3)c(C3CCCCC3)c2)oc2ccccc12,C1CCCC(c2c(*)[nH]c(C(C)C)c2)C1|C1CCCCC1*
CC1=C(C)C(=C2C=CC=C2Cc2cc(-c3oc4cccc(O)c4c(=O)c3O)ccc2Cc2ccc(-c3ccc(C)cc3C)cc2)NC1=O,633.74,8.505,99.77,3,5,6,0.143,7,5,2,False,False,False,0,,True,,O=C1C=CC(=C2C=CC=C2Cc2cc(-c3cc(=O)c4ccccc4o3)ccc2Cc2ccc(-c3ccccc3)cc2)N1,*Cc1ccc(-c2c(C)cc(C)cc2)cc1|N1C(=O)C(C)=C(C)C1=C1C=CC=C1C*
CC(C)c1ccc(-c2oc3cccc(O)c3c(=O)c2O)cc1C=Cc1c(F)c(F)c(C=CC2=CC(N)=NC2=O)c(F)c1F,590.53,6.558,126.12,3,6,6,0.094,5,4,2,False,False,False,2,halogenated_ring_1;stilbene,False,,O=C1N=CC=C1C=Cc1ccc(C=Cc2cccc(-c3cc(=O)c4ccccc4o3)c2)cc1,C(C)(C)*|O=C1N=C(N)C=C1C=Cc1c(F)c(F)c(C=C*)c(F)c1F
C=CCNc1oc(-c2ccc(-c3oc4cccc(O)c4c(=O)c3O)cc2C(C)C)cc(=O)c1C=C1CC(CC=CCCCCC)C=CC1=O,661.8,9.268,129.98,3,8,13,0.293,5,4,2,False,False,False,3,Aliphatic_long_chain;Michael_acceptor_1;isolated_alkene,False,,O=C1C=CCCC1=Cc1coc(-c2ccc(-c3cc(=O)c4ccccc4o3)cc2)cc1=O,c1(=O)cc(*)oc(NCC=C)c1C=C1C(=O)C=CC(CC=CCCCCC)C1|*C(C)C
O=c1c(O)c(-c2ccc(-c3ccccc3)c(Cc3ccccc3)c2)oc2cccc(O)c12,420.46,6.129,70.67,2,4,4,0.036,5,5,1,True,True,False,0,,True,,O=c1cc(-c2ccc(-c3ccccc3)c(Cc3ccccc3)c2)oc2ccccc12,c1(*)ccccc1|c1c(C*)cccc1
C=CCN1C(C)CCCC1C=Cc1ccc(-c2oc3cccc(O)c3c(=O)c2O)cc1-c1ccccc1,493.6,6.98,73.91,2,5,6,0.219,5,4,1,True,False,False,1,isolated_alkene,False,,O=c1cc(-c2ccc(C=CC3CCCCN3)c(-c3ccccc3)c2)oc2ccccc12,C1CCC(C)N(CC=C)C1C=C*|c1c(*)cccc1
CN1CCN(c2ccc(-c3oc4cccc(O)c4c(=O)c3O)cc2C(C)(C)C)CC1,408.5,3.921,77.15,2,6,2,0.375,4,3,0,True,True,False,0,,True,,O=c1cc(-c2ccc(N3CCNCC3)cc2)oc2ccccc12,CN1CCN(*)CC1|*C(C)(C)C
C=C(C(C)=CC(=O)O)c1cc(-c2oc3cccc(O)c3c(=O)c2O)ccc1C=C1C=CC=C1,440.45,5.425,107.97,3,5,5,0.037,4,3,1,True,False,False,2,Michael_acceptor_1;polyene,False,,O=c1cc(-c2ccc(C=C3C=CC=C3)cc2)oc2ccccc12,C1=CC=CC1=C*|C(C)(=CC(=O)O)C(=C)*
C=C1CCC2C(C)=CCCC2(C)C1Cc1cc(-c2oc3cccc(O)c3c(=O)c2O)ccc1C(F)(F)F,510.55,7.761,70.67,2,4,3,0.367,5,3,2,False,False,False,1,isolated_alkene,False,,C=C1CCC2C=CCCC2C1Cc1cccc(-c2cc(=O)c3ccccc3o2)c1,FC(F)(F)*|C1C=C(C)C2C(C)(C1)C(C*)C(=C)CC2
CC1=CC(C)=NC2(c3ccc(-c4oc5cccc(O)c5c(=O)c4O)cc3C)C(C)=Cc3cc(C)c(C)cc3C=C12,529.64,7.913,83.03,2,5,2,0.2,6,4,2,False,False,False,0,,True,,O=c1cc(-c2ccc(C34C=Cc5ccccc5C=C3C=CC=N4)cc2)oc2ccccc12,N1=C(C)C=C(C)C2=Cc3c(cc(C)c(C)c3)C=C(C)C12*|C*
CC(C)=CCc1cc(C=Cc2cc(-c3oc4cccc(O)c4c(=O)c3O)ccc2C=CC=CC=CC=C2C=C(C)CC(C)(C)C2)cc(O)c1O,668.83,10.78,111.13,4,6,9,0.205,5,4,2,False,False,False,5,catechol;catechol_A(92);isolated_alkene;polyene;stilbene,False,,O=c1cc(-c2ccc(C=CC=CC=CC=C3C=CCCC3)c(C=Cc3ccccc3)c2)oc2ccccc12,C1C(C)(C)CC(C)=CC1=CC=CC=CC=C*|C(=C(C)C)Cc1c(O)c(O)cc(C=C*)c1
Cc1cc(F)ccc1-c1cc(-c2oc3cccc(O)c3c(=O)c2O)ccc1C1C=CCC=C1,440.47,6.585,70.67,2,4,3,0.107,5,4,1,True,True,False,1,isolated_alkene,False,,O=c1cc(-c2ccc(C3C=CCC=C3)c(-c3ccccc3)c2)oc2ccccc12,C1C=CC(*)C=C1|c1(F)ccc(*)c(C)c1
O=c1c(O)c(-c2ccc(CC3CCNCC3)c(C#Cc3ccccc3)c2)oc2cccc(O)c12,451.52,4.813,82.7,3,5,3,0.207,5,4,0,True,True,False,1,triple_bond,False,,O=c1cc(-c2ccc(CC3CCNCC3)c(C#Cc3ccccc3)c2)oc2ccccc12,C1CNCCC1C*|c1ccc(C#C*)cc1
C=CCc1cc(-c2oc3cccc(O)c3c(=O)c2O)ccc1C(C)C=CC=CC1=CCC=C1C=CC=CC=CC(C)=CCCC=C(C)C=C,650.86,11.599,70.67,2,4,15,0.178,4,3,2,False,False,False,3,Aliphatic_long_chain;isolated_alkene;polyene,False,,O=c1cc(-c2ccc(CC=CC=CC3=CCC=C3)cc2)oc2ccccc12,C(C=C)(C)=CCCC=C(C)C=CC=CC=CC1=CCC=C1C=CC=CC(C)*|C=CC*
C=CCN1C=C(C)CC=C1C=C=CC=CC=C1C=CC(=O)C=C1C=Cc1ccc(-c2oc3cccc(O)c3c(=O)c2O)cc1C=Cc1cccc(F)c1,701.79,10.132,90.98,2,6,10,0.065,6,4,2,False,False,False,3,isolated_alkene;polyene;stilbene,False,,O=C1C=CC(=CC=CC=C=CC2=CCC=CN2)C(C=Cc2ccc(-c3cc(=O)c4ccccc4o3)cc2C=Cc2ccccc2)=C1,C=CCN1C=C(C)CC=C1C=C=CC=CC=C1C=CC(=O)C=C1C=C*|c1ccc(F)cc1C=C*
C=C(C)C#Cc1ccc(-c2oc3cccc(O)c3c(=O)c2O)cc1Cc1ccccc1,408.45,5.39,70.67,2,4,3,0.074,4,4,1,True,True,False,1,triple_bond,False,,O=c1cc(-c2cccc(Cc3ccccc3)c2)oc2ccccc12,CC(=C)C#C*|c1cccc(C*)c1
Cc1ccc2[nH]cc(-c3cc(-c4oc5cccc(O)c5c(=O)c4O)ccc3C3CCCCCC3)c2c1,479.58,7.766,86.46,3,4,3,0.258,6,5,1,True,False,False,0,,True,,O=c1cc(-c2ccc(C3CCCCCC3)c(-c3c[nH]c4ccccc34)c2)oc2ccccc12,C1CCCC(*)CC1|c1(C)cc2c(cc1)[nH]cc2*
CC1=C(CCc2cc(-c3oc4cccc(O)c4c(=O)c3O)ccc2C(C)(C)C)C2C(=CCCC2C)CC1,498.66,8.184,70.67,2,4,4,0.424,5,3,1,True,False,False,1,isolated_alkene,False,,O=c1cc(-c2cccc(CCC3=CCCC4=CCCCC43)c2)oc2ccccc12,CC(C)(*)C|C12C(C)CCC=C2CCC(C)=C1CC*
CNc1ccc(-c2oc3cccc(O)c3c(=O)c2O)cc1C(C)(C)C,339.39,4.21,82.7,3,5,2,0.25,3,3,0,True,True,False,0,,True,,O=c1cc(-c2ccccc2)oc2ccccc12,*NC|CC(C)(C)*
CC(C)c1ccc(-c2oc3cccc(O)c3c(=O)c2O)cc1C(F)(F)F,364.32,5.013,70.67,2,4,2,0.211,3,3,1,True,True,False,0,,True,,O=c1cc(-c2ccccc2)oc2ccccc12,CC(*)C|C(F)(F)(*)F
CCCCCNc1cc(-c2oc3cccc(O)c3c(=O)c2O)ccc1C(F)(F)F,407.39,5.492,82.7,3,5,6,0.286,3,3,1,True,True,False,1,Aliphatic_long_chain,False,,O=c1cc(-c2ccccc2)oc2ccccc12,FC(F)(F)*|C(CC)CCN*
O=c1c(O)c(-c2ccc(N3CCCCC3)c(-c3ccccc3)c2)oc2cccc(O)c12,413.47,5.529,73.91,2,5,3,0.192,5,4,1,True,True,False,0,,True,,O=c1cc(-c2ccc(N3CCCCC3)c(-c3ccccc3)c2)oc2ccccc12,C1N(*)CCCC1|c1ccc(*)cc1
C=CCNc1ccc(-c2oc3cccc(O)c3c(=O)c2O)cc1CC=C,349.39,4.198,82.7,3,5,6,0.095,3,3,0,True,True,False,1,isolated_alkene,False,,O=c1cc(-c2ccccc2)oc2ccccc12,*NCC=C|C(C=C)*
C=CCc1ccc(-c2oc3cccc(O)c3c(=O)c2O)cc1CC=C,334.37,4.328,70.67,2,4,5,0.095,3,3,0,True,True,True,1,isolated_alkene,False,,O=c1cc(-c2ccccc2)oc2ccccc12,C=CC*|C(C=C)*
C=CCc1ccc(-c2oc3cccc(O)c3c(=O)c2O)cc1C(C)C,336.39,4.723,70.67,2,4,4,0.19,3,3,0,True,True,True,1,isolated_alkene,False,,O=c1cc(-c2ccccc2)oc2ccccc12,C=CC*|CC(*)C
CC(C)c1cc(-c2oc3cccc(O)c3c(=O)c2O)ccc1C(F)(F)F,364.32,5.013,70.67,2,4,2,0.211,3,3,1,True,True,False,0,,True,,O=c1cc(-c2ccccc2)oc2ccccc12,C(F)(*)(F)F|CC(*)C
C=CCc1cc(-c2oc3cccc(O)c3c(=O)c2O)ccc1N1CCC(NCC)C1,406.48,3.788,85.94,3,6,6,0.292,4,3,0,True,True,False,1,isolated_alkene,False,,O=c1cc(-c2ccc(N3CCCC3)cc2)oc2ccccc12,N(CC)C1CCN(*)C1|C=CC*
Cc1ccc(-c2oc3cccc(O)c3c(=O)c2O)cc1C1CCCCC1,350.41,5.227,70.67,2,4,2,0.318,4,3,1,True,True,False,0,,True,,O=c1cc(-c2cccc(C3CCCCC3)c2)oc2ccccc12,*C|C1C(*)CCCC1
CC(C)(C)c1ccc(-c2oc3cccc(O)c3c(=O)c2O)cc1C(C)(C)O,368.43,4.396,90.9,3,5,2,0.318,3,3,0,True,True,False,0,,True,,O=c1cc(-c2ccccc2)oc2ccccc12,*C(C)(C)C|CC(O)(*)C
CC(=O)C(C)c1ccc(-c2oc3cccc(O)c3c(=O)c2O)cc1C,338.36,3.872,87.74,2,5,3,0.2,3,3,0,True,True,False,0,,True,,O=c1cc(-c2ccccc2)oc2ccccc12,C(C(*)C)(=O)C|*C
C=CCc1ccc(-c2oc3cccc(O)c3c(=O)c2O)cc1C(F)(F)F,362.3,4.619,70.67,2,4,3,0.105,3,3,0,True,True,True,1,isolated_alkene,False,,O=c1cc(-c2ccccc2)oc2ccccc12,C(=C)C*|C(F)(F)(F)*
O=c1c(O)c(-c2ccc(C=Cc3ccccc3)c(-c3ccccc3)c2)oc2cccc(O)c12,432.48,6.709,70.67,2,4,4,0.0,5,5,1,True,False,False,1,stilbene,False,,O=c1cc(-c2ccc(C=Cc3ccccc3)c(-c3ccccc3)c2)oc2ccccc12,C(*)=Cc1ccccc1|c1c(*)cccc1
CCCc1cc(-c2oc3cccc(O)c3c(=O)c2O)ccc1C(F)(F)F,364.32,4.843,70.67,2,4,3,0.211,3,3,0,True,True,False,0,,True,,O=c1cc(-c2ccccc2)oc2ccccc12,*C(F)(F)F|C(C)C*
C=C(C)c1cc(-c2oc3cccc(O)c3c(=O)c2O)ccc1-c1ccccc1,370.4,5.571,70.67,2,4,3,0.042,4,4,1,True,True,False,0,,True,,O=c1cc(-c2ccc(-c3ccccc3)cc2)oc2ccccc12,c1cc(*)ccc1|C(C)(=C)*
CC(C)c1cc(-c2oc3cccc(O)c3c(=O)c2O)ccc1N,311.34,3.577,96.69,3,5,2,0.167,3,3,0,True,True,False,1,aniline,False,,O=c1cc(-c2ccccc2)oc2ccccc12,N*|*C(C)C
CC1CCCCN1c1ccc(-c2oc3cccc(O)c3c(=O)c2O)cc1-c1ccccc1,427.5,5.917,73.91,2,5,3,0.222,5,4,1,True,True,False,0,,True,,O=c1cc(-c2ccc(N3CCCCC3)c(-c3ccccc3)c2)oc2ccccc12,C1CCCC(C)N1*|*c1ccccc1
CC1CCCC(c2ccc(-c3oc4cccc(O)c4c(=O)c3O)cc2C(F)(F)F)C1C,432.44,6.43,70.67,2,4,2,0.375,4,3,1,True,True,False,0,,True,,O=c1cc(-c2ccc(C3CCCCC3)cc2)oc2ccccc12,C1CCC(C)C(C)C1*|C(F)(F)(F)*
O=c1c(O)c(-c2ccc(C3C4CC5CC(C4)CC3C5)c(C(F)(F)F)c2)oc2cccc(O)c12,456.46,6.43,70.67,2,4,2,0.423,7,3,1,True,True,False,0,,True,,O=c1cc(-c2ccc(C3C4CC5CC(C4)CC3C5)cc2)oc2ccccc12,C12CC3C(*)C(CC(C3)C1)C2|FC(F)(*)F
O=c1c(O)c(-c2ccc(C3CCCCC3Cc3ccccc3)c(C3CCCCC3)c2)oc2cccc(O)c12,508.66,8.435,70.67,2,4,5,0.382,6,4,2,False,False,False,0,,True,,O=c1cc(-c2ccc(C3CCCCC3Cc3ccccc3)c(C3CCCCC3)c2)oc2ccccc12,c1(CC2CCCCC2*)ccccc1|*C1CCCCC1
CC(C(=O)O)c1ccc(-c2oc3cccc(O)c3c(=O)c2O)cc1C(C)C(F)(F)F,422.36,4.725,107.97,3,5,4,0.238,3,3,0,True,True,False,0,,True,,O=c1cc(-c2ccccc2)oc2ccccc12,C(C(O)=O)(*)C|FC(F)(F)C(*)C
Cc1cc(=O)c(-c2ccc(-c3oc4cccc(O)c4c(=O)c3O)cc2C(F)(F)F)c(C)c2c1CCCCC2,522.52,6.803,87.74,2,5,2,0.267,5,4,2,False,False,False,0,,True,,O=c1ccc2c(cc1-c1ccc(-c3cc(=O)c4ccccc4o3)cc1)CCCCC2,C1Cc2c(C)cc(=O)c(*)c(C)c2CCC1|FC(F)(F)*
Cc1ccc(-c2cc(-c3oc4cccc(O)c4c(=O)c3O)ccc2N2CCCCC2)cc1,427.5,5.837,73.91,2,5,3,0.222,5,4,1,True,True,False,0,,True,,O=c1cc(-c2ccc(N3CCCCC3)c(-c3ccccc3)c2)oc2ccccc12,C1CCCCN1*|c1(*)ccc(C)cc1
O=c1c(O)c(-c2ccc(-c3ccccc3)c(-c3ccccc3)c2)oc2cccc(O)c12,406.44,6.205,70.67,2,4,3,0.0,5,5,1,True,True,False,0,,True,,O=c1cc(-c2ccc(-c3ccccc3)c(-c3ccccc3)c2)oc2ccccc12,*c1ccccc1|c1ccccc1*
CC(C)c1cc(-c2oc3cccc(O)c3c(=O)c2O)ccc1NCC1CCCCC1,407.51,5.987,82.7,3,5,5,0.4,4,3,1,True,True,False,0,,True,,O=c1cc(-c2ccc(NCC3CCCCC3)cc2)oc2ccccc12,C(N*)C1CCCCC1|*C(C)C
CC(F)(F)C(F)(F)c1ccc(-c2oc3cccc(O)c3c(=O)c2O)cc1C(F)(F)F,436.28,5.637,70.67,2,4,3,0.211,3,3,1,True,True,False,1,Perfluorinated_chain,False,,O=c1cc(-c2ccccc2)oc2ccccc12,FC(F)(*)C(F)(C)F|*C(F)(F)F
O=C1C=C(c2cc(-c3oc4cccc(O)c4c(=O)c3O)ccc2C(F)(F)F)Nc2cccc1c2,465.38,5.539,99.77,3,6,2,0.04,5,4,1,True,True,False,0,,True,,O=C1C=C(c2cccc(-c3cc(=O)c4ccccc4o3)c2)Nc2cccc1c2,C(F)(F)(*)F|c1ccc2[nH]c(*)cc(=O)c1c2
CCCNc1ccc(-c2oc3cccc(O)c3c(=O)c2O)cc1CC1CCC(CNC(=O)C2CC=CCC2)CC1,544.69,6.515,111.8,4,6,9,0.455,5,3,2,False,False,False,1,isolated_alkene,False,,O=C(NCC1CCC(Cc2cccc(-c3cc(=O)c4ccccc4o3)c2)CC1)C1CC=CCC1,C(C)CN*|O=C(C1CCC=CC1)NCC1CCC(C*)CC1
O=c1c(O)c(-c2ccc(C3CCCCC3)c(-c3cc(F)ccc3F)c2)oc2cccc(O)c12,448.47,6.864,70.67,2,4,3,0.222,5,4,1,True,False,False,0,,True,,O=c1cc(-c2ccc(C3CCCCC3)c(-c3ccccc3)c2)oc2ccccc12,C1CCCCC1*|c1(F)ccc(F)c(*)c1
CN1CCN(c2ccc(-c3oc4cccc(O)c4c(=O)c3O)cc2C(F)(F)F)CC1,420.39,3.642,77.15,2,6,2,0.286,4,3,0,True,True,True,0,,True,,O=c1cc(-c2ccc(N3CCNCC3)cc2)oc2ccccc12,C1CN(*)CCN1C|FC(F)(F)*
CC1=CC(c2ccc(-c3oc4cccc(O)c4c(=O)c3O)cc2C(C)C)C(C(C)C)=C(C)N1,445.56,6.515,82.7,3,5,4,0.321,4,3,1,True,False,False,0,,True,,O=c1cc(-c2ccc(C3C=CNC=C3)cc2)oc2ccccc12,C(C1=C(C)NC(C)=CC1*)(C)C|*C(C)C
O=c1c(O)c(-c2ccc(C3CCNCC3)c(-c3ccc(F)cc3)c2)oc2cccc(O)c12,431.46,5.144,82.7,3,5,3,0.192,5,4,1,True,True,False,0,,True,,O=c1cc(-c2ccc(C3CCNCC3)c(-c3ccccc3)c2)oc2ccccc12,C1CNCCC1*|c1(*)ccc(F)cc1
C=CCc1cc(-c2oc3cccc(O)c3c(=O)c2O)ccc1C(c1ccccc1)c1cccc(C)c1,474.56,7.088,70.67,2,4,6,0.094,5,5,1,True,False,False,2,isolated_alkene;triphenyl_methyl-silyl,False,,O=c1cc(-c2ccc(C(c3ccccc3)c3ccccc3)cc2)oc2ccccc12,c1cccc(C(*)c2cc(C)ccc2)c1|C(=C)C*
CCNc1ccc(-c2oc3cccc(O)c3c(=O)c2O)cc1CC(C)NC,368.43,3.453,94.73,4,6,6,0.286,3,3,0,True,True,False,0,,True,,O=c1cc(-c2ccccc2)oc2ccccc12,CCN*|C(C*)(NC)C
CC(C)c1cc(-c2oc3cccc(O)c3c(=O)c2O)ccc1C1(C)CCCCC1,392.5,6.216,70.67,2,4,3,0.4,4,3,1,True,True,False,0,,True,,O=c1cc(-c2ccc(C3CCCCC3)cc2)oc2ccccc12,C1C(C)(*)CCCC1|CC(*)C
O=c1c(O)c(-c2ccc(C(F)F)c(C(F)(F)F)c2)oc2cccc(O)c12,372.25,4.828,70.67,2,4,2,0.118,3,3,0,True,True,False,0,,True,,O=c1cc(-c2ccccc2)oc2ccccc12,C(F)(*)F|*C(F)(F)F
CC(c1ccc(-c2oc3cccc(O)c3c(=O)c2O)cc1C(F)(F)F)C1CCCCN1,433.43,5.136,82.7,3,5,3,0.348,4,3,1,True,True,False,0,,True,,O=c1cc(-c2ccc(CC3CCCCN3)cc2)oc2ccccc12,N1CCCCC1C(C)*|FC(F)(F)*
C=C(C)NCc1ccc(-c2ccc(-c3oc4cccc(O)c4c(=O)c3O)cc2C(F)(F)F)cc1,467.44,6.18,82.7,3,5,5,0.115,4,4,1,True,True,False,0,,True,,O=c1cc(-c2ccc(-c3ccccc3)cc2)oc2ccccc12,c1c(CNC(C)=C)ccc(*)c1|FC(F)(*)F
NCCCNCCOc1ccc(-c2cc(-c3oc4cccc(O)c4c(=O)c3O)ccc2-c2ccccc2)cc1,522.6,5.522,117.95,4,7,10,0.156,5,5,2,False,False,False,1,Aliphatic_long_chain,False,,O=c1cc(-c2ccc(-c3ccccc3)c(-c3ccccc3)c2)oc2ccccc12,c1ccc(*)cc1|C(COc1ccc(*)cc1)NCCCN
O=c1c(O)c(-c2ccc(C3CC=CCC3)c(C=Cc3ccccc3)c2)oc2cccc(O)c12,436.51,6.865,70.67,2,4,4,0.138,5,4,1,True,False,False,2,isolated_alkene;stilbene,False,,O=c1cc(-c2ccc(C3CC=CCC3)c(C=Cc3ccccc3)c2)oc2ccccc12,C1CC=CCC1*|c1cccc(C=C*)c1
Cc1cc(C)cc(-c2cc(-c3oc4cccc(O)c4c(=O)c3O)ccc2C(F)(F)F)c1,426.39,6.174,70.67,2,4,2,0.125,4,4,1,True,True,False,0,,True,,O=c1cc(-c2cccc(-c3ccccc3)c2)oc2ccccc12,C(F)(F)(*)F|c1c(*)cc(C)cc1C
CN1CCC(c2ccc(-c3oc4cccc(O)c4c(=O)c3O)cc2Cc2ccccc2)CC1,441.53,5.271,73.91,2,5,4,0.25,5,4,1,True,True,False,0,,True,,,CN1CCC(*)CC1|c1ccc(C*)cc1
O=c1c(O)c(-c2ccc(N3CCCCC3)c(C3CCCCC3)c2)oc2cccc(O)c12,419.52,5.909,73.91,2,5,3,0.423,5,3,1,True,True,False,0,,True,,,C1N(*)CCCC1|*C1CCCCC1
O=c1c(O)c(-c2ccc(C=Cc3ccccc3)c(C(F)(F)F)c2)oc2cccc(O)c12,424.37,6.06,70.67,2,4,3,0.042,4,4,1,True,True,False,1,stilbene,False,,,c1(C=C*)ccccc1|FC(*)(F)F
CC1CCC(c2cc(-c3oc4cccc(O)c4c(=O)c3O)ccc2C(C)C)CC1,392.5,6.288,70.67,2,4,3,0.4,4,3,1,True,True,False,0,,True,,,*C(C)C|C1C(C)CCC(*)C1
CC1CCN(c2ccc(-c3oc4cccc(O)c4c(=O)c3O)cc2NC(C)C)CC1,408.5,4.928,85.94,3,6,4,0.375,4,3,0,True,True,False,0,,True,,,C1N(*)CCC(C)C1|C(N*)(C)C
CC(C)C(C)c1ccc(-c2oc3cccc(O)c3c(=O)c2O)cc1C1CCCCC1,406.52,6.678,70.67,2,4,4,0.423,4,3,1,True,False,False,0,,True,,,CC(C)C(C)*|*C1CCCCC1
CC(C)c1ccc(-c2oc3cccc(O)c3c(=O)c2O)cc1-c1ccccc1,372.42,5.662,70.67,2,4,3,0.125,4,4,1,True,True,False,0,,True,,,C(C)(C)*|c1c(*)cccc1
CC(C)c1cc(-c2oc3cccc(O)c3c(=O)c2O)ccc1N1CCCC1,365.43,4.595,73.91,2,5,3,0.318,4,3,0,True,True,False,0,,True,,,C1N(*)CCC1|C(*)(C)C
C=CCc1cc(-c2oc3cccc(O)c3c(=O)c2O)ccc1-c1ccc(C)cc1,384.43,5.575,70.67,2,4,4,0.08,4,4,1,True,True,False,1,isolated_alkene,False,,,c1(*)ccc(C)cc1|C(*)C=C
O=c1c(O)c(-c2ccc(N3CCCCC3)c(Nc3ccc(C(F)(F)F)cc3)c2)oc2cccc(O)c12,496.49,6.624,85.94,3,6,4,0.222,5,4,1,True,False,False,0,,True,,,C1N(*)CCCC1|FC(F)(F)c1ccc(N*)cc1
O=c1c(O)c(-c2ccc(N3CCCCC3)c(Cc3ccccc3)c2)oc2cccc(O)c12,427.5,5.452,73.91,2,5,4,0.222,5,4,1,True,True,False,0,,True,,,C1CCCCN1*|c1ccccc1C*
O=c1c(O)c(-c2ccc(NC3CCCCC3)c(C3CCCCC3)c2)oc2cccc(O)c12,433.55,6.664,82.7,3,5,4,0.444,5,3,1,True,False,False,0,,True,,,C1CCCCC1N*|C1(*)CCCCC1
C=CCc1ccc(-c2oc3cccc(O)c3c(=O)c2O)cc1-c1ccccc1,370.4,5.267,70.67,2,4,4,0.042,4,4,1,True,True,False,1,isolated_alkene,False,,,C=CC*|c1cccc(*)c1
O=c1c(O)c(-c2ccc(NCc3ccccc3)c(Cc3ccccc3)c2)oc2cccc(O)c12,449.51,6.074,82.7,3,5,6,0.069,5,5,1,True,True,False,0,,True,,,c1cccc(CN*)c1|c1ccc(C*)cc1
C=CCc1ccc(-c2oc3cccc(O)c3c(=O)c2O)cc1NC(C)Cc1ccccc1,427.5,5.643,82.7,3,5,7,0.148,4,4,1,True,True,False,1,isolated_alkene,False,,,C(=C)C*|c1(CC(N*)C)ccccc1
O=c1c(O)c(-c2ccc(N3CCCC3)c(-c3ccccc3)c2)oc2cccc(O)c12,399.45,5.138,73.91,2,5,3,0.16,5,4,1,True,True,False,0,,True,,,C1CN(*)CC1|c1cc(*)ccc1
CC1CCCCC1c1ccc(-c2oc3cccc(O)c3c(=O)c2O)cc1CCN(C)C,421.54,5.269,73.91,2,5,5,0.423,4,3,1,True,True,False,0,,True,,,C1C(C)C(*)CCC1|N(CC*)(C)C
Cc1ccc(-c2cc(-c3oc4cccc(O)c4c(=O)c3O)ccc2NC(C)C)cc1,401.46,5.667,82.7,3,5,4,0.16,4,4,1,True,True,False,0,,True,,,C(C)(C)N*|c1cc(*)ccc1C
CCc1cc(-c2oc3cccc(O)c3c(=O)c2O)ccc1C(C)(C)C,338.4,4.731,70.67,2,4,2,0.286,3,3,0,True,True,True,0,,True,,,*C(C)(C)C|CC*
O=c1c(O)c(-c2ccc(C(F)(F)F)c(CC3CCCCO3)c2)oc2cccc(O)c12,420.38,5.002,79.9,2,5,3,0.318,4,3,1,True,True,False,0,,True,,,*C(F)(F)F|O1CCCCC1C*
Cc1cc(-c2oc3cccc(O)c3c(=O)c2O)ccc1-c1ccccc1,344.37,4.847,70.67,2,4,2,0.045,4,4,0,True,True,False,0,,True,,,c1ccc(*)cc1|*C
Cc1ccc(-c2oc3cccc(O)c3c(=O)c2O)cc1C=Cc1ccccc1,370.4,5.35,70.67,2,4,3,0.042,4,4,1,True,True,False,1,stilbene,False,,,C(=C*)c1ccccc1|*C
O=C(O)Cc1ccc(-c2oc3cccc(O)c3c(=O)c2O)cc1C1C2CCC(C2)CC1NC(=O)C=Cc1ccccc1,565.62,5.6,137.07,4,6,7,0.265,6,4,2,False,False,False,1,Michael_acceptor_1,False,,,C1(NC(C=Cc2ccccc2)=O)CC2CCC(C1*)C2|C(*)C(O)=O
O=c1c(O)c(-c2ccc(-c3ccccc3)c(C(F)(F)F)c2)oc2cccc(O)c12,398.34,5.557,70.67,2,4,2,0.045,4,4,1,True,True,False,0,,True,,,*C(F)(F)F|c1c(*)cccc1
O=c1c(O)c(-c2ccc(C3CCCCC3)c(C(F)(F)F)c2)oc2cccc(O)c12,404.38,5.938,70.67,2,4,2,0.318,4,3,1,True,True,False,0,,True,,,FC(F)(*)F|*C1CCCCC1
O=c1c(O)c(-c2ccc(-c3ccc(F)cc3)c(C(F)(F)F)c2)oc2cccc(O)c12,416.33,5.696,70.67,2,4,2,0.045,4,4,1,True,True,False,0,,True,,,*C(F)(F)F|c1c(F)ccc(*)c1
CCCc1cc(-c2oc3cccc(O)c3c(=O)c2O)ccc1C,310.35,4.132,70.67,2,4,3,0.211,3,3,0,True,True,True,0,,True,,,C(CC)*|C*
C=CCc1cc(-c2oc3cccc(O)c3c(=O)c2O)ccc1C(F)F,344.31,4.537,70.67,2,4,4,0.105,3,3,0,True,True,True,1,isolated_alkene,False,,,C=CC*|*C(F)F
C=CCc1cc(-c2oc3cccc(O)c3c(=O)c2O)ccc1CC,322.36,4.162,70.67,2,4,4,0.15,3,3,0,True,True,True,1,isolated_alkene,False,,,C=CC*|C(C)*
CN(C)c1ccc(-c2oc3cccc(O)c3c(=O)c2O)cc1C(F)(F)F,365.31,3.956,73.91,2,5,2,0.167,3,3,0,True,True,True,0,,True,,,FC(*)(F)F|N(C)(C)*
CC(=NCc1cc(C=CC(=O)O)c(C=Cc2cc(-c3oc4cccc(O)c4c(=O)c3O)ccc2C)cc1F)c1ccccc1,589.62,7.596,120.33,3,6,8,0.083,5,5,2,False,False,False,3,Michael_acceptor_1;imine_1;stilbene,False,,,C(=O)(O)C=Cc1c(C=C*)cc(F)c(CN=C(C)c2ccccc2)c1|*C
CCc1ccc(-c2oc3cccc(O)c3c(=O)c2O)cc1C(F)F,332.3,4.371,70.67,2,4,3,0.167,3,3,0,True,True,True,0,,True,,,FC(F)*|C(C)*
CCCNc1ccc(-c2oc3cccc(O)c3c(=O)c2O)cc1C(F)(F)F,379.33,4.712,82.7,3,5,4,0.211,3,3,0,True,True,False,0,,True,,,FC(*)(F)F|*NCCC
O=c1c(O)c(-c2ccc(C(F)(F)F)c(C(F)F)c2)oc2cccc(O)c12,372.25,4.828,70.67,2,4,2,0.118,3,3,0,True,True,False,0,,True,,,FC(F)*|FC(F)(*)F
CNc1ccc(-c2oc3cccc(O)c3c(=O)c2O)cc1C(C)C,325.36,4.036,82.7,3,5,3,0.211,3,3,0,True,True,False,0,,True,,,C(*)(C)C|*NC
Cc1ccc(-c2cc(-c3oc4cccc(O)c4c(=O)c3O)ccc2NC2CCCCC2)cc1C,455.55,6.9,82.7,3,5,4,0.276,5,4,1,True,False,False,0,,True,,,c1(*)cc(C)c(C)cc1|C1CCCCC1N*
CN(C)CC=CCN=C=Cc1ccc(-c2oc3cccc(O)c3c(=O)c2O)cc1-c1ccccc1,466.54,5.339,86.27,2,6,7,0.138,4,4,1,True,True,False,2,imine_1;isolated_alkene,False,,,c1cccc(*)c1|C(CN=C=C*)=CCN(C)C
Cc1ccc(-c2oc3cccc(O)c3c(=O)c2O)cc1-c1ccc(O)cc1,360.37,4.552,90.9,3,5,2,0.045,4,4,0,True,True,False,0,,True,,,c1(O)ccc(*)cc1|*C
CCCNc1ccc(-c2oc3cccc(O)c3c(=O)c2O)cc1C(C)C,353.42,4.817,82.7,3,5,5,0.286,3,3,0,True,True,False,0,,True,,,C(C)(C)*|C(N*)CC
CC(C)Cc1cc(-c2oc3cccc(O)c3c(=O)c2O)ccc1C=Cc1ccc(C(F)(F)F)cc1,480.48,7.259,70.67,2,4,5,0.179,4,4,1,True,False,False,1,stilbene,False,,,C(*)C(C)C|*C=Cc1ccc(C(F)(F)F)cc1
O=c1c(O)c(-c2ccc(C(F)(F)F)c(-c3ccc([N+](=O)[O-])o3)c2)oc2cccc(O)c12,433.29,5.058,126.95,2,7,3,0.05,4,4,1,True,False,False,2,Oxygen-nitrogen_single_bond;nitro_group,False,,,c1cc([N+](=O)[O-])oc1*|C(F)(F)(*)F
COCCNc1ccc(-c2oc3cccc(O)c3c(=O)c2O)cc1C,341.36,3.238,91.93,3,6,5,0.211,3,3,0,True,True,False,1,Aliphatic_long_chain,False,,,*C|C(COC)N*
C=CCc1cc(-c2oc3cccc(O)c3c(=O)c2O)ccc1NC=C1C=CCCCC1,415.49,6.026,82.7,3,5,5,0.192,4,3,1,True,True,False,1,isolated_alkene,False,,,*CC=C|N(*)C=C1CCCCC=C1
O=c1c(O)c(-c2ccc(N3CCCC3)c(-c3cc(F)cc(F)c3)c2)oc2cccc(O)c12,435.43,5.417,73.91,2,5,3,0.16,5,4,1,True,True,False,0,,True,,,*c1cc(F)cc(F)c1|C1CCN(*)C1
CCCc1cc(-c2oc3cccc(O)c3c(=O)c2O)ccc1CC,324.38,4.386,70.67,2,4,4,0.25,3,3,0,True,True,True,0,,True,,,C(C)C*|CC*
CC=Cc1ccc(-c2oc3cccc(O)c3c(=O)c2O)cc1C(C)C,336.39,5.028,70.67,2,4,3,0.19,3,3,1,True,True,False,0,,True,,,*C(C)C|C(=C*)C
CC(C)c1cc(-c2oc3cccc(O)c3c(=O)c2O)ccc1C1CCCCC1,378.47,6.042,70.67,2,4,3,0.375,4,3,1,True,True,False,0,,True,,,C(*)(C)C|*C1CCCCC1
CC(C)c1cc(-c2oc3cccc(O)c3c(=O)c2O)ccc1-c1ccccc1,372.42,5.662,70.67,2,4,3,0.125,4,4,1,True,True,False,0,,True,,,*C(C)C|c1c(*)cccc1
C=CCc1ccc(-c2oc3cccc(O)c3c(=O)c2O)cc1C(C)(C)C,350.41,4.897,70.67,2,4,3,0.227,3,3,0,True,True,False,1,isolated_alkene,False,,,*C(C)(C)C|C(C*)=C
CCCc1cc(-c2oc3cccc(O)c3c(=O)c2O)ccc1C(C)C,338.4,4.947,70.67,2,4,4,0.286,3,3,0,True,True,False,0,,True,,,*C(C)C|C(*)CC
CCNc1ccc(-c2oc3cccc(O)c3c(=O)c2O)cc1C(C)C,339.39,4.426,82.7,3,5,4,0.25,3,3,0,True,True,False,0,,True,,,C(C)N*|CC(C)*
CCCc1ccc(-c2oc3cccc(O)c3c(=O)c2O)cc1C(F)(F)F,364.32,4.843,70.67,2,4,3,0.211,3,3,0,True,True,False,0,,True,,,*CCC|FC(F)(*)F
CC(C)(C)c1cc(-c2oc3cccc(O)c3c(=O)c2O)ccc1C=Cc1ccccc1,412.49,6.339,70.67,2,4,3,0.148,4,4,1,True,True,False,1,stilbene,False,,,c1(C=C*)ccccc1|CC(C)(C)*
C=Cc1ccc(-c2oc3cccc(O)c3c(=O)c2O)cc1CC=C(C)C,348.4,5.023,70.67,2,4,4,0.136,3,3,1,True,True,False,1,isolated_alkene,False,,,C(=C)*|C(C)(C)=CC*
CC(C)c1cc(-c2oc3cccc(O)c3c(=O)c2O)ccc1C(C)(C)C,352.43,5.292,70.67,2,4,2,0.318,3,3,1,True,True,False,0,,True,,,C(C)(C)(C)*|CC(*)C
CCc1cc(-c2oc3cccc(O)c3c(=O)c2O)ccc1C(F)(F)F,350.29,4.452,70.67,2,4,2,0.167,3,3,0,True,True,True,0,,True,,,C(F)(F)(*)F|*CC
CC(C)=CCc1ccc(-c2oc3cccc(O)c3c(=O)c2O)cc1C,336.39,4.688,70.67,2,4,3,0.19,3,3,0,True,True,True,1,isolated_alkene,False,,,C(C)(C)=CC*|C*
C=Cc1cc(-c2oc3cccc(O)c3c(=O)c2O)ccc1C,294.31,3.823,70.67,2,4,2,0.056,3,3,0,True,True,True,0,,True,,,*C|*C=C
CCCc1ccc(-c2oc3cccc(O)c3c(=O)c2O)cc1CC,324.38,4.386,70.67,2,4,4,0.25,3,3,0,True,True,True,0,,True,,,C(*)CC|*CC
CCCCc1ccc(-c2oc3cccc(O)c3c(=O)c2O)cc1C,324.38,4.522,70.67,2,4,4,0.25,3,3,0,True,True,True,0,,True,,,*CCCC|*C
CC(C)(C)c1cc(-c2oc3cccc(O)c3c(=O)c2O)ccc1-c1ccccc1,386.45,5.836,70.67,2,4,2,0.16,4,4,1,True,True,False,0,,True,,,c1(*)ccccc1|C(*)(C)(C)C
C=CCNc1ccc(-c2oc3cccc(O)c3c(=O)c2O)cc1C(F)(F)F,377.32,4.488,82.7,3,5,4,0.105,3,3,0,True,True,False,1,isolated_alkene,False,,,N(*)CC=C|FC(*)(F)F
Cc1cccc(-c2cc(-c3oc4cccc(O)c4c(=O)c3O)ccc2C(F)(F)F)c1,412.36,5.865,70.67,2,4,2,0.087,4,4,1,True,True,False,0,,True,,,FC(*)(F)F|c1(*)cc(C)ccc1
C=CC(C)c1ccc(-c2oc3cccc(O)c3c(=O)c2O)cc1C,322.36,4.469,70.67,2,4,3,0.15,3,3,0,True,True,True,1,isolated_alkene,False,,,C(C(*)C)=C|C*
CCCc1ccc(-c2oc3cccc(O)c3c(=O)c2O)cc1C,310.35,4.132,70.67,2,4,3,0.211,3,3,0,True,True,True,0,,True,,,*CCC|*C
Cc1ccc(-c2oc3cccc(O)c3c(=O)c2O)cc1C(F)F,318.27,4.117,70.67,2,4,2,0.118,3,3,0,True,True,True,0,,True,,,C*|C(F)(F)*
CCCc1cc(-c2oc3cccc(O)c3c(=O)c2O)ccc1N,311.34,3.406,96.69,3,5,3,0.167,3,3,0,True,True,False,1,aniline,False,,,N*|CCC*
CCc1cc(-c2oc3cccc(O)c3c(=O)c2O)ccc1-c1ccccc1,358.39,5.101,70.67,2,4,3,0.087,4,4,1,True,True,False,0,,True,,,c1(*)ccccc1|C(C)*
C=CCc1cc(-c2oc3cccc(O)c3c(=O)c2O)ccc1C(C)C,336.39,4.723,70.67,2,4,4,0.19,3,3,0,True,True,True,1,isolated_alkene,False,,,*C(C)C|C(*)C=C
CCc1cc(-c2oc3cccc(O)c3c(=O)c2O)ccc1C(F)F,332.3,4.371,70.67,2,4,3,0.167,3,3,0,True,True,True,0,,True,,,FC(F)*|C(C)*
CCc1ccc(-c2oc3cccc(O)c3c(=O)c2O)cc1C(F)(F)F,350.29,4.452,70.67,2,4,2,0.167,3,3,0,True,True,True,0,,True,,,CC*|C(F)(F)(*)F
Cc1ccc(-c2oc3cccc(O)c3c(=O)c2O)cc1Cc1ccc(F)cc1,376.38,4.91,70.67,2,4,3,0.087,4,4,0,True,True,False,0,,True,,,*C|C(c1ccc(F)cc1)*
Cc1cc(-c2oc3cccc(O)c3c(=O)c2O)ccc1C(F)F,318.27,4.117,70.67,2,4,2,0.118,3,3,0,True,True,True,0,,True,,,C(*)(F)F|C*
O=c1c(O)c(-c2ccc(-c3cccnc3)c(C(F)F)c2)oc2cccc(O)c12,381.33,4.871,83.56,2,5,3,0.048,4,4,0,True,True,False,0,,True,,,c1c(*)cncc1|FC(*)F
C=CCc1ccc(-c2oc3cccc(O)c3c(=O)c2O)cc1CCC,336.39,4.552,70.67,2,4,5,0.19,3,3,0,True,True,True,1,isolated_alkene,False,,,C(*)C=C|C(C)C*
CCc1ccc(-c2oc3cccc(O)c3c(=O)c2O)cc1CC,310.35,3.996,70.67,2,4,3,0.211,3,3,0,True,True,True,0,,True,,,CC*|*CC
C=CCc1ccc(-c2oc3cccc(O)c3c(=O)c2O)cc1CF,326.32,4.069,70.67,2,4,4,0.105,3,3,0,True,True,True,1,isolated_alkene,False,,,C=CC*|FC*
O=c1c(O)c(-c2ccc(CF)c(C(F)F)c2)oc2cccc(O)c12,336.27,4.278,70.67,2,4,3,0.118,3,3,0,True,True,True,0,,True,,,C(F)*|C(F)(F)*
C=CCc1cc(-c2oc3cccc(O)c3c(=O)c2O)ccc1C(F)(F)F,362.3,4.619,70.67,2,4,3,0.105,3,3,0,True,True,True,1,isolated_alkene,False,,,FC(F)(*)F|C(C=C)*
CCCc1ccc(-c2oc3cccc(O)c3c(=O)c2O)cc1-c1ccccc1,372.42,5.491,70.67,2,4,4,0.125,4,4,1,True,True,False,0,,True,,,C(*)CC|c1(*)ccccc1
Cc1ccc(-c2cc(-c3oc4cccc(O)c4c(=O)c3O)ccc2C(F)F)cc1,394.37,5.784,70.67,2,4,3,0.087,4,4,1,True,True,False,0,,True,,,*C(F)F|c1c(C)ccc(*)c1
O=c1c(O)c(-c2ccc(C(F)F)c(C(F)F)c2)oc2cccc(O)c12,354.26,4.746,70.67,2,4,3,0.118,3,3,0,True,True,True,0,,True,,,*C(F)F|C(*)(F)F
C=C(C)Cc1ccc(-c2oc3cccc(O)c3c(=O)c2O)cc1CC,336.39,4.552,70.67,2,4,4,0.19,3,3,0,True,True,True,1,isolated_alkene,False,,,CC(=C)C*|*CC
CCc1cc(-c2oc3cccc(O)c3c(=O)c2O)ccc1CC(C)C,338.4,4.632,70.67,2,4,4,0.286,3,3,0,True,True,True,0,,True,,,C(*)C(C)C|C(C)*
C=CCc1ccc(-c2oc3cccc(O)c3c(=O)c2O)cc1C(F)F,344.31,4.537,70.67,2,4,4,0.105,3,3,0,True,True,True,1,isolated_alkene,False,,,C=CC*|C(F)(F)*
CC(C)Cc1ccc(-c2oc3cccc(O)c3c(=O)c2O)cc1C(C)C,352.43,5.193,70.67,2,4,4,0.318,3,3,1,True,True,False,0,,True,,,CC(C)C*|CC(*)C
C=CCc1ccc(-c2oc3cccc(O)c3c(=O)c2O)cc1CC,322.36,4.162,70.67,2,4,4,0.15,3,3,0,True,True,True,1,isolated_alkene,False,,,C=CC*|*CC
CCCCc1cc(-c2oc3cccc(O)c3c(=O)c2O)ccc1C(C)C,352.43,5.337,70.67,2,4,5,0.318,3,3,1,True,True,False,0,,True,,,C(*)(C)C|C(C*)CC
Cc1ccc(-c2cc(-c3oc4cccc(O)c4c(=O)c3O)ccc2C)cc1,358.39,5.155,70.67,2,4,2,0.087,4,4,1,True,True,False,0,,True,,,C*|c1(*)ccc(C)cc1
Cc1cccc(-c2cc(-c3oc4cccc(O)c4c(=O)c3O)ccc2C)c1,358.39,5.155,70.67,2,4,2,0.087,4,4,1,True,True,False,0,,True,,,*C|c1(*)cccc(C)c1
CCc1cc(-c2oc3cccc(O)c3c(=O)c2O)ccc1NCc1ccccc1,387.44,5.046,82.7,3,5,5,0.125,4,4,1,True,True,False,0,,True,,,c1cc(CN*)ccc1|C(C)*
Cc1cc(-c2oc3cccc(O)c3c(=O)c2O)ccc1C(C)(C)C,324.38,4.477,70.67,2,4,1,0.25,3,3,0,True,True,True,0,,True,,,CC(C)(*)C|*C
CCc1cc(-c2oc3cccc(O)c3c(=O)c2O)ccc1-c1ccc(F)cc1,376.38,5.24,70.67,2,4,3,0.087,4,4,1,True,True,False,0,,True,,,c1(*)ccc(F)cc1|*CC
O=c1c(O)c(-c2ccc(C(F)F)c(-c3ccccc3)c2)oc2cccc(O)c12,380.35,5.476,70.67,2,4,3,0.045,4,4,1,True,True,False,0,,True,,,C(F)(F)*|c1cccc(*)c1
CCCCc1cc(-c2oc3cccc(O)c3c(=O)c2O)ccc1-c1ccc(C)cc1,400.47,6.189,70.67,2,4,5,0.192,4,4,1,True,True,False,0,,True,,,c1(*)ccc(C)cc1|C(C)CC*
C=CCc1cc(-c2oc3cccc(O)c3c(=O)c2O)ccc1C=Cc1ccc(C)cc1,410.47,6.079,70.67,2,4,5,0.074,4,4,1,True,True,False,2,isolated_alkene;stilbene,False,,,C(=C*)c1ccc(C)cc1|C(*)C=C
CCCc1cc(-c2oc3cccc(O)c3c(=O)c2O)ccc1CCO,340.38,3.359,90.9,3,5,5,0.25,3,3,0,True,True,False,0,,True,,,OCC*|*CCC
C=CCc1ccc(-c2oc3cccc(O)c3c(=O)c2O)cc1-c1ccc(F)cc1,388.39,5.406,70.67,2,4,4,0.042,4,4,1,True,True,False,1,isolated_alkene,False,,,*CC=C|c1c(*)ccc(F)c1
CCc1ccc(-c2oc3cccc(O)c3c(=O)c2O)cc1-c1ccc(F)cc1,376.38,5.24,70.67,2,4,3,0.087,4,4,1,True,True,False,0,,True,,,C(C)*|c1(F)ccc(*)cc1
Cc1cc(-c2oc3cccc(O)c3c(=O)c2O)ccc1C(F)(F)F,336.26,4.198,70.67,2,4,1,0.118,3,3,0,True,True,True,0,,True,,,FC(*)(F)F|C*
O=c1c(O)c(-c2ccc(-c3ccc(F)cc3)c(-c3ccccc3)c2)oc2cccc(O)c12,424.43,6.344,70.67,2,4,3,0.0,5,5,1,True,True,False,0,,True,,,c1c(*)ccc(F)c1|c1cccc(*)c1
Cc1cc(-c2oc3cccc(O)c3c(=O)c2O)ccc1CC(C)C,324.38,4.378,70.67,2,4,3,0.25,3,3,0,True,True,True,0,,True,,,C(C)(C)C*|*C
Cc1cc(-c2oc3cccc(O)c3c(=O)c2O)ccc1Cc1ccccc1,358.39,4.77,70.67,2,4,3,0.087,4,4,0,True,True,True,0,,True,,,C(c1ccccc1)*|C*
C=CCc1cc(-c2oc3cccc(O)c3c(=O)c2O)ccc1C=C,320.34,4.243,70.67,2,4,4,0.05,3,3,0,True,True,True,1,isolated_alkene,False,,,C=C*|*CC=C
CCCc1ccc(-c2oc3cccc(O)c3c(=O)c2O)cc1C(F)F,346.33,4.761,70.67,2,4,4,0.211,3,3,0,True,True,True,0,,True,,,*CCC|C(F)(F)*
CCCNc1ccc(-c2oc3cccc(O)c3c(=O)c2O)cc1CCC,353.42,4.646,82.7,3,5,6,0.286,3,3,0,True,True,False,0,,True,,,C(C)CN*|C(C)C*
O=c1c(O)c(-c2ccc(-c3cccc(F)c3)c(C(F)F)c2)oc2cccc(O)c12,398.34,5.615,70.67,2,4,3,0.045,4,4,1,True,True,False,0,,True,,,c1(*)cc(F)ccc1|C(F)(F)*
CCc1cc(-c2oc3cccc(O)c3c(=O)c2O)ccc1N1CCCCC1,365.43,4.424,73.91,2,5,3,0.318,4,3,0,True,True,True,0,,True,,,C1N(*)CCCC1|C(*)C
C=CCc1cc(-c2oc3cccc(O)c3c(=O)c2O)ccc1CF,326.32,4.069,70.67,2,4,4,0.105,3,3,0,True,True,True,1,isolated_alkene,False,,,C(F)*|C(C=C)*
O=c1c(O)c(-c2ccc(-c3ccccc3)c(C(F)F)c2)oc2cccc(O)c12,380.35,5.476,70.67,2,4,3,0.045,4,4,1,True,True,False,0,,True,,,c1cccc(*)c1|C(F)(*)F
CN(C)CCc1ccc(-c2oc3cccc(O)c3c(=O)c2O)cc1C(F)(F)F,393.36,3.994,73.91,2,5,4,0.25,3,3,0,True,True,True,0,,True,,,N(C)(CC*)C|C(F)(*)(F)F
Cc1ccc(C=Cc2ccc(-c3oc4cccc(O)c4c(=O)c3O)cc2C)cc1,384.43,5.658,70.67,2,4,3,0.08,4,4,1,True,True,False,1,stilbene,False,,,C(=C*)c1ccc(C)cc1|C*
C=CCc1cc(-c2oc3cccc(O)c3c(=O)c2O)ccc1CCC(C)=NN=C(C)C,418.49,5.389,95.39,2,6,7,0.24,3,3,1,True,True,False,3,Oxygen-nitrogen_single_bond;imine_1;isolated_alkene,False,,,C(*)CC(=NN=C(C)C)C|C(*)C=C
O=c1c(O)c(-c2ccc(CCN=C=S)c(CF)c2)oc2cccc(O)c12,371.39,3.986,115.12,2,6,5,0.158,3,3,0,True,True,False,2,Thiocarbonyl_group;imine_1,False,,,S=C=NCC*|C(F)*
C=CCc1cc(-c2oc3cccc(O)c3c(=O)c2O)ccc1-c1ccccc1,370.4,5.267,70.67,2,4,4,0.042,4,4,1,True,True,False,1,isolated_alkene,False,,,c1cc(*)ccc1|C(C=C)*
CCc1cc(-c2oc3cccc(O)c3c(=O)c2O)ccc1C=Cc1ccc(C)cc1,398.46,5.912,70.67,2,4,4,0.115,4,4,1,True,True,False,1,stilbene,False,,,c1cc(C=C*)ccc1C|C(*)C
CCc1cc(-c2oc3cccc(O)c3c(=O)c2O)ccc1Cc1ccccc1,372.42,5.024,70.67,2,4,4,0.125,4,4,1,True,True,False,0,,True,,,*Cc1ccccc1|CC*
CN(C)c1ccc(-c2oc3cccc(O)c3c(=O)c2O)cc1-c1ccccc1,373.41,4.604,73.91,2,5,3,0.087,4,4,0,True,True,False,0,,True,,,N(C)(C)*|c1ccc(*)cc1
CCc1cc(-c2oc3cccc(O)c3c(=O)c2O)ccc1-c1ccccc1F,376.38,5.24,70.67,2,4,3,0.087,4,4,1,True,True,False,0,,True,,,c1c(*)c(F)ccc1|C(C)*
O=c1c(O)c(-c2ccc(CCc3ccccc3)c(C(F)(F)F)c2)oc2cccc(O)c12,426.39,5.675,70.67,2,4,4,0.125,4,4,1,True,True,False,0,,True,,,C(c1ccccc1)C*|C(*)(F)(F)F
O=c1c(O)c(-c2ccc(C(F)F)c(CC(F)(F)F)c2)oc2cccc(O)c12,386.27,4.914,70.67,2,4,3,0.167,3,3,0,True,True,False,0,,True,,,FC(F)*|FC(C*)(F)F
C=CCc1cc(-c2oc3cccc(O)c3c(=O)c2O)ccc1CC=C(C)C,362.43,5.108,70.67,2,4,5,0.174,3,3,1,True,True,False,1,isolated_alkene,False,,,C(C)(C)=CC*|C(C*)=C
CCc1cc(-c2oc3cccc(O)c3c(=O)c2O)ccc1N1CCN(C)CC1,380.44,3.185,77.15,2,6,3,0.318,4,3,0,True,True,True,0,,True,,,N1(C)CCN(*)CC1|C(*)C
O=c1c(O)c(-c2ccc(C(F)F)c(NCc3ccccc3)c2)oc2cccc(O)c12,409.39,5.421,82.7,3,5,5,0.087,4,4,1,True,True,False,0,,True,,,FC(F)*|C(c1ccccc1)N*
C=CCNc1cc(-c2oc3cccc(O)c3c(=O)c2O)ccc1-c1ccccc1,385.42,5.136,82.7,3,5,5,0.042,4,4,1,True,True,False,1,isolated_alkene,False,,,c1(*)ccccc1|C(N*)C=C
C=CCc1cc(-c2oc3cccc(O)c3c(=O)c2O)ccc1C=Cc1ccc(O)cc1,412.44,5.476,90.9,3,5,5,0.038,4,4,1,True,True,False,2,isolated_alkene;stilbene,False,,,Oc1ccc(C=C*)cc1|C(C=C)*
CC(C)c1cc(-c2oc3cccc(O)c3c(=O)c2O)ccc1CCN,339.39,3.496,96.69,3,5,4,0.25,3,3,0,True,True,False,0,,True,,,*CCN|C(*)(C)C
CCCc1cc(-c2oc3cccc(O)c3c(=O)c2O)ccc1-c1ccccc1,372.42,5.491,70.67,2,4,4,0.125,4,4,1,True,True,False,0,,True,,,c1cccc(*)c1|*CCC
O=c1c(O)c(-c2ccc(C=CCc3ccc(C(F)(F)F)cc3)c(C(F)(F)F)c2)oc2cccc(O)c12,506.4,7.165,70.67,2,4,4,0.115,4,4,2,False,False,False,0,,True,,,C(=C*)Cc1ccc(C(F)(F)F)cc1|FC(F)(F)*
NC(N)=NN=CCc1ccc(-c2oc3cccc(O)c3c(=O)c2O)cc1C(F)(F)F,420.35,2.692,147.43,4,6,4,0.105,3,3,0,True,False,False,3,Oxygen-nitrogen_single_bond;imine_1;imine_2,False,,,C(C*)=NN=C(N)N|FC(*)(F)F
C=CCc1cc(-c2oc3cccc(O)c3c(=O)c2O)ccc1NC(C)CO,367.4,3.392,102.93,4,6,6,0.19,3,3,0,True,True,False,1,isolated_alkene,False,,,OCC(C)N*|*CC=C
C=C(C)Cc1cc(-c2oc3cccc(O)c3c(=O)c2O)ccc1C(F)F,358.34,4.927,70.67,2,4,4,0.15,3,3,0,True,True,False,1,isolated_alkene,False,,,FC(F)*|C(C)(=C)C*
O=c1c(O)c(-c2ccc(N3CCCCC3)c(C=Cc3ccc(F)cc3)c2)oc2cccc(O)c12,457.5,6.171,73.91,2,5,4,0.179,5,4,1,True,True,False,1,stilbene,False,,,C1CN(*)CCC1|C(=C*)c1ccc(F)cc1
C=CCc1ccc(-c2oc3cccc(O)c3c(=O)c2O)cc1N1CCCC1,363.41,4.2,73.91,2,5,4,0.227,4,3,0,True,True,True,1,isolated_alkene,False,,,*CC=C|C1CN(*)CC1
CCC=Cc1ccc(-c2cc(-c3oc4cccc(O)c4c(=O)c3O)ccc2C=Cc2ccccc2)cc1,486.57,8.132,70.67,2,4,6,0.061,5,5,1,True,False,False,1,stilbene,False,,,C(=C*)c1ccccc1|C(=Cc1ccc(*)cc1)CC
CC(C)c1ccc(-c2oc3cccc(O)c3c(=O)c2O)cc1C(F)F,346.33,4.932,70.67,2,4,3,0.211,3,3,0,True,True,False,0,,True,,,*C(C)C|*C(F)F
CC=Cc1ccc(-c2oc3cccc(O)c3c(=O)c2O)cc1C(F)F,344.31,4.842,70.67,2,4,3,0.105,3,3,0,True,True,False,0,,True,,,C(=C*)C|FC(*)F
O=c1c(O)c(-c2ccc(C(F)(F)F)c(-c3ccco3)c2)oc2cccc(O)c12,388.3,5.15,83.81,2,5,2,0.05,4,4,1,True,True,False,0,,True,,,C(F)(F)(F)*|c1(*)occc1
C=CCNc1ccc(-c2oc3cccc(O)c3c(=O)c2O)cc1CC,337.38,4.032,82.7,3,5,5,0.15,3,3,0,True,True,False,1,isolated_alkene,False,,,C(C=C)N*|C(*)C
C=CCOC(=O)Cc1cc(-c2oc3cccc(O)c3c(=O)c2O)ccc1CC=C,392.41,3.871,96.97,2,6,7,0.13,3,3,0,True,True,False,1,isolated_alkene,False,,,*CC=C|C(COC(C*)=O)=C
NC(=O)Cc1ccc(-c2oc3cccc(O)c3c(=O)c2O)cc1C(F)F,361.3,2.837,113.76,3,5,4,0.111,3,3,0,True,True,False,0,,True,,,O=C(N)C*|FC(F)*
O=c1c(O)c(-c2ccc(-c3ccc(-c4ccco4)cc3)c(Cc3ccccc3)c2)oc2cccc(O)c12,486.52,7.389,83.81,2,5,5,0.031,6,6,1,True,False,False,0,,True,,,c1ccc(-c2ccc(*)cc2)o1|c1c(C*)cccc1
C=Cc1cc(-c2oc3cccc(O)c3c(=O)c2O)ccc1CC,308.33,4.077,70.67,2,4,3,0.105,3,3,0,True,True,True,0,,True,,,CC*|C(=C)*
CCc1cc(-c2oc3cccc(O)c3c(=O)c2O)ccc1-c1nnn[nH]1,350.33,2.614,125.13,3,7,3,0.111,4,4,0,True,True,False,0,,True,,,c1(*)[nH]nnn1|C(C)*
O=c1c(O)c(-c2ccc(C(F)(F)F)c(Cc3ccccc3)c2)oc2cccc(O)c12,412.36,5.481,70.67,2,4,3,0.087,4,4,1,True,True,False,0,,True,,,FC(F)(F)*|c1ccccc1C*
Cc1ccc(-c2ccc(-c3oc4cccc(O)c4c(=O)c3O)cc2C)cc1,358.39,5.155,70.67,2,4,2,0.087,4,4,1,True,True,False,0,,True,,,c1c(*)ccc(C)c1|*C
C=CC(C)c1ccc(-c2oc3cccc(O)c3c(=O)c2O)cc1-c1ccccc1,384.43,5.828,70.67,2,4,4,0.08,4,4,1,True,True,False,1,isolated_alkene,False,,,C(C)(C=C)*|c1ccccc1*
C=Cc1ccc(-c2oc3cccc(O)c3c(=O)c2O)cc1C=C,306.32,4.157,70.67,2,4,3,0.0,3,3,0,True,True,True,0,,True,,,C=C*|C=C*
CCc1cc(-c2oc3cccc(O)c3c(=O)c2O)ccc1N1CCOCC1,367.4,3.27,83.14,2,6,3,0.286,4,3,0,True,True,False,0,,True,,,N1(*)CCOCC1|CC*
COC(=O)Cc1cc(-c2oc3cccc(O)c3c(=O)c2O)ccc1-c1ccccc1,402.4,4.254,96.97,2,6,4,0.083,4,4,0,True,True,False,0,,True,,,c1(*)ccccc1|O=C(OC)C*
C=CCc1ccc(-c2oc3cccc(O)c3c(=O)c2O)cc1Cc1ccccc1,384.43,5.191,70.67,2,4,5,0.08,4,4,1,True,True,False,1,isolated_alkene,False,,,C(=C)C*|c1cc(C*)ccc1
C=CCc1ccc(-c2oc3cccc(O)c3c(=O)c2O)cc1N1CCCCC1,377.44,4.59,73.91,2,5,4,0.261,4,3,0,True,True,False,1,isolated_alkene,False,,,C1N(*)CCCC1|C(*)C=C
O=c1c(O)c(-c2ccc(Cc3ccccc3)c(C(F)(F)F)c2)oc2cccc(O)c12,412.36,5.481,70.67,2,4,3,0.087,4,4,1,True,True,False,0,,True,,,FC(*)(F)F|C(c1ccccc1)*
O=c1c(O)c(-c2ccc(CF)c(C(F)(F)F)c2)oc2cccc(O)c12,354.26,4.36,70.67,2,4,2,0.118,3,3,0,True,True,True,0,,True,,,FC(*)(F)F|FC*
C=CCc1ccc(-c2oc3cccc(O)c3c(=O)c2O)cc1NCCOC,367.4,3.658,91.93,3,6,7,0.19,3,3,0,True,True,False,2,Aliphatic_long_chain;isolated_alkene,False,,,COCCN*|*CC=C
O=c1c(O)c(-c2ccc(C(F)F)c(C=Cc3ccccc3)c2)oc2cccc(O)c12,406.38,5.979,70.67,2,4,4,0.042,4,4,1,True,True,False,1,stilbene,False,,,*C=Cc1ccccc1|FC(F)*
N#Cc1ccc(Cc2ccc(-c3oc4cccc(O)c4c(=O)c3O)cc2C(F)F)cc1,419.38,5.271,94.46,2,5,4,0.083,4,4,1,True,True,False,0,,True,,,FC(F)*|c1c(C#N)ccc(C*)c1
O=c1c(O)c(-c2ccc(CC3CCCC3)c(C(F)(F)F)c2)oc2cccc(O)c12,404.38,5.623,70.67,2,4,3,0.318,4,3,1,True,True,False,0,,True,,,FC(*)(F)F|C(*)C1CCCC1
CC(C)c1ccc(-c2oc3cccc(O)c3c(=O)c2O)cc1C=Cc1ccccc1,398.46,6.165,70.67,2,4,4,0.115,4,4,1,True,True,False,1,stilbene,False,,,c1(C=C*)ccccc1|C(C)(*)C
O=c1c(O)c(-c2ccc(-c3ccc(F)cc3)c(C(F)F)c2)oc2cccc(O)c12,398.34,5.615,70.67,2,4,3,0.045,4,4,1,True,True,False,0,,True,,,FC(F)*|c1(*)ccc(F)cc1
Cc1ccc(-c2oc3cccc(O)c3c(=O)c2O)cc1CC(=O)Nc1ccc(F)cc1F,437.4,4.639,99.77,3,5,4,0.083,4,4,0,True,True,False,0,,True,,,Fc1ccc(NC(C*)=O)c(F)c1|*C
O=c1c(O)c(-c2ccc(C#Cc3ccccc3)c(C(F)(F)F)c2)oc2cccc(O)c12,422.36,5.29,70.67,2,4,1,0.042,4,4,1,True,True,False,1,triple_bond,False,,,C(*)(F)(F)F|c1c(C#C*)cccc1
O=c1c(O)c(-c2ccc(C(F)(F)F)c(CF)c2)oc2cccc(O)c12,354.26,4.36,70.67,2,4,2,0.118,3,3,0,True,True,True,0,,True,,,*CF|FC(F)(*)F
O=c1c(O)c(-c2ccc(Cc3ccccc3)c(C(F)F)c2)oc2cccc(O)c12,394.37,5.4,70.67,2,4,4,0.087,4,4,1,True,True,False,0,,True,,,FC(F)*|c1cc(C*)ccc1
C=C(C)C=Cc1cc(-c2oc3cccc(O)c3c(=O)c2O)ccc1C,334.37,4.769,70.67,2,4,3,0.095,3,3,0,True,True,True,1,polyene,False,,,CC(=C)C=C*|*C
C=Cc1cc(-c2oc3cccc(O)c3c(=O)c2O)ccc1C(F)F,330.29,4.452,70.67,2,4,3,0.056,3,3,0,True,True,True,0,,True,,,C(=C)*|FC(F)*
O=c1c(O)c(-c2ccc(-c3ccccc3)c(NCc3ccccc3)c2)oc2cccc(O)c12,435.48,6.15,82.7,3,5,5,0.036,5,5,1,True,True,False,0,,True,,,C(N*)c1ccccc1|c1(*)ccccc1
COc1ccc(-c2cc(-c3oc4cccc(O)c4c(=O)c3O)ccc2-c2ccccc2)cc1,436.46,6.214,79.9,2,5,4,0.036,5,5,1,True,True,False,0,,True,,,*c1ccc(OC)cc1|c1(*)ccccc1
O=c1c(O)c(-c2ccc(N3CCCC3)c(C(F)(F)F)c2)oc2cccc(O)c12,391.35,4.49,73.91,2,5,2,0.25,4,3,0,True,True,False,0,,True,,,FC(F)(*)F|C1CN(*)CC1
C=CCc1ccccc1-c1ccc(-c2oc3cccc(O)c3c(=O)c2O)cc1CC=C,410.47,5.995,70.67,2,4,6,0.074,4,4,1,True,True,False,1,isolated_alkene,False,,,c1cc(CC=C)c(*)cc1|C=CC*
O=c1c(O)c(-c2ccc(Cc3ccccc3)c(-c3ccccc3)c2)oc2cccc(O)c12,420.46,6.129,70.67,2,4,4,0.036,5,5,1,True,True,False,0,,True,,,*Cc1ccccc1|c1(*)ccccc1
C=CCc1ccc(-c2oc3cccc(O)c3c(=O)c2O)cc1C=C,320.34,4.243,70.67,2,4,4,0.05,3,3,0,True,True,True,1,isolated_alkene,False,,,C=CC*|C=C*
C=C(C)Cc1ccc(-c2oc3cccc(O)c3c(=O)c2O)cc1C,322.36,4.298,70.67,2,4,3,0.15,3,3,0,True,True,True,1,isolated_alkene,False,,,C(C)(=C)C*|*C
C#CCc1ccc(-c2oc3cccc(O)c3c(=O)c2O)cc1C,306.32,3.355,70.67,2,4,2,0.105,3,3,0,True,True,True,1,triple_bond,False,,,*CC#C|C*
C=Cc1cc(-c2oc3cccc(O)c3c(=O)c2O)ccc1-c1ccccc1,356.38,5.181,70.67,2,4,3,0.0,4,4,1,True,True,False,0,,True,,,c1c(*)cccc1|C(=C)*
CN(C)c1ccc(-c2oc3cccc(O)c3c(=O)c2O)cc1C(F)F,347.32,3.875,73.91,2,5,3,0.167,3,3,0,True,True,True,0,,True,,,FC(F)*|CN(*)C
O=c1c(O)c(-c2ccc(C(F)F)c(N3CCCCC3)c2)oc2cccc(O)c12,387.38,4.799,73.91,2,5,3,0.286,4,3,0,True,True,False,0,,True,,,C1CCCCN1*|C(F)(F)*
C=Cc1ccc(-c2oc3cccc(O)c3c(=O)c2O)cc1C=Cc1cccc(C(F)(F)F)c1,450.41,6.703,70.67,2,4,4,0.038,4,4,1,True,False,False,1,stilbene,False,,,C(c1cc(C(F)(F)F)ccc1)=C*|C=C*
Cc1ccc(-c2oc3cccc(O)c3c(=O)c2O)cc1CCN(C)C,339.39,3.284,73.91,2,5,4,0.25,3,3,0,True,True,True,0,,True,,,N(C)(C)CC*|C*
O=c1c(O)c(-c2ccc(C(F)(F)F)c(N3CCCCC3)c2)oc2cccc(O)c12,405.37,4.88,73.91,2,5,2,0.286,4,3,0,True,True,False,0,,True,,,C1CN(*)CCC1|FC(F)(F)*
Cc1ccc(-c2oc3cccc(O)c3c(=O)c2O)cc1Cc1ccccc1,358.39,4.77,70.67,2,4,3,0.087,4,4,0,True,True,True,0,,True,,,c1c(C*)cccc1|C*
C=Cc1ccc(-c2oc3cccc(O)c3c(=O)c2O)cc1C,294.31,3.823,70.67,2,4,2,0.056,3,3,0,True,True,True,0,,True,,,*C|C(=C)*
O=c1c(O)c(-c2ccc(Cc3ccccc3)c(C=Cc3ccccc3)c2)oc2cccc(O)c12,446.5,6.632,70.67,2,4,5,0.033,5,5,1,True,True,False,1,stilbene,False,,,C(=C*)c1ccccc1|*Cc1ccccc1
Cc1ccc(-c2oc3cccc(O)c3c(=O)c2O)cc1NC1CCCCC1,365.43,4.924,82.7,3,5,3,0.318,4,3,0,True,True,False,0,,True,,,N(C1CCCCC1)*|C*
CCc1ccc(-c2oc3cccc(O)c3c(=O)c2O)cc1-c1ccccc1,358.39,5.101,70.67,2,4,3,0.087,4,4,1,True,True,False,0,,True,,,c1ccc(*)cc1|C(C)*
CCc1ccc(-c2oc3cccc(O)c3c(=O)c2O)cc1-c1ccc(F)c(C(F)(F)F)c1,444.38,6.259,70.67,2,4,3,0.125,4,4,1,True,True,False,0,,True,,,FC(F)(c1cc(*)ccc1F)F|*CC
CCc1ccc(-c2oc3cccc(O)c3c(=O)c2O)cc1NC,311.34,3.475,82.7,3,5,3,0.167,3,3,0,True,True,False,0,,True,,,*NC|*CC
CCc1ccc(-c2oc3cccc(O)c3c(=O)c2O)cc1N1CCCCC1,365.43,4.424,73.91,2,5,3,0.318,4,3,0,True,True,True,0,,True,,,C1CN(*)CCC1|CC*
C=Cc1cc(-c2oc3cccc(O)c3c(=O)c2O)ccc1C(F)(F)F,348.28,4.533,70.67,2,4,2,0.056,3,3,0,True,True,True,0,,True,,,C(*)(F)(F)F|C(=C)*
CC=Cc1ccc(-c2oc3cccc(O)c3c(=O)c2O)cc1C(F)(F)F,362.3,4.923,70.67,2,4,2,0.105,3,3,0,True,True,False,0,,True,,,C(=C*)C|FC(F)(F)*
Cc1cc(-c2oc3cccc(O)c3c(=O)c2O)ccc1C=Cc1ccccc1,370.4,5.35,70.67,2,4,3,0.042,4,4,1,True,True,False,1,stilbene,False,,,C(c1ccccc1)=C*|*C
CCN(C)c1cc(-c2oc3cccc(O)c3c(=O)c2O)ccc1C(F)(F)F,379.33,4.346,73.91,2,5,3,0.211,3,3,0,True,True,True,0,,True,,,FC(F)(*)F|CCN(*)C
C=CC=Cc1cc(-c2oc3cccc(O)c3c(=O)c2O)ccc1CC=C,346.38,4.799,70.67,2,4,5,0.045,3,3,0,True,True,False,2,isolated_alkene;polyene,False,,,*CC=C|C(C=C*)=C
O=c1c(O)c(-c2ccc(-c3ccccc3)c(C=CC3=CCCCC3)c2)oc2cccc(O)c12,436.51,7.052,70.67,2,4,4,0.138,5,4,1,True,False,False,0,,True,,,*c1ccccc1|C1CCC=C(C=C*)C1
CC(Nc1ccc(-c2oc3cccc(O)c3c(=O)c2O)cc1C(F)F)c1ccccc1,423.42,5.982,82.7,3,5,5,0.125,4,4,1,True,True,False,0,,True,,,*NC(c1ccccc1)C|FC(F)*
CNCCc1cc(-c2oc3cccc(O)c3c(=O)c2O)ccc1C(F)(F)F,379.33,3.652,82.7,3,5,4,0.211,3,3,0,True,True,False,0,,True,,,FC(*)(F)F|C(C*)NC
Cc1cc(-c2oc3cccc(O)c3c(=O)c2O)ccc1-c1ccc(C(F)(F)F)cc1,412.36,5.865,70.67,2,4,2,0.087,4,4,1,True,True,False,0,,True,,,FC(F)(c1ccc(*)cc1)F|C*
C=CCc1ccc(-c2oc3cccc(O)c3c(=O)c2O)cc1C=Cc1ccccc1,396.44,5.77,70.67,2,4,5,0.038,4,4,1,True,True,False,2,isolated_alkene;stilbene,False,,,C(=C)C*|c1ccc(C=C*)cc1
C=CCc1cc(-c2oc3cccc(O)c3c(=O)c2O)ccc1CCCC,350.41,4.942,70.67,2,4,6,0.227,3,3,0,True,True,False,1,isolated_alkene,False,,,CCCC*|C(C=C)*
O=c1c(O)c(-c2ccc(-c3ccccc3F)c(C(F)(F)F)c2)oc2cccc(O)c12,416.33,5.696,70.67,2,4,2,0.045,4,4,1,True,True,False,0,,True,,,Fc1ccccc1*|FC(F)(F)*
Cc1ccc(-c2oc3cccc(O)c3c(=O)c2O)cc1CF,300.29,3.649,70.67,2,4,2,0.118,3,3,0,True,True,True,0,,True,,,*C|C(*)F
O=c1c(O)c(-c2ccc(C(F)(F)F)c(C=Cc3ccccc3)c2)oc2cccc(O)c12,424.37,6.06,70.67,2,4,3,0.042,4,4,1,True,True,False,1,stilbene,False,,,FC(F)(F)*|C(=C*)c1ccccc1
O=c1c(O)c(-c2ccc(C=Cc3ccccc3)c(C(F)F)c2)oc2cccc(O)c12,406.38,5.979,70.67,2,4,4,0.042,4,4,1,True,True,False,1,stilbene,False,,,C(c1ccccc1)=C*|C(F)(F)*
CCc1ccc(-c2oc3cccc(O)c3c(=O)c2O)cc1N,297.31,3.016,96.69,3,5,2,0.118,3,3,0,True,True,False,1,aniline,False,,,C(*)C|N*
Cc1cc(-c2oc3cccc(O)c3c(=O)c2O)ccc1-c1cccc(F)c1,362.36,4.986,70.67,2,4,2,0.045,4,4,0,True,True,False,0,,True,,,c1(*)cc(F)ccc1|C*
C=C1CCCC(c2cc(-c3oc4cccc(O)c4c(=O)c3O)ccc2C=Cc2ccc(C)cc2)C1,464.56,7.564,70.67,2,4,4,0.194,5,4,1,True,False,False,2,isolated_alkene;stilbene,False,,,C1C(=C)CCCC1*|C(=C*)c1ccc(C)cc1
C=CCc1cc(-c2oc3cccc(O)c3c(=O)c2O)ccc1C12CC3CCC(CC(C3)C1)C2,442.56,6.458,70.67,2,4,4,0.414,7,3,1,True,True,False,1,isolated_alkene,False,,,C(C=C)*|C1CC2CC3CC1CC(*)(C2)C3
CCc1ccc(-c2oc3cccc(O)c3c(=O)c2O)cc1NCc1ccccc1,387.44,5.046,82.7,3,5,5,0.125,4,4,1,True,True,False,0,,True,,,*NCc1ccccc1|CC*
Cc1cc(-c2oc3cccc(O)c3c(=O)c2O)ccc1CF,300.29,3.649,70.67,2,4,2,0.118,3,3,0,True,True,True,0,,True,,,*C|C(F)*
Cc1ccc(-c2ccc(-c3oc4cccc(O)c4c(=O)c3O)cc2C(F)F)cc1,394.37,5.784,70.67,2,4,3,0.087,4,4,1,True,True,False,0,,True,,,FC(F)*|c1(*)ccc(C)cc1
Cc1ccc(-c2oc3cccc(O)c3c(=O)c2O)cc1N1CCC2CCCCC2C1,405.49,5.196,73.91,2,5,2,0.4,5,3,1,True,True,False,0,,True,,,C1CCCC2C1CN(*)CC2|C*
Cc1ccc(-c2oc3cccc(O)c3c(=O)c2O)cc1N1CCNCC1,352.39,2.589,85.94,3,6,2,0.25,4,3,0,True,True,False,0,,True,,,C1CN(*)CCN1|C*
C=Cc1ccc(-c2oc3cccc(O)c3c(=O)c2O)cc1-c1ccccc1,356.38,5.181,70.67,2,4,3,0.0,4,4,1,True,True,False,0,,True,,,c1ccc(*)cc1|C(=C)*
C=CCc1cc(-c2oc3cccc(O)c3c(=O)c2O)ccc1C=Cc1ccccc1,396.44,5.77,70.67,2,4,5,0.038,4,4,1,True,True,False,2,isolated_alkene;stilbene,False,,,*CC=C|C(=C*)c1ccccc1
O=c1c(O)c(-c2ccc(-c3ccc(F)cc3)c(Cc3ccccc3)c2)oc2cccc(O)c12,438.45,6.268,70.67,2,4,4,0.036,5,5,1,True,True,False,0,,True,,,*Cc1ccccc1|c1cc(*)ccc1F
CCCc1ccc(-c2oc3cccc(O)c3c(=O)c2O)cc1Cc1ccccc1,386.45,5.415,70.67,2,4,5,0.16,4,4,1,True,True,False,0,,True,,,*CCC|C(*)c1ccccc1
Cc1cc(-c2oc3cccc(O)c3c(=O)c2O)ccc1C(C)c1ccccc1,372.42,5.331,70.67,2,4,3,0.125,4,4,1,True,True,False,0,,True,,,c1cccc(C(C)*)c1|C*
CC=Cc1ccc(-c2ccc(-c3oc4cccc(O)c4c(=O)c3O)cc2C)cc1,384.43,5.88,70.67,2,4,3,0.08,4,4,1,True,True,False,0,,True,,,C(c1ccc(*)cc1)=CC|*C
Cc1cc(-c2oc3cccc(O)c3c(=O)c2O)ccc1-c1ccc(F)cc1,362.36,4.986,70.67,2,4,2,0.045,4,4,0,True,True,False,0,,True,,,*c1ccc(F)cc1|C*
Cc1cc(-c2oc3cccc(O)c3c(=O)c2O)ccc1-c1ccc(Cl)cc1,378.81,5.5,70.67,2,4,2,0.045,4,4,1,True,True,False,0,,True,,,c1(Cl)ccc(*)cc1|*C
O=c1c(O)c(-c2ccc(C(F)F)c(C3CCCCC3)c2)oc2cccc(O)c12,386.39,5.857,70.67,2,4,3,0.318,4,3,1,True,True,False,0,,True,,,FC(F)*|C1CCCCC1*
Cc1cc(-c2oc3cccc(O)c3c(=O)c2O)ccc1CCF,314.31,3.692,70.67,2,4,3,0.167,3,3,0,True,True,True,0,,True,,,*CCF|*C
O=c1c(O)c(-c2ccc(-c3cccc(F)c3)c(C(F)(F)F)c2)oc2cccc(O)c12,416.33,5.696,70.67,2,4,2,0.045,4,4,1,True,True,False,0,,True,,,c1ccc(*)cc1F|FC(*)(F)F
CCc1ccc(-c2oc3cccc(O)c3c(=O)c2O)cc1CCN,325.36,2.935,96.69,3,5,4,0.211,3,3,0,True,True,False,0,,True,,,C(*)C|C(C*)N
Cc1cc(-c2oc3cccc(O)c3c(=O)c2O)ccc1CC1CCCC1,350.41,4.912,70.67,2,4,3,0.318,4,3,0,True,True,False,0,,True,,,C1(C*)CCCC1|*C
C=Cc1cc(-c2oc3cccc(O)c3c(=O)c2O)ccc1C=Cc1ccccc1,382.42,5.685,70.67,2,4,4,0.0,4,4,1,True,True,False,1,stilbene,False,,,C(=C*)c1ccccc1|C=C*
C=C(F)c1ccc(-c2oc3cccc(O)c3c(=O)c2O)cc1C,312.3,4.12,70.67,2,4,2,0.056,3,3,0,True,True,True,0,,True,,,C(*)(F)=C|C*
CCc1cc(-c2oc3cccc(O)c3c(=O)c2O)ccc1-c1cccc(C)c1,372.42,5.409,70.67,2,4,3,0.125,4,4,1,True,True,False,0,,True,,,Cc1cccc(*)c1|C(C)*
CCc1cc(-c2oc3cccc(O)c3c(=O)c2O)ccc1C1CCN(Cc2ccccc2)CC1,455.55,5.813,73.91,2,5,5,0.276,5,4,1,True,True,False,0,,True,,,C1CN(Cc2ccccc2)CCC1*|C(C)*
O=c1c(O)c(-c2ccc(-c3ccc([N+](=O)[O-])cc3)c(C(F)F)c2)oc2cccc(O)c12,425.34,5.384,113.81,2,6,4,0.045,4,4,1,True,False,False,2,Oxygen-nitrogen_single_bond;nitro_group,False,,,c1cc([N+]([O-])=O)ccc1*|FC(F)*
CCc1cc(-c2oc3cccc(O)c3c(=O)c2O)ccc1CCc1ccccc1,386.45,5.219,70.67,2,4,5,0.16,4,4,1,True,True,False,0,,True,,,*CCc1ccccc1|C(C)*
CC(=O)Cc1ccc(-c2oc3cccc(O)c3c(=O)c2O)cc1C,324.33,3.311,87.74,2,5,3,0.158,3,3,0,True,True,False,0,,True,,,O=C(C*)C|*C
O=c1c(O)c(-c2ccc(-c3ccccc3)c(N3CCCC3)c2)oc2cccc(O)c12,399.45,5.138,73.91,2,5,3,0.16,5,4,1,True,True,False,0,,True,,,c1(*)ccccc1|C1CCCN1*
Cc1ccc(-c2oc3cccc(O)c3c(=O)c2O)cc1N1CCCC1,337.38,3.78,73.91,2,5,2,0.25,4,3,0,True,True,True,0,,True,,,C1CCCN1*|*C
Cc1cc(-c2oc3cccc(O)c3c(=O)c2O)ccc1C1CCCCC1,350.41,5.227,70.67,2,4,2,0.318,4,3,1,True,True,False,0,,True,,,C*|C1CCCCC1*
Cc1cc(-c2oc3cccc(O)c3c(=O)c2O)ccc1CCc1ccccc1,372.42,4.965,70.67,2,4,4,0.125,4,4,0,True,True,False,0,,True,,,C*|C(c1ccccc1)C*
Cc1ccc(-c2oc3cccc(O)c3c(=O)c2O)cc1CCc1ccccc1,372.42,4.965,70.67,2,4,4,0.125,4,4,0,True,True,False,0,,True,,,C(Cc1ccccc1)*|C*
Cc1ccc(C=Cc2cc(-c3oc4cccc(O)c4c(=O)c3O)ccc2C)cc1,384.43,5.658,70.67,2,4,3,0.08,4,4,1,True,True,False,1,stilbene,False,,,C(=C*)c1ccc(C)cc1|C*
CCCc1cc(-c2oc3cccc(O)c3c(=O)c2O)ccc1Cc1ccccc1,386.45,5.415,70.67,2,4,5,0.16,4,4,1,True,True,False,0,,True,,,C(C)C*|*Cc1ccccc1
O=c1c(O)c(-c2ccc(-c3ccccc3)c(CC3CCCC3)c2)oc2cccc(O)c12,412.49,6.271,70.67,2,4,4,0.222,5,4,1,True,True,False,0,,True,,,c1c(*)cccc1|C1CC(C*)CC1
C=CCc1cc(-c2oc3cccc(O)c3c(=O)c2O)ccc1C(=C)F,338.33,4.54,70.67,2,4,4,0.05,3,3,0,True,True,True,1,isolated_alkene,False,,,FC(*)=C|C(C=C)*
Cc1cc(-c2oc3cccc(O)c3c(=O)c2O)ccc1CC1CCCCC1,364.44,5.302,70.67,2,4,3,0.348,4,3,1,True,True,False,0,,True,,,C(C1CCCCC1)*|C*
CC(C)(C)c1ccc(-c2oc3cccc(O)c3c(=O)c2O)cc1-c1ccccc1,386.45,5.836,70.67,2,4,2,0.16,4,4,1,True,True,False,0,,True,,,CC(*)(C)C|c1cccc(*)c1
Cc1cc(-c2oc3cccc(O)c3c(=O)c2O)ccc1CSc1ccccc1,390.46,5.472,95.97,2,5,4,0.087,4,4,1,True,True,False,0,,True,,,c1cc(SC*)ccc1|*C
O=c1c(O)c(-c2ccc(Cc3ccc(F)cc3)c(C3CCCCC3)c2)oc2cccc(O)c12,444.5,6.649,70.67,2,4,4,0.25,5,4,1,True,True,False,0,,True,,,C(*)c1ccc(F)cc1|C1CCCCC1*
C=Cc1cc(-c2oc3cccc(O)c3c(=O)c2O)ccc1CF,312.3,3.984,70.67,2,4,3,0.056,3,3,0,True,True,True,0,,True,,,FC*|C=C*
O=c1c(O)c(-c2ccc(Cc3ccc(F)cc3)c(-c3ccccc3)c2)oc2cccc(O)c12,438.45,6.268,70.67,2,4,4,0.036,5,5,1,True,True,False,0,,True,,,c1cc(C*)ccc1F|c1cc(*)ccc1
Cc1cc(-c2oc3cccc(O)c3c(=O)c2O)ccc1N1CCCCC1,351.4,4.17,73.91,2,5,2,0.286,4,3,0,True,True,True,0,,True,,,C1CCCCN1*|*C
CCc1cc(-c2oc3cccc(O)c3c(=O)c2O)ccc1-c1ccc2ccccc2c1,408.45,6.254,70.67,2,4,3,0.074,5,5,1,True,True,False,0,,True,,,c1c2c(ccc(*)c2)ccc1|C(C)*
Cc1cc(-c2oc3cccc(O)c3c(=O)c2O)ccc1C(C)Cc1ccccc1,386.45,5.526,70.67,2,4,4,0.16,4,4,1,True,True,False,0,,True,,,CC(Cc1ccccc1)*|*C
CC#Cc1ccc(-c2oc3cccc(O)c3c(=O)c2O)cc1CC,320.34,3.805,70.67,2,4,2,0.15,3,3,0,True,True,True,1,triple_bond,False,,,C(#C*)C|C(C)*
