Agent,Prior,Target,Score,SMILES,SMILES_state,Input_Scaffold,R-groups,TTBK1_dock,TTBK1_dock (raw),MAOB_dock,MAOB_dock (raw),SA_score,SA_score (raw),BBB_signed_dist,BBB_signed_dist (raw),step
12.1711,19.9632,-18.2529,0.0133614,CN1CCC(c2ccc(-c3oc4cccc(O)c4c(=O)c3O)cc2Cc2ccccc2)CC1,1,[*]c1c([*])cc(-c2c(O)c(=O)c3c(O)cccc3o2)cc1,CN1CCC(*)CC1|c1ccc(C*)cc1,0.7695868,8.8380,0.0000100,0.0000,0.9839244,2.5706,0.2784768,-0.8269,1
8.5173,19.0718,44.5597,0.4971215,O=c1c(O)c(-c2ccc(N3CCCCC3)c(C3CCCCC3)c2)oc2cccc(O)c12,1,[*]c1c([*])cc(-c2c(O)c(=O)c3c(O)cccc3o2)cc1,C1N(*)CCCC1|*C1CCCCC1,0.6216354,8.3450,0.4863318,7.9620,0.9842995,2.5622,0.1568665,-1.4607,1
10.3969,15.6230,46.6180,0.4862581,O=c1c(O)c(-c2ccc(C=Cc3ccccc3)c(C(F)(F)F)c2)oc2cccc(O)c12,1,[*]c1c([*])cc(-c2c(O)c(=O)c3c(O)cccc3o2)cc1,c1(C=C*)ccccc1|FC(*)(F)F,0.3106098,7.4460,0.8475388,9.1920,0.9830801,2.5886,0.1872043,-1.2753,1
12.0153,22.7125,53.0156,0.5916253,CC1CCC(c2cc(-c3oc4cccc(O)c4c(=O)c3O)ccc2C(C)C)CC1,1,[*]c1c([*])cc(-c2c(O)c(=O)c3c(O)cccc3o2)cc1,*C(C)C|C1C(C)CCC(*)C1,0.6189235,8.3370,0.8187934,9.0480,0.9798546,2.6504,0.1506343,-1.5023,1
15.9971,19.7926,3.9976,0.1858611,CC1CCN(c2ccc(-c3oc4cccc(O)c4c(=O)c3O)cc2NC(C)C)CC1,1,[*]c1c([*])cc(-c2c(O)c(=O)c3c(O)cccc3o2)cc1,C1N(*)CCC(C)C1|C(N*)(C)C,0.2888684,7.3740,0.9387740,9.8970,0.9810482,2.6288,0.0002875,-7.0825,1
17.8566,28.8315,26.6675,0.4335856,CC(C)C(C)c1ccc(-c2oc3cccc(O)c3c(=O)c2O)cc1C1CCCCC1,1,[*]c1c([*])cc(-c2c(O)c(=O)c3c(O)cccc3o2)cc1,CC(C)C(C)*|*C1CCCCC1,0.5505554,8.1410,0.4612220,7.8920,0.9153990,3.1726,0.1018349,-1.8909,1
8.2414,14.4307,66.0662,0.6288816,CC(C)c1ccc(-c2oc3cccc(O)c3c(=O)c2O)cc1-c1ccccc1,1,[*]c1c([*])cc(-c2c(O)c(=O)c3c(O)cccc3o2)cc1,C(C)(C)*|c1c(*)cccc1,0.5003600,8.0010,0.9391863,9.9020,0.9912851,2.3553,0.2667968,-0.8781,1
7.3283,13.8781,55.9148,0.5452566,C=CCc1ccc(-c2oc3cccc(O)c3c(=O)c2O)cc1C(C)C,1,[*]c1c([*])cc(-c2c(O)c(=O)c3c(O)cccc3o2)cc1,C(C=C)*|CC(*)C,0.2431545,7.2110,0.9740460,10.5190,0.9787458,2.6694,0.5163280,0.0567,1
8.1435,8.1664,78.8222,0.6795982,O=c1c(O)c(-c2ccc(C(F)(F)F)c(C(F)(F)F)c2)oc2cccc(O)c12,1,[*]c1c([*])cc(-c2c(O)c(=O)c3c(O)cccc3o2)cc1,C(*)(F)(F)F|FC(F)(F)*,0.5679351,8.1900,0.8192200,9.0500,0.9802079,2.6441,0.4631605,-0.1282,1
8.4895,12.2113,49.1841,0.4796513,C=CCc1ccc(-c2oc3cccc(O)c3c(=O)c2O)cc1CC=C,1,[*]c1c([*])cc(-c2c(O)c(=O)c3c(O)cccc3o2)cc1,C(=C)C*|C(=C)C*,0.1594697,6.8450,0.9508135,10.0580,0.9711497,2.7783,0.6267282,0.4501,1
10.7098,16.2702,54.3242,0.5515186,CC(C)c1cc(-c2oc3cccc(O)c3c(=O)c2O)ccc1N1CCCC1,1,[*]c1c([*])cc(-c2c(O)c(=O)c3c(O)cccc3o2)cc1,C1N(*)CCC1|C(*)(C)C,0.2708900,7.3120,0.9500679,10.0470,0.9864368,2.5106,0.4553939,-0.1554,1
13.9086,16.5422,63.5856,0.6259989,C=CCc1cc(-c2oc3cccc(O)c3c(=O)c2O)ccc1-c1ccc(C)cc1,1,[*]c1c([*])cc(-c2c(O)c(=O)c3c(O)cccc3o2)cc1,c1(*)ccc(C)cc1|C(*)C=C,0.4515820,7.8650,0.9983047,12.4320,0.9858742,2.5250,0.2866397,-0.7919,1
16.5235,22.5903,-4.5980,0.1405650,O=c1c(O)c(-c2ccc(N3CCCCC3)c(Nc3ccc(C(F)(F)F)cc3)c2)oc2cccc(O)c12,1,[*]c1c([*])cc(-c2c(O)c(=O)c3c(O)cccc3o2)cc1,C1N(*)CCCC1|FC(F)(F)c1ccc(N*)cc1,0.6456817,8.4170,0.2560912,7.2590,0.9816265,2.6178,0.0001416,-7.6980,1
9.6127,16.8883,59.3721,0.5957841,O=c1c(O)c(-c2ccc(N3CCCCC3)c(Cc3ccccc3)c2)oc2cccc(O)c12,1,[*]c1c([*])cc(-c2c(O)c(=O)c3c(O)cccc3o2)cc1,C1CCCCN1*|c1ccccc1C*,0.6403965,8.4010,0.6600311,8.4610,0.9889121,2.4398,0.2388201,-1.0068,1
9.6091,17.0709,-16.3138,0.0059148,O=c1c(O)c(-c2ccc(NC3CCCCC3)c(C3CCCCC3)c2)oc2cccc(O)c12,1,[*]c1c([*])cc(-c2c(O)c(=O)c3c(O)cccc3o2)cc1,C1CCCCC1N*|C1(*)CCCCC1,0.5186998,8.0520,0.0000100,0.0000,0.9796903,2.6533,0.0030694,-5.0232,1
8.1228,10.1993,69.7935,0.6249432,CC(C)c1ccc(-c2oc3cccc(O)c3c(=O)c2O)cc1C(F)(F)F,1,[*]c1c([*])cc(-c2c(O)c(=O)c3c(O)cccc3o2)cc1,CC(C)*|FC(*)(F)F,0.3803977,7.6610,0.9888569,11.1170,0.9834381,2.5811,0.4335012,-0.2324,1
8.9293,13.4144,66.8222,0.6268483,C=CCc1ccc(-c2oc3cccc(O)c3c(=O)c2O)cc1-c1ccccc1,1,[*]c1c([*])cc(-c2c(O)c(=O)c3c(O)cccc3o2)cc1,C=CC*|c1cccc(*)c1,0.4278321,7.7980,0.9544485,10.1140,0.9868702,2.4992,0.3639954,-0.4847,1
6.7064,12.8806,63.3032,0.5951863,CC(C)c1ccc(-c2oc3cccc(O)c3c(=O)c2O)cc1C(C)C,1,[*]c1c([*])cc(-c2c(O)c(=O)c3c(O)cccc3o2)cc1,*C(C)C|C(C)(*)C,0.3539890,7.5820,0.9512825,10.0650,0.9861410,2.5182,0.4043107,-0.3366,1
12.5178,18.4100,-17.5453,0.0067555,O=c1c(O)c(-c2ccc(NCc3ccccc3)c(Cc3ccccc3)c2)oc2cccc(O)c12,1,[*]c1c([*])cc(-c2c(O)c(=O)c3c(O)cccc3o2)cc1,c1cccc(CN*)c1|c1ccc(C*)cc1,0.6266990,8.3600,0.0000100,0.0000,0.9907241,2.3771,0.0047349,-4.6453,1
7.5959,10.3027,-10.3027,0.0000000,O=c1c(O)c(-c2ccc(C(F)(F)F)c(C(F)(F)F)c2)oc2cccc(O)c12,2,[*]c1c([*])cc(-c2c(O)c(=O)c3c(O)cccc3o2)cc1,*C(F)(F)F|C(F)(F)(F)*,0.0000000,8.1900,0.0000000,9.0500,0.0000000,2.6441,0.0000000,-0.1282,1
4.9033,11.6489,-11.6489,0.0000000,CC(C)c1ccc(-c2oc3cccc(O)c3c(=O)c2O)cc1C(C)C,2,[*]c1c([*])cc(-c2c(O)c(=O)c3c(O)cccc3o2)cc1,*C(C)C|CC(C)*,0.0000000,7.5820,0.0000000,10.0650,0.0000000,2.5182,0.0000000,-0.3366,1
21.1247,29.9158,14.0790,0.3437093,C=CCc1ccc(-c2oc3cccc(O)c3c(=O)c2O)cc1NC(C)Cc1ccccc1,1,[*]c1c([*])cc(-c2c(O)c(=O)c3c(O)cccc3o2)cc1,C(=C)C*|c1(CC(N*)C)ccccc1,0.4619372,7.8940,0.9263142,9.7590,0.9332515,3.0836,0.0062827,-4.3982,1
10.2719,15.3159,76.9067,0.7204885,O=c1c(O)c(-c2ccc(N3CCCC3)c(-c3ccccc3)c2)oc2cccc(O)c12,1,[*]c1c([*])cc(-c2c(O)c(=O)c3c(O)cccc3o2)cc1,C1CN(*)CC1|c1cc(*)ccc1,0.8098736,9.0070,0.8026814,8.9750,0.9906442,2.3801,0.3099951,-0.6950,1
7.3915,10.8428,81.3381,0.7201630,O=c1c(O)c(-c2ccc(C(F)(F)F)c(-c3ccccc3)c2)oc2cccc(O)c12,1,[*]c1c([*])cc(-c2c(O)c(=O)c3c(O)cccc3o2)cc1,FC(F)(*)F|c1cc(*)ccc1,0.6961288,8.5760,0.9587471,10.1860,0.9897643,2.4117,0.2909075,-0.7739,1
22.3651,28.5376,2.6581,0.2437169,CC1CCCCC1c1ccc(-c2oc3cccc(O)c3c(=O)c2O)cc1CCN(C)C,1,[*]c1c([*])cc(-c2c(O)c(=O)c3c(O)cccc3o2)cc1,C1C(C)C(*)CCC1|N(CC*)(C)C,0.4412686,7.8360,0.0751728,6.2560,0.8289827,3.4516,0.2789827,-0.8247,1
13.6853,19.0239,20.6875,0.3102455,Cc1ccc(-c2cc(-c3oc4cccc(O)c4c(=O)c3O)ccc2NC(C)C)cc1,1,[*]c1c([*])cc(-c2c(O)c(=O)c3c(O)cccc3o2)cc1,C(C)(C)N*|c1cc(*)ccc1C,0.4037172,7.7290,0.7769037,8.8670,0.9878205,2.4728,0.0061895,-4.4113,1
7.4605,12.6457,71.7186,0.6590959,O=c1c(O)c(-c2ccc(N3CCCCC3)c(C(F)(F)F)c2)oc2cccc(O)c12,1,[*]c1c([*])cc(-c2c(O)c(=O)c3c(O)cccc3o2)cc1,C1CN(*)CCC1|FC(F)(*)F,0.4665904,7.9070,0.9963248,11.8930,0.9853240,2.5384,0.3763793,-0.4386,1
12.0074,14.2557,61.3927,0.5910039,CCc1cc(-c2oc3cccc(O)c3c(=O)c2O)ccc1C(C)(C)C,1,[*]c1c([*])cc(-c2c(O)c(=O)c3c(O)cccc3o2)cc1,*C(C)(C)C|CC*,0.3014413,7.4160,0.9883046,11.0830,0.9848950,2.5486,0.5140365,0.0488,1
6.6988,9.2499,-9.2499,0.0000000,O=c1c(O)c(-c2ccc(C(F)(F)F)c(C(F)(F)F)c2)oc2cccc(O)c12,2,[*]c1c([*])cc(-c2c(O)c(=O)c3c(O)cccc3o2)cc1,C(F)(F)(*)F|FC(F)(*)F,0.0000000,8.1900,0.0000000,9.0500,0.0000000,2.6441,0.0000000,-0.1282,1
8.3902,11.9809,-11.9809,0.0000000,O=c1c(O)c(-c2ccc(C(F)(F)F)c(-c3ccccc3)c2)oc2cccc(O)c12,2,[*]c1c([*])cc(-c2c(O)c(=O)c3c(O)cccc3o2)cc1,C(F)(F)(*)F|c1(*)ccccc1,0.0000000,8.5760,0.0000000,10.1860,0.0000000,2.4117,0.0000000,-0.7739,1
11.3652,20.8969,56.1567,0.6019812,O=c1c(O)c(-c2ccc(C(F)(F)F)c(CC3CCCCO3)c2)oc2cccc(O)c12,1,[*]c1c([*])cc(-c2c(O)c(=O)c3c(O)cccc3o2)cc1,*C(F)(F)F|O1CCCCC1C*,0.8038184,8.9800,0.8282043,9.0930,0.9087304,3.2015,0.0964781,-1.9430,1
8.0523,10.2321,81.2384,0.7146137,Cc1cc(-c2oc3cccc(O)c3c(=O)c2O)ccc1-c1ccccc1,1,[*]c1c([*])cc(-c2c(O)c(=O)c3c(O)cccc3o2)cc1,c1ccc(*)cc1|*C,0.5262397,8.0730,0.9981626,12.3760,0.9942502,2.2097,0.4809299,-0.0663,1
9.6924,12.6806,52.3154,0.5077813,Cc1ccc(-c2oc3cccc(O)c3c(=O)c2O)cc1C=Cc1ccccc1,1,O=c1c(O)c(-c2cc([*])c([*])cc2)oc2c1c(O)ccc2,C(=C*)c1ccccc1|*C,0.4264237,7.7940,0.5380628,8.1060,0.9893637,2.4251,0.3421751,-0.5677,2
37.0926,40.1406,-40.1388,0.0000140,O=C(O)Cc1ccc(-c2oc3cccc(O)c3c(=O)c2O)cc1C1C2CCC(C2)CC1NC(=O)C=Cc1ccccc1,1,O=c1c(O)c(-c2cc([*])c([*])cc2)oc2c1c(O)ccc2,C1(NC(C=Cc2ccccc2)=O)CC2CCC(C1*)C2|C(*)C(O)=O,0.0000100,0.0000,0.0000100,0.0000,0.0938928,4.7876,0.0000000,-58.0251,2
7.1892,12.8969,72.4476,0.6667541,O=c1c(O)c(-c2ccc(-c3ccccc3)c(C(F)(F)F)c2)oc2cccc(O)c12,1,O=c1c(O)c(-c2cc([*])c([*])cc2)oc2c1c(O)ccc2,*C(F)(F)F|c1c(*)cccc1,0.5369894,8.1030,0.9970405,12.0440,0.9902987,2.3929,0.2909075,-0.7739,2
8.7403,15.6546,67.3332,0.6483418,O=c1c(O)c(-c2ccc(C3CCCCC3)c(C(F)(F)F)c2)oc2cccc(O)c12,1,O=c1c(O)c(-c2cc([*])c([*])cc2)oc2c1c(O)ccc2,FC(F)(*)F|*C1CCCCC1,0.5795490,8.2230,0.9847264,10.8950,0.9827296,2.5959,0.2095621,-1.1531,2
4.7523,9.3909,77.5977,0.6795982,O=c1c(O)c(-c2ccc(C(F)(F)F)c(C(F)(F)F)c2)oc2cccc(O)c12,1,O=c1c(O)c(-c2cc([*])c([*])cc2)oc2c1c(O)ccc2,FC(F)(*)F|FC(F)(*)F,0.5679351,8.1900,0.8192200,9.0500,0.9802079,2.6441,0.4631605,-0.1282,2
6.0261,13.1740,-13.1740,0.0000000,O=c1c(O)c(-c2ccc(-c3ccccc3)c(C(F)(F)F)c2)oc2cccc(O)c12,2,O=c1c(O)c(-c2cc([*])c([*])cc2)oc2c1c(O)ccc2,FC(*)(F)F|c1c(*)cccc1,0.0000000,8.1030,0.0000000,12.0440,0.0000000,2.3929,0.0000000,-0.7739,2
8.0689,15.2318,71.3392,0.6763358,O=c1c(O)c(-c2ccc(-c3ccc(F)cc3)c(C(F)(F)F)c2)oc2cccc(O)c12,1,O=c1c(O)c(-c2cc([*])c([*])cc2)oc2c1c(O)ccc2,*C(F)(F)F|c1c(F)ccc(*)c1,0.5921186,8.2590,0.9905134,11.2300,0.9884129,2.4552,0.2591290,-0.9125,2
7.0946,10.0870,-10.0870,0.0000000,O=c1c(O)c(-c2ccc(C(F)(F)F)c(C(F)(F)F)c2)oc2cccc(O)c12,2,O=c1c(O)c(-c2cc([*])c([*])cc2)oc2c1c(O)ccc2,C(F)(*)(F)F|FC(F)(F)*,0.0000000,8.1900,0.0000000,9.0500,0.0000000,2.6441,0.0000000,-0.1282,2
11.1591,10.9401,69.2990,0.6268678,CCCc1cc(-c2oc3cccc(O)c3c(=O)c2O)ccc1C,1,O=c1c(O)c(-c2cc([*])c([*])cc2)oc2c1c(O)ccc2,C(CC)*|C*,0.3300309,7.5080,0.9463959,9.9950,0.9908900,2.3708,0.6776670,0.6454,2
7.9604,12.2132,79.9676,0.7201630,O=c1c(O)c(-c2ccc(C(F)(F)F)c(-c3ccccc3)c2)oc2cccc(O)c12,1,O=c1c(O)c(-c2cc([*])c([*])cc2)oc2c1c(O)ccc2,*c1ccccc1|FC(F)(F)*,0.6961288,8.5760,0.9587471,10.1860,0.9897643,2.4117,0.2909075,-0.7739,2
5.1296,9.3909,-9.3909,0.0000000,O=c1c(O)c(-c2ccc(C(F)(F)F)c(C(F)(F)F)c2)oc2cccc(O)c12,2,O=c1c(O)c(-c2cc([*])c([*])cc2)oc2c1c(O)ccc2,FC(F)(*)F|FC(F)(*)F,0.0000000,8.1900,0.0000000,9.0500,0.0000000,2.6441,0.0000000,-0.1282,2
7.6237,14.8951,61.2888,0.5951863,CC(C)c1ccc(-c2oc3cccc(O)c3c(=O)c2O)cc1C(C)C,1,O=c1c(O)c(-c2cc([*])c([*])cc2)oc2c1c(O)ccc2,C(C)(C)*|*C(C)C,0.3539890,7.5820,0.9512825,10.0650,0.9861410,2.5182,0.4043107,-0.3366,2
8.5009,13.1239,67.3177,0.6284499,C=CCc1cc(-c2oc3cccc(O)c3c(=O)c2O)ccc1C(F)F,1,O=c1c(O)c(-c2cc([*])c([*])cc2)oc2c1c(O)ccc2,C=CC*|*C(F)F,0.3546476,7.5840,0.9659244,10.3240,0.9671910,2.8244,0.5691565,0.2418,2
8.5681,10.8490,63.8178,0.5833344,C=CCc1cc(-c2oc3cccc(O)c3c(=O)c2O)ccc1CC,1,O=c1c(O)c(-c2cc([*])c([*])cc2)oc2c1c(O)ccc2,C=CC*|C(C)*,0.2660852,7.2950,0.9638780,10.2820,0.9822093,2.6064,0.6701115,0.6156,2
11.2764,15.4308,67.3680,0.6468657,CN(C)c1ccc(-c2oc3cccc(O)c3c(=O)c2O)cc1C(F)(F)F,1,O=c1c(O)c(-c2cc([*])c([*])cc2)oc2c1c(O)ccc2,FC(*)(F)F|N(C)(C)*,0.3632571,7.6100,0.9717319,10.4580,0.9812609,2.6248,0.6341638,0.4778,2
39.7851,39.9828,-39.9803,0.0000196,CC(=NCc1cc(C=CC(=O)O)c(C=Cc2cc(-c3oc4cccc(O)c4c(=O)c3O)ccc2C)cc1F)c1ccccc1,1,O=c1c(O)c(-c2cc([*])c([*])cc2)oc2c1c(O)ccc2,C(=O)(O)C=Cc1c(C=C*)cc(F)c(CN=C(C)c2ccccc2)c1|*C,0.0000100,0.0000,0.0000100,0.0000,0.8991858,3.2397,0.0000000,-41.4760,2
8.7177,12.1848,65.5985,0.6076821,CCc1ccc(-c2oc3cccc(O)c3c(=O)c2O)cc1C(F)F,1,O=c1c(O)c(-c2cc([*])c([*])cc2)oc2c1c(O)ccc2,FC(F)*|C(C)*,0.3047853,7.4270,0.9823042,10.7910,0.9794639,2.6572,0.6151219,0.4073,2
10.4349,17.3321,21.2117,0.3011230,CCCNc1ccc(-c2oc3cccc(O)c3c(=O)c2O)cc1C(F)(F)F,1,O=c1c(O)c(-c2cc([*])c([*])cc2)oc2c1c(O)ccc2,FC(*)(F)F|*NCCC,0.2342634,7.1770,0.9811159,10.7450,0.9849802,2.5466,0.0105085,-3.9477,2
8.3266,9.7908,82.2264,0.7188845,O=c1c(O)c(-c2ccc(C(F)(F)F)c(C(F)F)c2)oc2cccc(O)c12,1,O=c1c(O)c(-c2cc([*])c([*])cc2)oc2c1c(O)ccc2,FC(F)*|FC(F)(*)F,0.5412803,8.1150,0.9910776,11.2730,0.9739088,2.7424,0.4863771,-0.0473,2
5.5752,10.0870,-10.0870,0.0000000,O=c1c(O)c(-c2ccc(C(F)(F)F)c(C(F)(F)F)c2)oc2cccc(O)c12,2,O=c1c(O)c(-c2cc([*])c([*])cc2)oc2c1c(O)ccc2,C(F)(*)(F)F|FC(F)(F)*,0.0000000,8.1900,0.0000000,9.0500,0.0000000,2.6441,0.0000000,-0.1282,2
5.9330,10.5886,-10.5886,0.0000000,O=c1c(O)c(-c2ccc(C(F)(F)F)c(C(F)(F)F)c2)oc2cccc(O)c12,2,O=c1c(O)c(-c2cc([*])c([*])cc2)oc2c1c(O)ccc2,FC(*)(F)F|*C(F)(F)F,0.0000000,8.1900,0.0000000,9.0500,0.0000000,2.6441,0.0000000,-0.1282,2
11.5657,12.1977,28.3678,0.3169180,CNc1ccc(-c2oc3cccc(O)c3c(=O)c2O)cc1C(C)C,1,O=c1c(O)c(-c2cc([*])c([*])cc2)oc2c1c(O)ccc2,C(*)(C)C|*NC,0.2460796,7.2220,0.9686112,10.3830,0.9844059,2.5598,0.0135815,-3.7222,2
6.9850,13.4520,62.1974,0.5910113,C=CCc1ccc(-c2oc3cccc(O)c3c(=O)c2O)cc1C(F)(F)F,1,O=c1c(O)c(-c2cc([*])c([*])cc2)oc2c1c(O)ccc2,FC(F)(*)F|C(C=C)*,0.2954154,7.3960,0.9858121,10.9470,0.9774565,2.6903,0.5461906,0.1609,2
4.7443,9.3909,-9.3909,0.0000000,O=c1c(O)c(-c2ccc(C(F)(F)F)c(C(F)(F)F)c2)oc2cccc(O)c12,2,O=c1c(O)c(-c2cc([*])c([*])cc2)oc2c1c(O)ccc2,FC(F)(*)F|FC(F)(*)F,0.0000000,8.1900,0.0000000,9.0500,0.0000000,2.6441,0.0000000,-0.1282,2
4.4563,10.4813,-10.4813,0.0000000,O=c1c(O)c(-c2ccc(C(F)(F)F)c(C(F)(F)F)c2)oc2cccc(O)c12,2,O=c1c(O)c(-c2cc([*])c([*])cc2)oc2c1c(O)ccc2,C(*)(F)(F)F|FC(*)(F)F,0.0000000,8.1900,0.0000000,9.0500,0.0000000,2.6441,0.0000000,-0.1282,2
13.6329,20.9549,9.8987,0.2410438,Cc1ccc(-c2cc(-c3oc4cccc(O)c4c(=O)c3O)ccc2NC2CCCCC2)cc1C,1,O=c1c(O)c(-c2cc([*])c([*])cc2)oc2c1c(O)ccc2,c1(*)cc(C)c(C)cc1|C1CCCCC1N*,0.8682121,9.3100,0.2574644,7.2640,0.9836051,2.5775,0.0025469,-5.1857,2
29.7232,31.6095,-31.1188,0.0038340,CN(C)CC=CCN=C=Cc1ccc(-c2oc3cccc(O)c3c(=O)c2O)cc1-c1ccccc1,1,O=c1c(O)c(-c2cc([*])c([*])cc2)oc2c1c(O)ccc2,c1cccc(*)c1|C(CN=C=C*)=CCN(C)C,0.5355580,8.0990,0.0000100,0.0000,0.8864599,3.2860,0.0001749,-7.5142,2
8.2106,13.8384,66.1543,0.6249432,CC(C)c1ccc(-c2oc3cccc(O)c3c(=O)c2O)cc1C(F)(F)F,1,O=c1c(O)c(-c2cc([*])c([*])cc2)oc2c1c(O)ccc2,FC(F)(*)F|*C(C)C,0.3803977,7.6610,0.9888569,11.1170,0.9834381,2.5811,0.4335012,-0.2324,2
5.6832,8.0213,74.7792,0.6468784,Cc1ccc(-c2oc3cccc(O)c3c(=O)c2O)cc1C(F)(F)F,1,O=c1c(O)c(-c2cc([*])c([*])cc2)oc2c1c(O)ccc2,FC(F)(F)*|*C,0.3507051,7.5720,0.9858924,10.9510,0.9883733,2.4564,0.6608396,0.5794,2
10.6833,13.8289,-0.2908,0.1057662,Cc1ccc(-c2oc3cccc(O)c3c(=O)c2O)cc1-c1ccc(O)cc1,1,O=c1c(O)c(-c2cc([*])c([*])cc2)oc2c1c(O)ccc2,c1(O)ccc(*)cc1|*C,0.5844507,8.2370,0.9890611,11.1300,0.9917769,2.3349,0.0000011,-11.8907,2
5.2250,10.5886,-10.5886,0.0000000,O=c1c(O)c(-c2ccc(C(F)(F)F)c(C(F)(F)F)c2)oc2cccc(O)c12,2,O=c1c(O)c(-c2cc([*])c([*])cc2)oc2c1c(O)ccc2,FC(*)(F)F|*C(F)(F)F,0.0000000,8.1900,0.0000000,9.0500,0.0000000,2.6441,0.0000000,-0.1282,2
5.1712,9.9746,-9.9746,0.0000000,O=c1c(O)c(-c2ccc(C(F)(F)F)c(C(F)(F)F)c2)oc2cccc(O)c12,2,O=c1c(O)c(-c2cc([*])c([*])cc2)oc2c1c(O)ccc2,C(*)(F)(F)F|FC(F)(F)*,0.0000000,8.1900,0.0000000,9.0500,0.0000000,2.6441,0.0000000,-0.1282,2
9.7305,4.9435,-0.4696,0.0349520,Cc1cc(-c2oc3cccc(O)c3c(=O)c2O)ccc1N,1,c1cc2oc(-c3cc([*])c([*])cc3)c(O)c(=O)c2c(O)c1,C*|N*,0.1945978,7.0130,0.9543232,10.1120,0.9905335,2.3843,0.0000000,-17.5941,3
4.8057,7.6830,79.3055,0.6795982,O=c1c(O)c(-c2ccc(C(F)(F)F)c(C(F)(F)F)c2)oc2cccc(O)c12,1,c1cc2oc(-c3cc([*])c([*])cc3)c(O)c(=O)c2c(O)c1,FC(*)(F)F|FC(F)(*)F,0.5679351,8.1900,0.8192200,9.0500,0.9802079,2.6441,0.4631605,-0.1282,3
14.2709,20.2711,15.2330,0.2773762,CCCNc1ccc(-c2oc3cccc(O)c3c(=O)c2O)cc1C(C)C,1,c1cc2oc(-c3cc([*])c([*])cc3)c(O)c(=O)c2c(O)c1,C(C)(C)*|C(N*)CC,0.1910143,6.9970,0.9718109,10.4600,0.9859483,2.5231,0.0099945,-3.9918,3
5.5699,9.3255,-9.3255,0.0000000,O=c1c(O)c(-c2ccc(C(F)(F)F)c(C(F)(F)F)c2)oc2cccc(O)c12,2,c1cc2oc(-c3cc([*])c([*])cc3)c(O)c(=O)c2c(O)c1,C(F)(F)(*)F|FC(F)(*)F,0.0000000,8.1900,0.0000000,9.0500,0.0000000,2.6441,0.0000000,-0.1282,3
5.2187,7.1791,75.6213,0.6468784,Cc1ccc(-c2oc3cccc(O)c3c(=O)c2O)cc1C(F)(F)F,1,c1cc2oc(-c3cc([*])c([*])cc3)c(O)c(=O)c2c(O)c1,FC(F)(F)*|*C,0.3507051,7.5720,0.9858924,10.9510,0.9883733,2.4564,0.6608396,0.5794,3
4.4797,7.4413,-7.4413,0.0000000,O=c1c(O)c(-c2ccc(C(F)(F)F)c(C(F)(F)F)c2)oc2cccc(O)c12,2,c1cc2oc(-c3cc([*])c([*])cc3)c(O)c(=O)c2c(O)c1,FC(*)(F)F|FC(F)(F)*,0.0000000,8.1900,0.0000000,9.0500,0.0000000,2.6441,0.0000000,-0.1282,3
4.8141,8.3081,-8.3081,0.0000000,O=c1c(O)c(-c2ccc(C(F)(F)F)c(C(F)(F)F)c2)oc2cccc(O)c12,2,c1cc2oc(-c3cc([*])c([*])cc3)c(O)c(=O)c2c(O)c1,C(*)(F)(F)F|FC(F)(*)F,0.0000000,8.1900,0.0000000,9.0500,0.0000000,2.6441,0.0000000,-0.1282,3
3.9625,8.2478,-8.2478,0.0000000,O=c1c(O)c(-c2ccc(C(F)(F)F)c(C(F)(F)F)c2)oc2cccc(O)c12,2,c1cc2oc(-c3cc([*])c([*])cc3)c(O)c(=O)c2c(O)c1,*C(F)(F)F|FC(F)(F)*,0.0000000,8.1900,0.0000000,9.0500,0.0000000,2.6441,0.0000000,-0.1282,3
4.0050,8.2478,-8.2478,0.0000000,O=c1c(O)c(-c2ccc(C(F)(F)F)c(C(F)(F)F)c2)oc2cccc(O)c12,2,c1cc2oc(-c3cc([*])c([*])cc3)c(O)c(=O)c2c(O)c1,*C(F)(F)F|FC(F)(F)*,0.0000000,8.1900,0.0000000,9.0500,0.0000000,2.6441,0.0000000,-0.1282,3
5.2258,9.8688,-9.8688,0.0000000,O=c1c(O)c(-c2ccc(C(F)(F)F)c(C(F)(F)F)c2)oc2cccc(O)c12,2,c1cc2oc(-c3cc([*])c([*])cc3)c(O)c(=O)c2c(O)c1,*C(F)(F)F|C(F)(*)(F)F,0.0000000,8.1900,0.0000000,9.0500,0.0000000,2.6441,0.0000000,-0.1282,3
19.7450,27.6489,-2.1848,0.1989382,CC(C)Cc1cc(-c2oc3cccc(O)c3c(=O)c2O)ccc1C=Cc1ccc(C(F)(F)F)cc1,1,c1cc2oc(-c3cc([*])c([*])cc3)c(O)c(=O)c2c(O)c1,C(*)C(C)C|*C=Cc1ccc(C(F)(F)F)cc1,0.5601502,8.1680,0.0620584,6.1130,0.9728535,2.7565,0.0550589,-2.4692,3
3.4875,8.4473,-8.4473,0.0000000,O=c1c(O)c(-c2ccc(C(F)(F)F)c(C(F)(F)F)c2)oc2cccc(O)c12,2,c1cc2oc(-c3cc([*])c([*])cc3)c(O)c(=O)c2c(O)c1,*C(F)(F)F|FC(*)(F)F,0.0000000,8.1900,0.0000000,9.0500,0.0000000,2.6441,0.0000000,-0.1282,3
9.3353,14.8561,54.9367,0.5452566,C=CCc1ccc(-c2oc3cccc(O)c3c(=O)c2O)cc1C(C)C,1,c1cc2oc(-c3cc([*])c([*])cc3)c(O)c(=O)c2c(O)c1,*C(C)C|C(C=C)*,0.2431545,7.2110,0.9740460,10.5190,0.9787458,2.6694,0.5163280,0.0567,3
6.4982,9.9743,-9.9743,0.0000000,O=c1c(O)c(-c2ccc(C(F)(F)F)c(C(F)(F)F)c2)oc2cccc(O)c12,2,c1cc2oc(-c3cc([*])c([*])cc3)c(O)c(=O)c2c(O)c1,FC(F)(F)*|C(*)(F)(F)F,0.0000000,8.1900,0.0000000,9.0500,0.0000000,2.6441,0.0000000,-0.1282,3
7.8323,11.3306,74.0139,0.6667541,O=c1c(O)c(-c2ccc(-c3ccccc3)c(C(F)(F)F)c2)oc2cccc(O)c12,1,c1cc2oc(-c3cc([*])c([*])cc3)c(O)c(=O)c2c(O)c1,FC(F)(F)*|c1(*)ccccc1,0.5369894,8.1030,0.9970405,12.0440,0.9902987,2.3929,0.2909075,-0.7739,3
4.9386,7.8120,-7.8120,0.0000000,O=c1c(O)c(-c2ccc(C(F)(F)F)c(C(F)(F)F)c2)oc2cccc(O)c12,2,c1cc2oc(-c3cc([*])c([*])cc3)c(O)c(=O)c2c(O)c1,FC(F)(*)F|FC(F)(*)F,0.0000000,8.1900,0.0000000,9.0500,0.0000000,2.6441,0.0000000,-0.1282,3
6.5721,9.6889,-9.6889,0.0000000,O=c1c(O)c(-c2ccc(C(F)(F)F)c(C(F)(F)F)c2)oc2cccc(O)c12,2,c1cc2oc(-c3cc([*])c([*])cc3)c(O)c(=O)c2c(O)c1,C(*)(F)(F)F|C(F)(F)(*)F,0.0000000,8.1900,0.0000000,9.0500,0.0000000,2.6441,0.0000000,-0.1282,3
3.7829,7.7958,-7.7958,0.0000000,O=c1c(O)c(-c2ccc(C(F)(F)F)c(C(F)(F)F)c2)oc2cccc(O)c12,2,c1cc2oc(-c3cc([*])c([*])cc3)c(O)c(=O)c2c(O)c1,FC(F)(*)F|FC(*)(F)F,0.0000000,8.1900,0.0000000,9.0500,0.0000000,2.6441,0.0000000,-0.1282,3
6.2600,9.0898,-9.0898,0.0000000,O=c1c(O)c(-c2ccc(C(F)(F)F)c(C(F)(F)F)c2)oc2cccc(O)c12,2,c1cc2oc(-c3cc([*])c([*])cc3)c(O)c(=O)c2c(O)c1,C(F)(F)(*)F|FC(F)(F)*,0.0000000,8.1900,0.0000000,9.0500,0.0000000,2.6441,0.0000000,-0.1282,3
23.4879,23.6768,-16.9630,0.0524515,O=c1c(O)c(-c2ccc(C(F)(F)F)c(-c3ccc([N+](=O)[O-])o3)c2)oc2cccc(O)c12,1,c1cc2oc(-c3cc([*])c([*])cc3)c(O)c(=O)c2c(O)c1,c1cc([N+](=O)[O-])oc1*|C(F)(F)(*)F,0.5997424,8.2810,0.9983878,12.4670,0.9655391,2.8420,0.0000000,-47.8913,3
14.4645,16.3764,-9.5039,0.0536916,COCCNc1ccc(-c2oc3cccc(O)c3c(=O)c2O)cc1C,1,c1cc2oc(-c3cc([*])c([*])cc3)c(O)c(=O)c2c(O)c1,*C|C(COC)N*,0.1449924,6.7670,0.9149773,9.6510,0.9897042,2.4137,0.0000004,-12.8318,3
4.0598,8.4889,-8.4889,0.0000000,O=c1c(O)c(-c2ccc(C(F)(F)F)c(C(F)(F)F)c2)oc2cccc(O)c12,2,c1cc2oc(-c3cc([*])c([*])cc3)c(O)c(=O)c2c(O)c1,*C(F)(F)F|FC(F)(*)F,0.0000000,8.1900,0.0000000,9.0500,0.0000000,2.6441,0.0000000,-0.1282,3
4.0974,6.7201,-6.7201,0.0000000,Cc1ccc(-c2oc3cccc(O)c3c(=O)c2O)cc1C(F)(F)F,2,c1cc2oc(-c3cc([*])c([*])cc3)c(O)c(=O)c2c(O)c1,FC(F)(*)F|*C,0.0000000,7.5720,0.0000000,10.9510,0.0000000,2.4564,0.0000000,0.5794,3
6.3512,11.6797,-11.6797,0.0000000,O=c1c(O)c(-c2ccc(-c3ccccc3)c(C(F)(F)F)c2)oc2cccc(O)c12,2,c1cc2oc(-c3cc([*])c([*])cc3)c(O)c(=O)c2c(O)c1,*C(F)(F)F|c1(*)ccccc1,0.0000000,8.1030,0.0000000,12.0440,0.0000000,2.3929,0.0000000,-0.7739,3
3.8872,8.2478,-8.2478,0.0000000,O=c1c(O)c(-c2ccc(C(F)(F)F)c(C(F)(F)F)c2)oc2cccc(O)c12,2,c1cc2oc(-c3cc([*])c([*])cc3)c(O)c(=O)c2c(O)c1,*C(F)(F)F|FC(F)(F)*,0.0000000,8.1900,0.0000000,9.0500,0.0000000,2.6441,0.0000000,-0.1282,3
4.0739,7.8120,-7.8120,0.0000000,O=c1c(O)c(-c2ccc(C(F)(F)F)c(C(F)(F)F)c2)oc2cccc(O)c12,2,c1cc2oc(-c3cc([*])c([*])cc3)c(O)c(=O)c2c(O)c1,FC(F)(*)F|FC(F)(*)F,0.0000000,8.1900,0.0000000,9.0500,0.0000000,2.6441,0.0000000,-0.1282,3
5.6708,11.0031,-11.0031,0.0000000,O=c1c(O)c(-c2ccc(-c3ccccc3)c(C(F)(F)F)c2)oc2cccc(O)c12,2,c1cc2oc(-c3cc([*])c([*])cc3)c(O)c(=O)c2c(O)c1,FC(*)(F)F|c1(*)ccccc1,0.0000000,8.1030,0.0000000,12.0440,0.0000000,2.3929,0.0000000,-0.7739,3
6.1748,8.2530,-8.2530,0.0000000,Cc1ccc(-c2oc3cccc(O)c3c(=O)c2O)cc1C(F)(F)F,2,c1cc2oc(-c3cc([*])c([*])cc3)c(O)c(=O)c2c(O)c1,C(F)(F)(*)F|*C,0.0000000,7.5720,0.0000000,10.9510,0.0000000,2.4564,0.0000000,0.5794,3
5.4013,10.3123,-10.3123,0.0000000,O=c1c(O)c(-c2ccc(C(F)(F)F)c(C(F)(F)F)c2)oc2cccc(O)c12,2,c1cc2oc(-c3cc([*])c([*])cc3)c(O)c(=O)c2c(O)c1,*C(F)(F)F|C(*)(F)(F)F,0.0000000,8.1900,0.0000000,9.0500,0.0000000,2.6441,0.0000000,-0.1282,3
5.5332,9.1160,-9.1160,0.0000000,O=c1c(O)c(-c2ccc(C(F)(F)F)c(C(F)(F)F)c2)oc2cccc(O)c12,2,c1cc2oc(-c3cc([*])c([*])cc3)c(O)c(=O)c2c(O)c1,FC(F)(*)F|C(F)(F)(*)F,0.0000000,8.1900,0.0000000,9.0500,0.0000000,2.6441,0.0000000,-0.1282,3
25.4705,29.4872,-28.6688,0.0063937,C=CCc1cc(-c2oc3cccc(O)c3c(=O)c2O)ccc1NC=C1C=CCCCC1,1,c1cc2oc(-c3cc([*])c([*])cc3)c(O)c(=O)c2c(O)c1,*CC=C|N(*)C=C1CCCCC=C1,0.0000100,0.0000,0.5466353,8.1300,0.9133496,3.1817,0.0048952,-4.6162,3
4.1198,7.4413,-7.4413,0.0000000,O=c1c(O)c(-c2ccc(C(F)(F)F)c(C(F)(F)F)c2)oc2cccc(O)c12,2,c1cc2oc(-c3cc([*])c([*])cc3)c(O)c(=O)c2c(O)c1,FC(*)(F)F|FC(F)(F)*,0.0000000,8.1900,0.0000000,9.0500,0.0000000,2.6441,0.0000000,-0.1282,3
5.2931,8.3337,74.9599,0.6507313,Cc1ccc(-c2oc3cccc(O)c3c(=O)c2O)cc1C(C)C,1,c1(-c2c(O)c(=O)c3c(O)cccc3o2)cc([*])c([*])cc1,C(C)(C)*|C*,0.3699404,7.6300,0.9671804,10.3510,0.9903793,2.3899,0.6334585,0.4752,4
5.7426,8.3428,-8.3428,0.0000000,Cc1ccc(-c2oc3cccc(O)c3c(=O)c2O)cc1C(C)C,2,c1(-c2c(O)c(=O)c3c(O)cccc3o2)cc([*])c([*])cc1,C(C)(C)*|*C,0.0000000,7.6300,0.0000000,10.3510,0.0000000,2.3899,0.0000000,0.4752,4
5.0266,8.3428,-8.3428,0.0000000,Cc1ccc(-c2oc3cccc(O)c3c(=O)c2O)cc1C(C)C,2,c1(-c2c(O)c(=O)c3c(O)cccc3o2)cc([*])c([*])cc1,C(C)(C)*|*C,0.0000000,7.6300,0.0000000,10.3510,0.0000000,2.3899,0.0000000,0.4752,4
5.8045,8.9506,78.0380,0.6795982,O=c1c(O)c(-c2ccc(C(F)(F)F)c(C(F)(F)F)c2)oc2cccc(O)c12,1,c1(-c2c(O)c(=O)c3c(O)cccc3o2)cc([*])c([*])cc1,FC(F)(*)F|FC(*)(F)F,0.5679351,8.1900,0.8192200,9.0500,0.9802079,2.6441,0.4631605,-0.1282,4
19.8399,23.7906,55.6000,0.6202396,O=c1c(O)c(-c2ccc(N3CCCC3)c(-c3cc(F)cc(F)c3)c2)oc2cccc(O)c12,1,c1(-c2c(O)c(=O)c3c(O)cccc3o2)cc([*])c([*])cc1,*c1cc(F)cc(F)c1|C1CCN(*)C1,0.6759865,8.5110,0.6942990,8.5700,0.9819674,2.6112,0.2463215,-0.9714,4
9.2227,13.5497,71.7948,0.6667541,O=c1c(O)c(-c2ccc(-c3ccccc3)c(C(F)(F)F)c2)oc2cccc(O)c12,1,c1(-c2c(O)c(=O)c3c(O)cccc3o2)cc([*])c([*])cc1,C(F)(F)(F)*|c1ccc(*)cc1,0.5369894,8.1030,0.9970405,12.0440,0.9902987,2.3929,0.2909075,-0.7739,4
5.8011,10.8971,65.2868,0.5951863,CC(C)c1ccc(-c2oc3cccc(O)c3c(=O)c2O)cc1C(C)C,1,c1(-c2c(O)c(=O)c3c(O)cccc3o2)cc([*])c([*])cc1,CC(C)*|CC(*)C,0.3539890,7.5820,0.9512825,10.0650,0.9861410,2.5182,0.4043107,-0.3366,4
6.0193,1.5756,74.6246,0.5953139,Cc1ccc(-c2oc3cccc(O)c3c(=O)c2O)cc1C,1,c1(-c2c(O)c(=O)c3c(O)cccc3o2)cc([*])c([*])cc1,C*|*C,0.2544496,7.2530,0.9774463,10.6190,0.9937705,2.2377,0.8148294,1.2870,4
11.0830,15.8039,70.7671,0.6763358,O=c1c(O)c(-c2ccc(-c3ccc(F)cc3)c(C(F)(F)F)c2)oc2cccc(O)c12,1,c1(-c2c(O)c(=O)c3c(O)cccc3o2)cc([*])c([*])cc1,C(F)(*)(F)F|c1c(F)ccc(*)c1,0.5921186,8.2590,0.9905134,11.2300,0.9884129,2.4552,0.2591290,-0.9125,4
8.1995,10.7080,-10.7080,0.0000000,O=c1c(O)c(-c2ccc(C(F)(F)F)c(C(F)(F)F)c2)oc2cccc(O)c12,2,c1(-c2c(O)c(=O)c3c(O)cccc3o2)cc([*])c([*])cc1,FC(F)(F)*|C(*)(F)(F)F,0.0000000,8.1900,0.0000000,9.0500,0.0000000,2.6441,0.0000000,-0.1282,4
7.5169,6.9199,75.8805,0.6468784,Cc1ccc(-c2oc3cccc(O)c3c(=O)c2O)cc1C(F)(F)F,1,c1(-c2c(O)c(=O)c3c(O)cccc3o2)cc([*])c([*])cc1,*C(F)(F)F|*C,0.3507051,7.5720,0.9858924,10.9510,0.9883733,2.4564,0.6608396,0.5794,4
3.7723,11.6322,-11.6322,0.0000000,CC(C)c1ccc(-c2oc3cccc(O)c3c(=O)c2O)cc1C(C)C,2,c1(-c2c(O)c(=O)c3c(O)cccc3o2)cc([*])c([*])cc1,*C(C)C|CC(C)*,0.0000000,7.5820,0.0000000,10.0650,0.0000000,2.5182,0.0000000,-0.3366,4
7.6339,14.9331,61.6381,0.5982126,CCCc1cc(-c2oc3cccc(O)c3c(=O)c2O)ccc1CC,1,c1(-c2c(O)c(=O)c3c(O)cccc3o2)cc([*])c([*])cc1,C(C)C*|CC*,0.2972158,7.4020,0.9620302,10.2460,0.9885656,2.4506,0.6110687,0.3924,4
5.3995,12.8702,-12.8702,0.0000000,CC(C)c1ccc(-c2oc3cccc(O)c3c(=O)c2O)cc1C(C)C,2,c1(-c2c(O)c(=O)c3c(O)cccc3o2)cc([*])c([*])cc1,C(C)(*)C|CC(*)C,0.0000000,7.5820,0.0000000,10.0650,0.0000000,2.5182,0.0000000,-0.3366,4
5.1722,6.8232,-6.8232,0.0000000,Cc1ccc(-c2oc3cccc(O)c3c(=O)c2O)cc1C(C)C,2,c1(-c2c(O)c(=O)c3c(O)cccc3o2)cc([*])c([*])cc1,CC(C)*|C*,0.0000000,7.6300,0.0000000,10.3510,0.0000000,2.3899,0.0000000,0.4752,4
9.8976,20.7284,52.3880,0.5712215,CC=Cc1ccc(-c2oc3cccc(O)c3c(=O)c2O)cc1C(C)C,1,c1(-c2c(O)c(=O)c3c(O)cccc3o2)cc([*])c([*])cc1,*C(C)C|C(=C*)C,0.2972158,7.4020,0.9860119,10.9570,0.9761792,2.7099,0.4294783,-0.2467,4
5.1228,7.0219,-7.0219,0.0000000,Cc1ccc(-c2oc3cccc(O)c3c(=O)c2O)cc1C(F)(F)F,2,c1(-c2c(O)c(=O)c3c(O)cccc3o2)cc([*])c([*])cc1,FC(*)(F)F|*C,0.0000000,7.5720,0.0000000,10.9510,0.0000000,2.4564,0.0000000,0.5794,4
6.4373,14.3418,78.9128,0.7285509,CC(C)c1cc(-c2oc3cccc(O)c3c(=O)c2O)ccc1C(F)(F)F,1,c1(-c2c(O)c(=O)c3c(O)cccc3o2)cc([*])c([*])cc1,C(C)(C)*|FC(*)(F)F,0.5935081,8.2630,0.9826264,10.8040,0.9828950,2.5925,0.4335012,-0.2324,4
6.9801,13.7421,-13.7421,0.0000000,CC(C)c1cc(-c2oc3cccc(O)c3c(=O)c2O)ccc1C(F)(F)F,2,c1(-c2c(O)c(=O)c3c(O)cccc3o2)cc([*])c([*])cc1,C(C)(*)C|*C(F)(F)F,0.0000000,8.2630,0.0000000,10.8040,0.0000000,2.5925,0.0000000,-0.2324,4
7.1130,13.0895,-13.0895,0.0000000,O=c1c(O)c(-c2ccc(-c3ccccc3)c(C(F)(F)F)c2)oc2cccc(O)c12,2,c1(-c2c(O)c(=O)c3c(O)cccc3o2)cc([*])c([*])cc1,FC(*)(F)F|c1ccccc1*,0.0000000,8.1030,0.0000000,12.0440,0.0000000,2.3929,0.0000000,-0.7739,4
8.1978,18.5827,62.4262,0.6328824,CC(C)c1cc(-c2oc3cccc(O)c3c(=O)c2O)ccc1C1CCCCC1,1,c1(-c2c(O)c(=O)c3c(O)cccc3o2)cc([*])c([*])cc1,C(*)(C)C|*C1CCCCC1,0.6350770,8.3850,0.8738692,9.3450,0.9830024,2.5903,0.1903832,-1.2573,4
7.2182,14.6223,76.5898,0.7125942,CC(C)c1cc(-c2oc3cccc(O)c3c(=O)c2O)ccc1-c1ccccc1,1,c1(-c2c(O)c(=O)c3c(O)cccc3o2)cc([*])c([*])cc1,*C(C)C|c1c(*)cccc1,0.6753557,8.5090,0.9944240,11.6020,0.9912694,2.3559,0.2667968,-0.8781,4
4.9559,8.9030,-8.9030,0.0000000,O=c1c(O)c(-c2ccc(C(F)(F)F)c(C(F)(F)F)c2)oc2cccc(O)c12,2,c1(-c2c(O)c(=O)c3c(O)cccc3o2)cc([*])c([*])cc1,*C(F)(F)F|FC(*)(F)F,0.0000000,8.1900,0.0000000,9.0500,0.0000000,2.6441,0.0000000,-0.1282,4
11.8843,15.1753,50.9007,0.5162183,CC(C)(C)c1ccc(-c2oc3cccc(O)c3c(=O)c2O)cc1C(C)(C)C,1,c1(-c2c(O)c(=O)c3c(O)cccc3o2)cc([*])c([*])cc1,CC(C)(*)C|C(C)(C)(*)C,0.3516887,7.5750,0.7129021,8.6320,0.9820192,2.6102,0.3128452,-0.6835,4
4.0234,8.3197,-8.3197,0.0000000,Cc1ccc(-c2oc3cccc(O)c3c(=O)c2O)cc1C(C)C,2,c1(-c2c(O)c(=O)c3c(O)cccc3o2)cc([*])c([*])cc1,*C(C)C|*C,0.0000000,7.6300,0.0000000,10.3510,0.0000000,2.3899,0.0000000,0.4752,4
6.8776,10.4116,-10.4116,0.0000000,O=c1c(O)c(-c2ccc(C(F)(F)F)c(C(F)(F)F)c2)oc2cccc(O)c12,2,c1(-c2c(O)c(=O)c3c(O)cccc3o2)cc([*])c([*])cc1,FC(*)(F)F|C(*)(F)(F)F,0.0000000,8.1900,0.0000000,9.0500,0.0000000,2.6441,0.0000000,-0.1282,4
5.4381,7.0560,-7.0560,0.0000000,Cc1ccc(-c2oc3cccc(O)c3c(=O)c2O)cc1C(C)C,2,c1(-c2c(O)c(=O)c3c(O)cccc3o2)cc([*])c([*])cc1,CC(*)C|*C,0.0000000,7.6300,0.0000000,10.3510,0.0000000,2.3899,0.0000000,0.4752,4
9.4302,17.8249,54.4893,0.5649548,C=CCc1ccc(-c2oc3cccc(O)c3c(=O)c2O)cc1C(C)(C)C,1,c1(-c2c(O)c(=O)c3c(O)cccc3o2)cc([*])c([*])cc1,*C(C)(C)C|C(C*)=C,0.2859210,7.3640,0.9581165,10.1750,0.9773506,2.6920,0.4664698,-0.1167,4
6.3171,8.0002,-8.0002,0.0000000,Cc1ccc(-c2oc3cccc(O)c3c(=O)c2O)cc1C(F)(F)F,2,c1(-c2c(O)c(=O)c3c(O)cccc3o2)cc([*])c([*])cc1,*C(F)(F)F|C*,0.0000000,7.5720,0.0000000,10.9510,0.0000000,2.4564,0.0000000,0.5794,4
6.2694,12.9972,-12.9972,0.0000000,CC(C)c1ccc(-c2oc3cccc(O)c3c(=O)c2O)cc1C(C)C,2,c1(-c2c(O)c(=O)c3c(O)cccc3o2)cc([*])c([*])cc1,*C(C)C|C(C)(C)*,0.0000000,7.5820,0.0000000,10.0650,0.0000000,2.5182,0.0000000,-0.3366,4
6.0824,6.9806,70.7586,0.6073372,CCc1cc(-c2oc3cccc(O)c3c(=O)c2O)ccc1C,1,c1(-c2c(O)c(=O)c3c(O)cccc3o2)cc([*])c([*])cc1,C(*)C|*C,0.2771885,7.3340,0.9760410,10.5760,0.9914535,2.3484,0.7668192,1.0340,4
7.6401,11.2634,68.7293,0.6249432,CC(C)c1ccc(-c2oc3cccc(O)c3c(=O)c2O)cc1C(F)(F)F,1,c1(-c2c(O)c(=O)c3c(O)cccc3o2)cc([*])c([*])cc1,*C(F)(F)F|CC(C)*,0.3803977,7.6610,0.9888569,11.1170,0.9834381,2.5811,0.4335012,-0.2324,4
8.9540,9.8390,-5.1524,0.0366138,CC(C)c1cc(-c2oc3cccc(O)c3c(=O)c2O)ccc1N,1,[*]c1ccc(-c2c(O)c(=O)c3c(cccc3O)o2)cc1[*],N*|C(C)(*)C,0.2186386,7.1150,0.9717319,10.4580,0.9862716,2.5149,0.0000000,-17.5976,5
7.9626,15.1381,76.0740,0.7125942,CC(C)c1cc(-c2oc3cccc(O)c3c(=O)c2O)ccc1-c1ccccc1,1,[*]c1ccc(-c2c(O)c(=O)c3c(cccc3O)o2)cc1[*],c1cc(*)ccc1|C(C)(C)*,0.6753557,8.5090,0.9944240,11.6020,0.9912694,2.3559,0.2667968,-0.8781,5
6.5203,8.3835,74.9101,0.6507313,Cc1ccc(-c2oc3cccc(O)c3c(=O)c2O)cc1C(C)C,1,[*]c1ccc(-c2c(O)c(=O)c3c(cccc3O)o2)cc1[*],*C|CC(*)C,0.3699404,7.6300,0.9671804,10.3510,0.9903793,2.3899,0.6334585,0.4752,5
8.4043,14.2522,55.8687,0.5478195,CCCc1cc(-c2oc3cccc(O)c3c(=O)c2O)ccc1C(C)C,1,[*]c1ccc(-c2c(O)c(=O)c3c(cccc3O)o2)cc1[*],*C(C)C|C(*)CC,0.2588425,7.2690,0.9783482,10.6480,0.9861932,2.5169,0.4522589,-0.1664,5
7.3612,9.0503,82.4203,0.7146137,Cc1cc(-c2oc3cccc(O)c3c(=O)c2O)ccc1-c1ccccc1,1,[*]c1ccc(-c2c(O)c(=O)c3c(cccc3O)o2)cc1[*],c1(*)ccccc1|C*,0.5262397,8.0730,0.9981626,12.3760,0.9942502,2.2097,0.4809299,-0.0663,5
6.0944,9.9757,66.2081,0.5951863,CC(C)c1ccc(-c2oc3cccc(O)c3c(=O)c2O)cc1C(C)C,1,[*]c1ccc(-c2c(O)c(=O)c3c(cccc3O)o2)cc1[*],C(C)(*)C|CC(C)*,0.3539890,7.5820,0.9512825,10.0650,0.9861410,2.5182,0.4043107,-0.3366,5
8.8118,14.1908,60.9945,0.5873847,CC(C)c1ccc(-c2oc3cccc(O)c3c(=O)c2O)cc1C(C)(C)C,1,[*]c1ccc(-c2c(O)c(=O)c3c(cccc3O)o2)cc1[*],CC(*)C|CC(*)(C)C,0.3572869,7.5920,0.9580008,10.1730,0.9838215,2.5728,0.3572791,-0.5100,5
10.6481,15.1489,20.9202,0.2817893,CCNc1ccc(-c2oc3cccc(O)c3c(=O)c2O)cc1C(C)C,1,[*]c1ccc(-c2c(O)c(=O)c3c(cccc3O)o2)cc1[*],C(C)N*|CC(C)*,0.1892415,6.9890,0.9529231,10.0900,0.9854575,2.5352,0.0118855,-3.8396,5
8.3796,13.4536,71.8909,0.6667541,O=c1c(O)c(-c2ccc(-c3ccccc3)c(C(F)(F)F)c2)oc2cccc(O)c12,1,[*]c1ccc(-c2c(O)c(=O)c3c(cccc3O)o2)cc1[*],c1(*)ccccc1|*C(F)(F)F,0.5369894,8.1030,0.9970405,12.0440,0.9902987,2.3929,0.2909075,-0.7739,5
12.3314,14.8403,57.3817,0.5642338,CCCc1ccc(-c2oc3cccc(O)c3c(=O)c2O)cc1C(F)(F)F,1,[*]c1ccc(-c2c(O)c(=O)c3c(cccc3O)o2)cc1[*],*CCC|FC(F)(*)F,0.2725988,7.3180,0.9836981,10.8490,0.9855573,2.5328,0.4821095,-0.0622,5
10.9548,19.8800,47.7859,0.5286397,CC(C)(C)c1cc(-c2oc3cccc(O)c3c(=O)c2O)ccc1C=Cc1ccccc1,1,[*]c1ccc(-c2c(O)c(=O)c3c(cccc3O)o2)cc1[*],c1(C=C*)ccccc1|CC(C)(C)*,0.4030246,7.7270,0.9296793,9.7940,0.9836474,2.5766,0.1433313,-1.5529,5
14.0439,21.2250,61.7142,0.6479625,C=Cc1ccc(-c2oc3cccc(O)c3c(=O)c2O)cc1CC=C(C)C,1,[*]c1ccc(-c2c(O)c(=O)c3c(cccc3O)o2)cc1[*],C(=C)*|C(C)(C)=CC*,0.4331245,7.8130,0.9740096,10.5180,0.9637203,2.8606,0.4308277,-0.2419,5
7.2974,15.4501,62.4591,0.6086656,CC(C)c1cc(-c2oc3cccc(O)c3c(=O)c2O)ccc1C(C)(C)C,1,[*]c1ccc(-c2c(O)c(=O)c3c(cccc3O)o2)cc1[*],C(C)(C)(C)*|CC(*)C,0.3919959,7.6950,0.9671804,10.3510,0.9825240,2.6001,0.3572791,-0.5100,5
5.2727,7.2553,58.6251,0.5146903,C=CCc1ccc(-c2oc3cccc(O)c3c(=O)c2O)cc1C,1,[*]c1ccc(-c2c(O)c(=O)c3c(cccc3O)o2)cc1[*],C=CC*|*C,0.1750967,6.9230,0.9856094,10.9370,0.9849184,2.5480,0.7310495,0.8685,5
9.4418,9.8135,69.7838,0.6218540,C=CCc1cc(-c2oc3cccc(O)c3c(=O)c2O)ccc1C,1,[*]c1ccc(-c2c(O)c(=O)c3c(cccc3O)o2)cc1[*],*C|C(C=C)*,0.3069240,7.4340,0.9656868,10.3190,0.9839044,2.5710,0.7310495,0.8685,5
11.5677,13.9727,77.0801,0.7113498,CCc1cc(-c2oc3cccc(O)c3c(=O)c2O)ccc1C(F)(F)F,1,[*]c1ccc(-c2c(O)c(=O)c3c(cccc3O)o2)cc1[*],C(F)(F)(*)F|*CC,0.4838156,7.9550,0.9835358,10.8420,0.9851692,2.5421,0.5928534,0.3264,5
9.8918,9.9546,68.8202,0.6154279,CC(C)=CCc1ccc(-c2oc3cccc(O)c3c(=O)c2O)cc1C,1,[*]c1ccc(-c2c(O)c(=O)c3c(cccc3O)o2)cc1[*],C(C)(C)=CC*|C*,0.3335406,7.5190,0.9940617,11.5580,0.9817148,2.6161,0.5262810,0.0914,5
7.0219,12.9117,53.1642,0.5162183,CC(C)(C)c1ccc(-c2oc3cccc(O)c3c(=O)c2O)cc1C(C)(C)C,1,[*]c1ccc(-c2c(O)c(=O)c3c(cccc3O)o2)cc1[*],C(C)(C)(*)C|CC(C)(*)C,0.3516887,7.5750,0.7129021,8.6320,0.9820192,2.6102,0.3128452,-0.6835,5
12.6969,14.9302,62.3826,0.6040062,C=Cc1cc(-c2oc3cccc(O)c3c(=O)c2O)ccc1C,1,[*]c1ccc(-c2c(O)c(=O)c3c(cccc3O)o2)cc1[*],*C|*C=C,0.2754618,7.3280,0.9791855,10.6760,0.9842818,2.5626,0.7498861,0.9537,5
9.8678,13.4027,52.6967,0.5164016,CCCc1ccc(-c2oc3cccc(O)c3c(=O)c2O)cc1CC,1,[*]c1ccc(-c2c(O)c(=O)c3c(cccc3O)o2)cc1[*],C(*)CC|*CC,0.1914595,6.9990,0.9810090,10.7410,0.9887304,2.4455,0.6110687,0.3924,5
10.1890,11.1988,55.2652,0.5192498,CCCCc1ccc(-c2oc3cccc(O)c3c(=O)c2O)cc1C,1,[*]c1ccc(-c2c(O)c(=O)c3c(cccc3O)o2)cc1[*],*CCCC|*C,0.2016853,7.0440,0.9711329,10.4430,0.9912127,2.3582,0.5733920,0.2568,5
8.3815,10.1521,76.8364,0.6795982,O=c1c(O)c(-c2ccc(C(F)(F)F)c(C(F)(F)F)c2)oc2cccc(O)c12,1,[*]c1ccc(-c2c(O)c(=O)c3c(cccc3O)o2)cc1[*],C(F)(*)(F)F|FC(*)(F)F,0.5679351,8.1900,0.8192200,9.0500,0.9802079,2.6441,0.4631605,-0.1282,5
7.3606,15.1381,-15.1381,0.0000000,CC(C)c1cc(-c2oc3cccc(O)c3c(=O)c2O)ccc1-c1ccccc1,2,[*]c1ccc(-c2c(O)c(=O)c3c(cccc3O)o2)cc1[*],c1cc(*)ccc1|C(C)(C)*,0.0000000,8.5090,0.0000000,11.6020,0.0000000,2.3559,0.0000000,-0.8781,5
7.6179,13.0920,-13.0920,0.0000000,O=c1c(O)c(-c2ccc(-c3ccccc3)c(C(F)(F)F)c2)oc2cccc(O)c12,2,[*]c1ccc(-c2c(O)c(=O)c3c(cccc3O)o2)cc1[*],c1cccc(*)c1|FC(F)(*)F,0.0000000,8.1030,0.0000000,12.0440,0.0000000,2.3929,0.0000000,-0.7739,5
5.1115,11.1667,-11.1667,0.0000000,CC(C)c1ccc(-c2oc3cccc(O)c3c(=O)c2O)cc1C(C)C,2,[*]c1ccc(-c2c(O)c(=O)c3c(cccc3O)o2)cc1[*],*C(C)C|C(C)(C)*,0.0000000,7.5820,0.0000000,10.0650,0.0000000,2.5182,0.0000000,-0.3366,5
7.4704,12.3741,49.0213,0.4796513,C=CCc1ccc(-c2oc3cccc(O)c3c(=O)c2O)cc1CC=C,1,[*]c1ccc(-c2c(O)c(=O)c3c(cccc3O)o2)cc1[*],C=CC*|C(*)C=C,0.1594697,6.8450,0.9508135,10.0580,0.9711497,2.7783,0.6267282,0.4501,5
6.6287,7.9423,-7.9423,0.0000000,Cc1ccc(-c2oc3cccc(O)c3c(=O)c2O)cc1C(C)C,2,[*]c1ccc(-c2c(O)c(=O)c3c(cccc3O)o2)cc1[*],C*|CC(C)*,0.0000000,7.6300,0.0000000,10.3510,0.0000000,2.3899,0.0000000,0.4752,5
10.9989,16.5238,64.9631,0.6366159,CC(C)(C)c1cc(-c2oc3cccc(O)c3c(=O)c2O)ccc1-c1ccccc1,1,[*]c1ccc(-c2c(O)c(=O)c3c(cccc3O)o2)cc1[*],c1(*)ccccc1|C(*)(C)(C)C,0.5212142,8.0590,0.9960461,11.8420,0.9905177,2.3848,0.2295960,-1.0515,5
8.0951,14.1244,55.6684,0.5452566,C=CCc1ccc(-c2oc3cccc(O)c3c(=O)c2O)cc1C(C)C,1,[*]c1ccc(-c2c(O)c(=O)c3c(cccc3O)o2)cc1[*],C(C*)=C|CC(C)*,0.2431545,7.2110,0.9740460,10.5190,0.9787458,2.6694,0.5163280,0.0567,5
6.6332,14.6134,-14.6134,0.0000000,C=CCc1ccc(-c2oc3cccc(O)c3c(=O)c2O)cc1C(C)C,2,[*]c1ccc(-c2c(O)c(=O)c3c(cccc3O)o2)cc1[*],C(C=C)*|CC(C)*,0.0000000,7.2110,0.0000000,10.5190,0.0000000,2.6694,0.0000000,0.0567,5
9.9634,14.6841,25.0700,0.3105794,C=CCNc1ccc(-c2oc3cccc(O)c3c(=O)c2O)cc1C(F)(F)F,1,[*]c1ccc(-c2c(O)c(=O)c3c(cccc3O)o2)cc1[*],N(*)CC=C|FC(*)(F)F,0.2452794,7.2190,0.9850477,10.9100,0.9763691,2.7071,0.0115947,-3.8613,5
5.0688,8.9473,-8.9473,0.0000000,CC(C)c1ccc(-c2oc3cccc(O)c3c(=O)c2O)cc1C(C)C,2,[*]c1ccc(-c2c(O)c(=O)c3c(cccc3O)o2)cc1[*],CC(C)*|CC(C)*,0.0000000,7.5820,0.0000000,10.0650,0.0000000,2.5182,0.0000000,-0.3366,5
6.7651,11.2932,68.6995,0.6249432,CC(C)c1ccc(-c2oc3cccc(O)c3c(=O)c2O)cc1C(F)(F)F,1,o1c2cccc(O)c2c(=O)c(O)c1-c1ccc([*])c([*])c1,*C(C)C|*C(F)(F)F,0.3803977,7.6610,0.9888569,11.1170,0.9834381,2.5811,0.4335012,-0.2324,6
12.2849,17.2094,66.8902,0.6570281,Cc1cccc(-c2cc(-c3oc4cccc(O)c4c(=O)c3O)ccc2C(F)(F)F)c1,1,o1c2cccc(O)c2c(=O)c(O)c1-c1ccc([*])c([*])c1,FC(*)(F)F|c1(*)cc(C)ccc1,0.5763898,8.2140,0.9985210,12.5270,0.9867454,2.5025,0.2236231,-1.0811,6
4.1203,8.5619,70.2830,0.6159760,Cc1cc(-c2oc3cccc(O)c3c(=O)c2O)ccc1C(C)C,1,o1c2cccc(O)c2c(=O)c(O)c1-c1ccc([*])c([*])c1,*C(C)C|*C,0.3078431,7.4370,0.9934176,11.4860,0.9907497,2.3762,0.6334585,0.4752,6
11.3162,14.8622,57.0056,0.5614671,C=CC(C)c1ccc(-c2oc3cccc(O)c3c(=O)c2O)cc1C,1,o1c2cccc(O)c2c(=O)c(O)c1-c1ccc([*])c([*])c1,C(C(*)C)=C|C*,0.2520005,7.2440,0.9933037,11.4740,0.9179735,3.1609,0.5882170,0.3097,6
5.2584,8.7683,-8.7683,0.0000000,Cc1cc(-c2oc3cccc(O)c3c(=O)c2O)ccc1C(C)C,2,o1c2cccc(O)c2c(=O)c(O)c1-c1ccc([*])c([*])c1,C(C)(C)*|C*,0.0000000,7.4370,0.0000000,11.4860,0.0000000,2.3762,0.0000000,0.4752,6
8.6430,11.0279,75.9606,0.6795982,O=c1c(O)c(-c2ccc(C(F)(F)F)c(C(F)(F)F)c2)oc2cccc(O)c12,1,o1c2cccc(O)c2c(=O)c(O)c1-c1ccc([*])c([*])c1,*C(F)(F)F|C(F)(*)(F)F,0.5679351,8.1900,0.8192200,9.0500,0.9802079,2.6441,0.4631605,-0.1282,6
6.6981,11.0470,69.1921,0.6268678,CCCc1cc(-c2oc3cccc(O)c3c(=O)c2O)ccc1C,1,o1c2cccc(O)c2c(=O)c(O)c1-c1ccc([*])c([*])c1,*C|C(C)C*,0.3300309,7.5080,0.9463959,9.9950,0.9908900,2.3708,0.6776670,0.6454,6
8.4704,11.8757,52.3324,0.5016262,CCCc1ccc(-c2oc3cccc(O)c3c(=O)c2O)cc1C,1,o1c2cccc(O)c2c(=O)c(O)c1-c1ccc([*])c([*])c1,*CCC|*C,0.1675384,6.8860,0.9860911,10.9610,0.9910874,2.3631,0.6776670,0.6454,6
5.0887,1.5557,74.6445,0.5953139,Cc1ccc(-c2oc3cccc(O)c3c(=O)c2O)cc1C,1,o1c2cccc(O)c2c(=O)c(O)c1-c1ccc([*])c([*])c1,C*|*C,0.2544496,7.2530,0.9774463,10.6190,0.9937705,2.2377,0.8148294,1.2870,6
7.1719,14.3751,67.4189,0.6390156,Cc1ccc(-c2oc3cccc(O)c3c(=O)c2O)cc1C(F)F,1,o1c2cccc(O)c2c(=O)c(O)c1-c1ccc([*])c([*])c1,C*|C(F)(F)*,0.3361047,7.5270,0.9827976,10.8110,0.9828599,2.5932,0.6813880,0.6603,6
5.2104,10.2204,-10.2204,0.0000000,O=c1c(O)c(-c2ccc(C(F)(F)F)c(C(F)(F)F)c2)oc2cccc(O)c12,2,o1c2cccc(O)c2c(=O)c(O)c1-c1ccc([*])c([*])c1,FC(F)(F)*|FC(*)(F)F,0.0000000,8.1900,0.0000000,9.0500,0.0000000,2.6441,0.0000000,-0.1282,6
8.4513,13.6781,77.3746,0.7113498,CCc1cc(-c2oc3cccc(O)c3c(=O)c2O)ccc1C(F)(F)F,1,o1c2cccc(O)c2c(=O)c(O)c1-c1ccc([*])c([*])c1,FC(*)(F)F|CC*,0.4838156,7.9550,0.9835358,10.8420,0.9851692,2.5421,0.5928534,0.3264,6
2.5428,1.5406,-1.5406,0.0000000,Cc1ccc(-c2oc3cccc(O)c3c(=O)c2O)cc1C,2,o1c2cccc(O)c2c(=O)c(O)c1-c1ccc([*])c([*])c1,*C|*C,0.0000000,7.2530,0.0000000,10.6190,0.0000000,2.2377,0.0000000,1.2870,6
3.2658,1.5406,-1.5406,0.0000000,Cc1ccc(-c2oc3cccc(O)c3c(=O)c2O)cc1C,2,o1c2cccc(O)c2c(=O)c(O)c1-c1ccc([*])c([*])c1,*C|*C,0.0000000,7.2530,0.0000000,10.6190,0.0000000,2.2377,0.0000000,1.2870,6
14.9184,10.8023,-6.2831,0.0353062,CCCc1cc(-c2oc3cccc(O)c3c(=O)c2O)ccc1N,1,o1c2cccc(O)c2c(=O)c(O)c1-c1ccc([*])c([*])c1,N*|CCC*,0.2000682,7.0370,0.9565291,10.1480,0.9877074,2.4760,0.0000000,-17.5937,6
7.4863,13.9456,74.8805,0.6939538,CCc1cc(-c2oc3cccc(O)c3c(=O)c2O)ccc1-c1ccccc1,1,o1c2cccc(O)c2c(=O)c(O)c1-c1ccc([*])c([*])c1,c1(*)ccccc1|C(C)*,0.5201367,8.0560,0.9959311,11.8220,0.9928216,2.2873,0.4091256,-0.3193,6
7.5452,15.5154,71.4464,0.6793893,O=c1c(O)c(-c2ccc(C(F)F)c(C(F)(F)F)c2)oc2cccc(O)c12,1,o1c2cccc(O)c2c(=O)c(O)c1-c1ccc([*])c([*])c1,*C(F)F|*C(F)(F)F,0.4619372,7.8940,0.9878122,11.0540,0.9747299,2.7310,0.4863771,-0.0473,6
7.9384,11.3586,-11.3586,0.0000000,O=c1c(O)c(-c2ccc(C(F)(F)F)c(C(F)(F)F)c2)oc2cccc(O)c12,2,o1c2cccc(O)c2c(=O)c(O)c1-c1ccc([*])c([*])c1,C(*)(F)(F)F|FC(*)(F)F,0.0000000,8.1900,0.0000000,9.0500,0.0000000,2.6441,0.0000000,-0.1282,6
2.9027,1.5360,-1.5360,0.0000000,Cc1ccc(-c2oc3cccc(O)c3c(=O)c2O)cc1C,2,o1c2cccc(O)c2c(=O)c(O)c1-c1ccc([*])c([*])c1,*C|C*,0.0000000,7.2530,0.0000000,10.6190,0.0000000,2.2377,0.0000000,1.2870,6
7.6433,13.6781,-13.6781,0.0000000,CCc1cc(-c2oc3cccc(O)c3c(=O)c2O)ccc1C(F)(F)F,2,o1c2cccc(O)c2c(=O)c(O)c1-c1ccc([*])c([*])c1,FC(*)(F)F|CC*,0.0000000,7.9550,0.0000000,10.8420,0.0000000,2.5421,0.0000000,0.3264,6
6.3346,11.1702,-11.1702,0.0000000,O=c1c(O)c(-c2ccc(C(F)(F)F)c(C(F)(F)F)c2)oc2cccc(O)c12,2,o1c2cccc(O)c2c(=O)c(O)c1-c1ccc([*])c([*])c1,*C(F)(F)F|C(*)(F)(F)F,0.0000000,8.1900,0.0000000,9.0500,0.0000000,2.6441,0.0000000,-0.1282,6
8.1514,16.0522,56.4471,0.5664012,C=CCc1cc(-c2oc3cccc(O)c3c(=O)c2O)ccc1C(C)C,1,o1c2cccc(O)c2c(=O)c(O)c1-c1ccc([*])c([*])c1,*C(C)C|C(*)C=C,0.2700382,7.3090,0.9775097,10.6210,0.9794016,2.6583,0.5163280,0.0567,6
7.5078,12.8459,63.3379,0.5951863,CC(C)c1ccc(-c2oc3cccc(O)c3c(=O)c2O)cc1C(C)C,1,o1c2cccc(O)c2c(=O)c(O)c1-c1ccc([*])c([*])c1,C(C)(C)*|C(*)(C)C,0.3539890,7.5820,0.9512825,10.0650,0.9861410,2.5182,0.4043107,-0.3366,6
3.0417,1.5557,-1.5557,0.0000000,Cc1ccc(-c2oc3cccc(O)c3c(=O)c2O)cc1C,2,o1c2cccc(O)c2c(=O)c(O)c1-c1ccc([*])c([*])c1,C*|*C,0.0000000,7.2530,0.0000000,10.6190,0.0000000,2.2377,0.0000000,1.2870,6
9.2952,14.1992,-14.1992,0.0000000,CC(C)c1ccc(-c2oc3cccc(O)c3c(=O)c2O)cc1C(F)(F)F,2,o1c2cccc(O)c2c(=O)c(O)c1-c1ccc([*])c([*])c1,C(C)(C)*|C(F)(F)(*)F,0.0000000,7.6610,0.0000000,11.1170,0.0000000,2.5811,0.0000000,-0.2324,6
7.4556,11.2505,-11.2505,0.0000000,O=c1c(O)c(-c2ccc(C(F)(F)F)c(C(F)(F)F)c2)oc2cccc(O)c12,2,o1c2cccc(O)c2c(=O)c(O)c1-c1ccc([*])c([*])c1,C(F)(*)(F)F|FC(F)(F)*,0.0000000,8.1900,0.0000000,9.0500,0.0000000,2.6441,0.0000000,-0.1282,6
7.0426,12.9287,-12.9287,0.0000000,CC(C)c1ccc(-c2oc3cccc(O)c3c(=O)c2O)cc1C(C)C,2,o1c2cccc(O)c2c(=O)c(O)c1-c1ccc([*])c([*])c1,C(C)(*)C|*C(C)C,0.0000000,7.5820,0.0000000,10.0650,0.0000000,2.5182,0.0000000,-0.3366,6
7.5843,16.9340,63.9116,0.6316064,CCc1cc(-c2oc3cccc(O)c3c(=O)c2O)ccc1C(F)F,1,o1c2cccc(O)c2c(=O)c(O)c1-c1ccc([*])c([*])c1,FC(F)*|C(C)*,0.3402920,7.5400,0.9826019,10.8030,0.9790705,2.6640,0.6151219,0.4073,6
6.6015,14.5351,46.8602,0.4796513,C=CCc1ccc(-c2oc3cccc(O)c3c(=O)c2O)cc1CC=C,1,o1c2cccc(O)c2c(=O)c(O)c1-c1ccc([*])c([*])c1,C(C=C)*|*CC=C,0.1594697,6.8450,0.9508135,10.0580,0.9711497,2.7783,0.6267282,0.4501,6
7.3754,9.4991,73.7945,0.6507313,Cc1ccc(-c2oc3cccc(O)c3c(=O)c2O)cc1C(C)C,1,o1c2cccc(O)c2c(=O)c(O)c1-c1ccc([*])c([*])c1,C*|C(C)(C)*,0.3699404,7.6300,0.9671804,10.3510,0.9903793,2.3899,0.6334585,0.4752,6
5.9805,7.3562,-7.3562,0.0000000,Cc1cc(-c2oc3cccc(O)c3c(=O)c2O)ccc1C(C)C,2,o1c2cccc(O)c2c(=O)c(O)c1-c1ccc([*])c([*])c1,CC(C)*|*C,0.0000000,7.4370,0.0000000,11.4860,0.0000000,2.3762,0.0000000,0.4752,6
8.0088,15.2389,50.8605,0.5164016,CCCc1ccc(-c2oc3cccc(O)c3c(=O)c2O)cc1CC,1,o1c2cccc(O)c2c(=O)c(O)c1-c1ccc([*])c([*])c1,C(CC)*|*CC,0.1914595,6.9990,0.9810090,10.7410,0.9887304,2.4455,0.6110687,0.3924,6
7.0151,11.3990,71.2295,0.6455348,O=c1c(O)c(-c2ccc(-c3ccccc3)c(-c3ccccc3)c2)oc2cccc(O)c12,1,O=c1c(O)c(-c2ccc([*])c([*])c2)oc2c1c(O)ccc2,c1(*)ccccc1|c1(*)ccccc1,0.6413902,8.4040,0.9733830,10.5010,0.9939491,2.2276,0.1632373,-1.4196,7
11.7961,13.2109,57.0965,0.5492761,CCc1ccc(-c2oc3cccc(O)c3c(=O)c2O)cc1C(F)(F)F,1,O=c1c(O)c(-c2ccc([*])c([*])c2)oc2c1c(O)ccc2,CC*|C(F)(F)(*)F,0.3675954,7.6230,0.6182445,8.3350,0.9857190,2.5288,0.5928534,0.3264,7
13.2896,14.2628,84.2719,0.7698020,Cc1ccc(-c2oc3cccc(O)c3c(=O)c2O)cc1Cc1ccc(F)cc1,1,O=c1c(O)c(-c2ccc([*])c([*])c2)oc2c1c(O)ccc2,*C|C(c1ccc(F)cc1)*,0.6632527,8.4710,0.9966996,11.9680,0.9917915,2.3343,0.4629552,-0.1289,7
6.8715,11.1554,53.0527,0.5016262,CCCc1ccc(-c2oc3cccc(O)c3c(=O)c2O)cc1C,1,O=c1c(O)c(-c2ccc([*])c([*])c2)oc2c1c(O)ccc2,*CCC|*C,0.1675384,6.8860,0.9860911,10.9610,0.9910874,2.3631,0.6776670,0.6454,7
4.1703,1.7108,74.4894,0.5953139,Cc1ccc(-c2oc3cccc(O)c3c(=O)c2O)cc1C,1,O=c1c(O)c(-c2ccc([*])c([*])c2)oc2c1c(O)ccc2,*C|*C,0.2544496,7.2530,0.9774463,10.6190,0.9937705,2.2377,0.8148294,1.2870,7
6.4175,9.6606,72.1321,0.6390056,Cc1cc(-c2oc3cccc(O)c3c(=O)c2O)ccc1C(F)F,1,O=c1c(O)c(-c2ccc([*])c([*])c2)oc2c1c(O)ccc2,C(*)(F)F|C*,0.3345009,7.5220,0.9872633,11.0230,0.9833302,2.5834,0.6813880,0.6603,7
16.3676,20.9447,20.2032,0.3214674,O=c1c(O)c(-c2ccc(-c3cccnc3)c(C(F)F)c2)oc2cccc(O)c12,1,O=c1c(O)c(-c2ccc([*])c([*])c2)oc2c1c(O)ccc2,c1c(*)cncc1|FC(*)F,0.4236101,7.7860,0.9961743,11.8650,0.9798716,2.6501,0.0039571,-4.8018,7
8.7576,17.0743,44.4138,0.4803757,C=CCc1ccc(-c2oc3cccc(O)c3c(=O)c2O)cc1CCC,1,O=c1c(O)c(-c2ccc([*])c([*])c2)oc2c1c(O)ccc2,C(*)C=C|C(C)C*,0.1651436,6.8740,0.9598706,10.2060,0.9810281,2.6291,0.5649616,0.2270,7
5.6330,10.0553,-10.0553,0.0000000,Cc1cc(-c2oc3cccc(O)c3c(=O)c2O)ccc1C(F)F,2,O=c1c(O)c(-c2ccc([*])c([*])c2)oc2c1c(O)ccc2,FC(*)F|C*,0.0000000,7.5220,0.0000000,11.0230,0.0000000,2.5834,0.0000000,0.6603,7
7.0079,10.0015,65.2286,0.5877352,CCc1ccc(-c2oc3cccc(O)c3c(=O)c2O)cc1CC,1,O=c1c(O)c(-c2ccc([*])c([*])c2)oc2c1c(O)ccc2,CC*|*CC,0.2593950,7.2710,0.9818739,10.7740,0.9895465,2.4191,0.7107795,0.7810,7
8.5455,14.4041,52.4638,0.5224054,C=CCc1ccc(-c2oc3cccc(O)c3c(=O)c2O)cc1CF,1,O=c1c(O)c(-c2ccc([*])c([*])c2)oc2c1c(O)ccc2,C=CC*|FC*,0.1890208,6.9880,0.9804377,10.7200,0.9712761,2.7767,0.6932223,0.7081,7
5.4152,11.0312,75.9306,0.6793893,O=c1c(O)c(-c2ccc(C(F)F)c(C(F)(F)F)c2)oc2cccc(O)c12,1,O=c1c(O)c(-c2ccc([*])c([*])c2)oc2c1c(O)ccc2,FC(F)*|FC(*)(F)F,0.4619372,7.8940,0.9878122,11.0540,0.9747299,2.7310,0.4863771,-0.0473,7
4.9961,11.7949,80.2223,0.7188845,O=c1c(O)c(-c2ccc(C(F)(F)F)c(C(F)F)c2)oc2cccc(O)c12,1,O=c1c(O)c(-c2ccc([*])c([*])c2)oc2c1c(O)ccc2,*C(F)(F)F|FC(F)*,0.5412803,8.1150,0.9910776,11.2730,0.9739088,2.7424,0.4863771,-0.0473,7
5.2562,11.7767,-11.7767,0.0000000,O=c1c(O)c(-c2ccc(C(F)(F)F)c(C(F)F)c2)oc2cccc(O)c12,2,O=c1c(O)c(-c2ccc([*])c([*])c2)oc2c1c(O)ccc2,FC(*)(F)F|FC(*)F,0.0000000,8.1150,0.0000000,11.2730,0.0000000,2.7424,0.0000000,-0.0473,7
7.9722,10.6275,68.9698,0.6218540,C=CCc1cc(-c2oc3cccc(O)c3c(=O)c2O)ccc1C,1,O=c1c(O)c(-c2ccc([*])c([*])c2)oc2c1c(O)ccc2,C*|*CC=C,0.3069240,7.4340,0.9656868,10.3190,0.9839044,2.5710,0.7310495,0.8685,7
10.2203,15.0237,57.1982,0.5642338,CCCc1ccc(-c2oc3cccc(O)c3c(=O)c2O)cc1C(F)(F)F,1,O=c1c(O)c(-c2ccc([*])c([*])c2)oc2c1c(O)ccc2,C(C)C*|*C(F)(F)F,0.2725988,7.3180,0.9836981,10.8490,0.9855573,2.5328,0.4821095,-0.0622,7
9.3425,17.4034,63.7346,0.6338909,O=c1c(O)c(-c2ccc(CF)c(C(F)F)c2)oc2cccc(O)c12,1,O=c1c(O)c(-c2ccc([*])c([*])c2)oc2c1c(O)ccc2,C(F)*|C(F)(F)*,0.3419092,7.5450,0.9778239,10.6310,0.9642130,2.8556,0.6400155,0.4998,7
7.8256,4.1218,0.3520,0.0349520,Cc1cc(-c2oc3cccc(O)c3c(=O)c2O)ccc1N,1,O=c1c(O)c(-c2ccc([*])c([*])c2)oc2c1c(O)ccc2,N*|*C,0.1945978,7.0130,0.9543232,10.1120,0.9905335,2.3843,0.0000000,-17.5941,7
4.2794,9.7435,-9.7435,0.0000000,Cc1cc(-c2oc3cccc(O)c3c(=O)c2O)ccc1C(F)F,2,O=c1c(O)c(-c2ccc([*])c([*])c2)oc2c1c(O)ccc2,*C(F)F|C*,0.0000000,7.5220,0.0000000,11.0230,0.0000000,2.5834,0.0000000,0.6603,7
9.2309,13.3549,77.5724,0.7103697,C=CCc1cc(-c2oc3cccc(O)c3c(=O)c2O)ccc1C(F)(F)F,1,O=c1c(O)c(-c2ccc([*])c([*])c2)oc2c1c(O)ccc2,FC(F)(*)F|C(C=C)*,0.5000000,8.0000,0.9855685,10.9350,0.9765313,2.7046,0.5461906,0.1609,7
11.1069,17.8186,61.3159,0.6182385,CCCc1ccc(-c2oc3cccc(O)c3c(=O)c2O)cc1-c1ccccc1,1,O=c1c(O)c(-c2ccc([*])c([*])c2)oc2c1c(O)ccc2,C(*)CC|c1(*)ccccc1,0.4540782,7.8720,0.9281590,9.7780,0.9916890,2.3386,0.3068372,-0.7079,7
15.6811,17.5011,63.7954,0.6351289,Cc1ccc(-c2cc(-c3oc4cccc(O)c4c(=O)c3O)ccc2C(F)F)cc1,1,O=c1c(O)c(-c2ccc([*])c([*])c2)oc2c1c(O)ccc2,*C(F)F|c1c(C)ccc(*)c1,0.5204960,8.0570,0.9736797,10.5090,0.9860198,2.5213,0.2402050,-1.0002,7
6.0854,14.2815,66.5642,0.6316064,CCc1cc(-c2oc3cccc(O)c3c(=O)c2O)ccc1C(F)F,1,O=c1c(O)c(-c2ccc([*])c([*])c2)oc2c1c(O)ccc2,*C(F)F|*CC,0.3402920,7.5400,0.9826019,10.8030,0.9790705,2.6640,0.6151219,0.4073,7
6.6525,15.4499,69.8108,0.6660987,O=c1c(O)c(-c2ccc(C(F)F)c(C(F)F)c2)oc2cccc(O)c12,1,O=c1c(O)c(-c2ccc([*])c([*])c2)oc2c1c(O)ccc2,*C(F)F|C(*)(F)F,0.4292419,7.8020,0.9878122,11.0540,0.9677678,2.8180,0.5096525,0.0335,7
14.1480,16.6073,55.6381,0.5644168,C=C(C)Cc1ccc(-c2oc3cccc(O)c3c(=O)c2O)cc1CC,1,O=c1c(O)c(-c2ccc([*])c([*])c2)oc2c1c(O)ccc2,CC(=C)C*|*CC,0.2660852,7.2950,0.9448419,9.9740,0.9797034,2.6531,0.5649616,0.2270,7
9.9353,17.2098,53.8637,0.5552619,CCc1cc(-c2oc3cccc(O)c3c(=O)c2O)ccc1CC(C)C,1,O=c1c(O)c(-c2ccc([*])c([*])c2)oc2c1c(O)ccc2,C(*)C(C)C|C(C)*,0.2474170,7.2270,0.9838361,10.8550,0.9868249,2.5004,0.5423220,0.1474,7
5.0189,1.7299,-1.7299,0.0000000,Cc1ccc(-c2oc3cccc(O)c3c(=O)c2O)cc1C,2,O=c1c(O)c(-c2ccc([*])c([*])c2)oc2c1c(O)ccc2,C*|*C,0.0000000,7.2530,0.0000000,10.6190,0.0000000,2.2377,0.0000000,1.2870,7
6.5624,11.7949,-11.7949,0.0000000,O=c1c(O)c(-c2ccc(C(F)(F)F)c(C(F)F)c2)oc2cccc(O)c12,2,O=c1c(O)c(-c2ccc([*])c([*])c2)oc2c1c(O)ccc2,*C(F)(F)F|FC(F)*,0.0000000,8.1150,0.0000000,11.2730,0.0000000,2.7424,0.0000000,-0.0473,7
6.1006,13.9588,-13.9588,0.0000000,O=c1c(O)c(-c2ccc(C(F)F)c(C(F)F)c2)oc2cccc(O)c12,2,O=c1c(O)c(-c2ccc([*])c([*])c2)oc2c1c(O)ccc2,FC(*)F|FC(*)F,0.0000000,7.8020,0.0000000,11.0540,0.0000000,2.8180,0.0000000,0.0335,7
11.0091,14.4611,77.7197,0.7201630,O=c1c(O)c(-c2ccc(C(F)(F)F)c(-c3ccccc3)c2)oc2cccc(O)c12,1,O=c1c(O)c(-c2ccc([*])c([*])c2)oc2c1c(O)ccc2,C(*)(F)(F)F|c1cccc(*)c1,0.6961288,8.5760,0.9587471,10.1860,0.9897643,2.4117,0.2909075,-0.7739,7
7.0383,16.1697,61.6136,0.6076821,CCc1ccc(-c2oc3cccc(O)c3c(=O)c2O)cc1C(F)F,1,O=c1c(O)c(-c2ccc([*])c([*])c2)oc2c1c(O)ccc2,C(C)*|FC(F)*,0.3047853,7.4270,0.9823042,10.7910,0.9794639,2.6572,0.6151219,0.4073,7
7.6985,14.1391,62.7871,0.6009859,C=CCc1ccc(-c2oc3cccc(O)c3c(=O)c2O)cc1C(F)F,1,O=c1c(O)c(-c2ccc([*])c([*])c2)oc2c1c(O)ccc2,C=CC*|C(F)(F)*,0.3060065,7.4310,0.9858322,10.9480,0.9659440,2.8378,0.5691565,0.2418,7
11.2429,14.5792,55.4820,0.5473530,CC(C)Cc1ccc(-c2oc3cccc(O)c3c(=O)c2O)cc1C(C)C,1,[*]c1ccc(-c2c(O)c(=O)c3c(o2)cccc3O)cc1[*],CC(C)C*|CC(*)C,0.3186782,7.4720,0.8514030,9.2130,0.9838542,2.5721,0.3837503,-0.4114,8
8.3212,11.9618,48.8342,0.4749688,C=CCc1ccc(-c2oc3cccc(O)c3c(=O)c2O)cc1CC,1,[*]c1ccc(-c2c(O)c(=O)c3c(o2)cccc3O)cc1[*],C=CC*|*CC,0.1473271,6.7800,0.9676793,10.3620,0.9823225,2.6041,0.6701115,0.6156,8
10.9234,15.9958,70.5752,0.6763358,O=c1c(O)c(-c2ccc(-c3ccc(F)cc3)c(C(F)(F)F)c2)oc2cccc(O)c12,1,[*]c1ccc(-c2c(O)c(=O)c3c(o2)cccc3O)cc1[*],*c1ccc(F)cc1|C(F)(F)(F)*,0.5921186,8.2590,0.9905134,11.2300,0.9884129,2.4552,0.2591290,-0.9125,8
5.9734,10.1381,81.3325,0.7146137,Cc1cc(-c2oc3cccc(O)c3c(=O)c2O)ccc1-c1ccccc1,1,[*]c1ccc(-c2c(O)c(=O)c3c(o2)cccc3O)cc1[*],c1cc(*)ccc1|*C,0.5262397,8.0730,0.9981626,12.3760,0.9942502,2.2097,0.4809299,-0.0663,8
4.2200,7.4316,75.3689,0.6468784,Cc1ccc(-c2oc3cccc(O)c3c(=O)c2O)cc1C(F)(F)F,1,[*]c1ccc(-c2c(O)c(=O)c3c(o2)cccc3O)cc1[*],*C|FC(*)(F)F,0.3507051,7.5720,0.9858924,10.9510,0.9883733,2.4564,0.6608396,0.5794,8
6.3062,8.7794,78.2091,0.6795982,O=c1c(O)c(-c2ccc(C(F)(F)F)c(C(F)(F)F)c2)oc2cccc(O)c12,1,[*]c1ccc(-c2c(O)c(=O)c3c(o2)cccc3O)cc1[*],FC(F)(*)F|FC(*)(F)F,0.5679351,8.1900,0.8192200,9.0500,0.9802079,2.6441,0.4631605,-0.1282,8
7.4519,13.4845,-13.4845,0.0000000,C=CCc1ccc(-c2oc3cccc(O)c3c(=O)c2O)cc1CC,2,[*]c1ccc(-c2c(O)c(=O)c3c(o2)cccc3O)cc1[*],C(C*)=C|CC*,0.0000000,6.7800,0.0000000,10.3620,0.0000000,2.6041,0.0000000,0.6156,8
12.9936,15.0502,55.6721,0.5525182,CCCCc1cc(-c2oc3cccc(O)c3c(=O)c2O)ccc1C(C)C,1,[*]c1ccc(-c2c(O)c(=O)c3c(o2)cccc3O)cc1[*],C(*)(C)C|C(C*)CC,0.2966150,7.4000,0.9817711,10.7700,0.9864262,2.5109,0.3454920,-0.5550,8
5.9684,10.3955,71.3985,0.6390156,Cc1ccc(-c2oc3cccc(O)c3c(=O)c2O)cc1C(F)F,1,[*]c1ccc(-c2c(O)c(=O)c3c(o2)cccc3O)cc1[*],*C|FC(F)*,0.3361047,7.5270,0.9827976,10.8110,0.9828599,2.5932,0.6813880,0.6603,8
8.7935,11.1131,76.6214,0.6854258,Cc1ccc(-c2cc(-c3oc4cccc(O)c4c(=O)c3O)ccc2C)cc1,1,[*]c1ccc(-c2c(O)c(=O)c3c(o2)cccc3O)cc1[*],C*|c1(*)ccc(C)cc1,0.5226505,8.0630,0.9719289,10.4630,0.9934156,2.2571,0.3941232,-0.3735,8
10.9475,12.6461,82.2626,0.7414746,Cc1cccc(-c2cc(-c3oc4cccc(O)c4c(=O)c3O)ccc2C)c1,1,[*]c1ccc(-c2c(O)c(=O)c3c(o2)cccc3O)cc1[*],*C|c1(*)cccc(C)c1,0.6380733,8.3940,0.9969935,12.0330,0.9924223,2.3063,0.3941232,-0.3735,8
12.3799,18.2880,23.4451,0.3260399,CCc1cc(-c2oc3cccc(O)c3c(=O)c2O)ccc1NCc1ccccc1,1,[*]c1ccc(-c2c(O)c(=O)c3c(o2)cccc3O)cc1[*],c1cc(CN*)ccc1|C(C)*,0.3106098,7.4460,0.9956972,11.7830,0.9911729,2.3597,0.0088754,-4.0959,8
5.6073,10.3955,-10.3955,0.0000000,Cc1ccc(-c2oc3cccc(O)c3c(=O)c2O)cc1C(F)F,2,[*]c1ccc(-c2c(O)c(=O)c3c(o2)cccc3O)cc1[*],*C|FC(F)*,0.0000000,7.5270,0.0000000,10.8110,0.0000000,2.5932,0.0000000,0.6603,8
7.1198,8.6608,-8.6608,0.0000000,Cc1ccc(-c2oc3cccc(O)c3c(=O)c2O)cc1C(F)(F)F,2,[*]c1ccc(-c2c(O)c(=O)c3c(o2)cccc3O)cc1[*],*C|C(F)(F)(*)F,0.0000000,7.5720,0.0000000,10.9510,0.0000000,2.4564,0.0000000,0.5794,8
5.3176,8.7573,-8.7573,0.0000000,O=c1c(O)c(-c2ccc(C(F)(F)F)c(C(F)(F)F)c2)oc2cccc(O)c12,2,[*]c1ccc(-c2c(O)c(=O)c3c(o2)cccc3O)cc1[*],FC(*)(F)F|FC(F)(*)F,0.0000000,8.1900,0.0000000,9.0500,0.0000000,2.6441,0.0000000,-0.1282,8
5.4257,6.8990,66.9540,0.5769761,CCc1ccc(-c2oc3cccc(O)c3c(=O)c2O)cc1C,1,[*]c1ccc(-c2c(O)c(=O)c3c(o2)cccc3O)cc1[*],*CC|C*,0.2376361,7.1900,0.9836056,10.8450,0.9907901,2.3746,0.7668192,1.0340,8
7.6488,7.7631,66.0353,0.5765501,Cc1cc(-c2oc3cccc(O)c3c(=O)c2O)ccc1C(C)(C)C,1,[*]c1ccc(-c2c(O)c(=O)c3c(o2)cccc3O)cc1[*],CC(C)(*)C|*C,0.2632842,7.2850,0.9955466,11.7590,0.9875355,2.4809,0.5859930,0.3018,8
9.1278,15.2595,60.3899,0.5910113,C=CCc1ccc(-c2oc3cccc(O)c3c(=O)c2O)cc1C(F)(F)F,1,[*]c1ccc(-c2c(O)c(=O)c3c(o2)cccc3O)cc1[*],C(*)C=C|*C(F)(F)F,0.2954154,7.3960,0.9858121,10.9470,0.9774565,2.6903,0.5461906,0.1609,8
10.6250,16.8100,70.5794,0.6827298,CCc1cc(-c2oc3cccc(O)c3c(=O)c2O)ccc1-c1ccc(F)cc1,1,[*]c1ccc(-c2c(O)c(=O)c3c(o2)cccc3O)cc1[*],c1(*)ccc(F)cc1|*CC,0.5169032,8.0470,0.9979000,12.2830,0.9913669,2.3519,0.3711932,-0.4578,8
11.1608,18.2569,67.9542,0.6735246,O=c1c(O)c(-c2ccc(C(F)F)c(-c3ccccc3)c2)oc2cccc(O)c12,1,[*]c1ccc(-c2c(O)c(=O)c3c(o2)cccc3O)cc1[*],C(F)(F)*|c1cccc(*)c1,0.5398508,8.1110,0.9938455,11.5330,0.9876481,2.4777,0.3104834,-0.6930,8
13.1625,22.1385,45.6278,0.5294242,CCCCc1cc(-c2oc3cccc(O)c3c(=O)c2O)ccc1-c1ccc(C)cc1,1,[*]c1ccc(-c2c(O)c(=O)c3c(o2)cccc3O)cc1[*],c1(*)ccc(C)cc1|C(C)CC*,0.3536600,7.5810,0.9966711,11.9620,0.9906072,2.3815,0.1657559,-1.4036,8
6.7367,8.7742,-8.7742,0.0000000,O=c1c(O)c(-c2ccc(C(F)(F)F)c(C(F)(F)F)c2)oc2cccc(O)c12,2,[*]c1ccc(-c2c(O)c(=O)c3c(o2)cccc3O)cc1[*],FC(F)(*)F|FC(F)(*)F,0.0000000,8.1900,0.0000000,9.0500,0.0000000,2.6441,0.0000000,-0.1282,8
7.6577,13.5634,56.5575,0.5478195,CCCc1cc(-c2oc3cccc(O)c3c(=O)c2O)ccc1C(C)C,1,[*]c1ccc(-c2c(O)c(=O)c3c(o2)cccc3O)cc1[*],*C(C)C|*CCC,0.2588425,7.2690,0.9783482,10.6480,0.9861932,2.5169,0.4522589,-0.1664,8
10.9198,20.1007,49.1626,0.5411195,C=CCc1cc(-c2oc3cccc(O)c3c(=O)c2O)ccc1C=Cc1ccc(C)cc1,1,[*]c1ccc(-c2c(O)c(=O)c3c(o2)cccc3O)cc1[*],C(=C*)c1ccc(C)cc1|C(*)C=C,0.4402045,7.8330,0.8196458,9.0520,0.9772361,2.6938,0.1840630,-1.2934,8
7.4062,14.6993,46.6961,0.4796513,C=CCc1ccc(-c2oc3cccc(O)c3c(=O)c2O)cc1CC=C,1,[*]c1ccc(-c2c(O)c(=O)c3c(o2)cccc3O)cc1[*],*CC=C|C=CC*,0.1594697,6.8450,0.9508135,10.0580,0.9711497,2.7783,0.6267282,0.4501,8
10.2887,18.6071,-9.7426,0.0692539,CCCc1cc(-c2oc3cccc(O)c3c(=O)c2O)ccc1CCO,1,[*]c1ccc(-c2c(O)c(=O)c3c(o2)cccc3O)cc1[*],OCC*|*CCC,0.1742669,6.9190,0.9506788,10.0560,0.9848132,2.5505,0.0000013,-11.8039,8
7.6744,8.6608,-8.6608,0.0000000,Cc1ccc(-c2oc3cccc(O)c3c(=O)c2O)cc1C(F)(F)F,2,[*]c1ccc(-c2c(O)c(=O)c3c(o2)cccc3O)cc1[*],*C|C(F)(F)(*)F,0.0000000,7.5720,0.0000000,10.9510,0.0000000,2.4564,0.0000000,0.5794,8
11.2151,18.0421,65.2075,0.6503873,C=CCc1ccc(-c2oc3cccc(O)c3c(=O)c2O)cc1-c1ccc(F)cc1,1,[*]c1ccc(-c2c(O)c(=O)c3c(o2)cccc3O)cc1[*],*CC=C|c1c(*)ccc(F)c1,0.5071952,8.0200,0.9364166,9.8690,0.9844697,2.5584,0.3279251,-0.6233,8
7.7170,12.4811,79.5361,0.7188845,O=c1c(O)c(-c2ccc(C(F)(F)F)c(C(F)F)c2)oc2cccc(O)c12,1,[*]c1ccc(-c2c(O)c(=O)c3c(o2)cccc3O)cc1[*],FC(F)(F)*|C(F)(F)*,0.5412803,8.1150,0.9910776,11.2730,0.9739088,2.7424,0.4863771,-0.0473,8
10.8199,16.5764,72.7034,0.6974981,CCc1ccc(-c2oc3cccc(O)c3c(=O)c2O)cc1-c1ccc(F)cc1,1,[*]c1ccc(-c2c(O)c(=O)c3c(o2)cccc3O)cc1[*],C(C)*|c1(F)ccc(*)cc1,0.5590861,8.1650,0.9809015,10.7370,0.9910846,2.3632,0.3711932,-0.4578,8
6.7412,7.5879,84.4162,0.7187822,Cc1cc(-c2oc3cccc(O)c3c(=O)c2O)ccc1C(F)(F)F,1,[*]c1ccc(-c2c(O)c(=O)c3c(o2)cccc3O)cc1[*],FC(*)(F)F|C*,0.4712495,7.9200,0.9921530,11.3630,0.9869253,2.4977,0.6608396,0.5794,8
12.4988,17.3123,52.8445,0.5481005,O=c1c(O)c(-c2ccc(-c3ccc(F)cc3)c(-c3ccccc3)c2)oc2cccc(O)c12,1,[*]c1ccc(-c2c(O)c(=O)c3c(o2)cccc3O)cc1[*],c1c(*)ccc(F)c1|c1cccc(*)c1,0.7641842,8.8170,0.5427095,8.1190,0.9927201,2.2922,0.1426007,-1.5581,8
