Agent,Prior,Target,Score,SMILES,SMILES_state,Input_Scaffold,R-groups,TTBK1_dock,TTBK1_dock (raw),MAOB_dock,MAOB_dock (raw),SA_score,SA_score (raw),step
7.4466,14.7797,80.6036,0.7451822,O=c1c(O)c(-c2ccc(-c3ccccc3)c(-c3ccccc3)c2)oc2cc(O)cc(O)c12,1,c1([*])c([*])ccc(-c2c(O)c(=O)c3c(O)cc(O)cc3o2)c1,c1ccccc1*|c1ccc(*)cc1,0.6320701,8.3760,0.7615809,8.8070,0.9916303,2.3411,1
5.7365,11.2902,84.2679,0.7465479,Nc1cc(-c2oc3cc(O)cc(O)c3c(=O)c2O)ccc1-c1ccccc1,1,c1([*])c([*])ccc(-c2c(O)c(=O)c3c(O)cc(O)cc3o2)c1,N*|c1cccc(*)c1,0.4895680,7.9710,0.9890611,11.1300,0.9890455,2.4355,1
11.4530,12.3242,84.1460,0.7536732,Nc1cc(-c2oc3cc(O)cc(O)c3c(=O)c2O)ccc1N1CCCCC1,1,c1([*])c([*])ccc(-c2c(O)c(=O)c3c(O)cc(O)cc3o2)c1,*N|C1CCCCN1*,0.5143872,8.0400,0.9666278,10.3390,0.9835959,2.5777,1
8.2150,16.9349,97.5400,0.8943346,O=c1c(O)c(-c2ccc(-c3ccc(F)cc3)c(-c3ccccc3)c2)oc2cc(O)cc(O)c12,1,c1([*])c([*])ccc(-c2c(O)c(=O)c3c(O)cc(O)cc3o2)c1,c1ccc(*)cc1|c1c(F)ccc(*)c1,0.7905600,8.9230,0.9616074,10.2380,0.9899993,2.4035,1
10.9949,21.1311,-19.8672,0.0098740,O=c1c(O)c(-c2ccc(Nc3ccc(F)cc3)c(C(F)F)c2)oc2cc(O)cc(O)c12,1,c1([*])c([*])ccc(-c2c(O)c(=O)c3c(O)cc(O)cc3o2)c1,FC(*)F|c1cc(N*)ccc1F,0.0000100,0.0000,0.9797356,10.6950,0.9778017,2.6849,1
17.8752,20.4552,-19.2179,0.0096665,Nc1cc(-c2oc3cc(O)cc(O)c3c(=O)c2O)ccc1CC=NNc1ccc(O)cc1,1,c1([*])c([*])ccc(-c2c(O)c(=O)c3c(O)cc(O)cc3o2)c1,*N|C(*)C=NNc1ccc(O)cc1,0.0000100,0.0000,0.9400030,9.9120,0.9551866,2.9371,1
7.3155,12.9882,85.1878,0.7669996,Nc1cc(-c2oc3cc(O)cc(O)c3c(=O)c2O)ccc1Nc1ccccc1,1,c1([*])c([*])ccc(-c2c(O)c(=O)c3c(O)cc(O)cc3o2)c1,N*|c1ccc(N*)cc1,0.5255221,8.0710,0.9862481,10.9690,0.9881468,2.4632,1
7.8590,18.2295,86.1937,0.8158060,O=c1c(O)c(-c2ccc(-c3ccccc3)c(Nc3ccccc3)c2)oc2cc(O)cc(O)c12,1,c1([*])c([*])ccc(-c2c(O)c(=O)c3c(O)cc(O)cc3o2)c1,c1(N*)ccccc1|c1cccc(*)c1,0.7251123,8.6740,0.8334629,9.1190,0.9893534,2.4255,1
11.0906,17.7812,83.7021,0.7928385,O=c1c(O)c(-c2ccc(-c3ccccc3O)c(-c3ccccc3)c2)oc2cc(O)cc(O)c12,1,c1([*])c([*])ccc(-c2c(O)c(=O)c3c(O)cc(O)cc3o2)c1,c1ccc(*)cc1|c1(O)c(*)cccc1,0.6162047,8.3290,0.9141903,9.6440,0.9871891,2.4905,1
13.3893,19.4036,62.2226,0.6377051,CCc1cc(-c2oc3cc(O)cc(O)c3c(=O)c2O)ccc1NCc1ccc(F)cc1,1,c1([*])c([*])ccc(-c2c(O)c(=O)c3c(O)cc(O)cc3o2)c1,*CC|C(N*)c1ccc(F)cc1,0.3309864,7.5110,0.9884533,11.0920,0.9852960,2.5391,1
14.2573,21.7844,76.3496,0.7666722,O=c1c(O)c(-c2ccc(C(F)(F)F)c(-c3cccc(F)c3F)c2)oc2cc(O)cc(O)c12,1,c1([*])c([*])ccc(-c2c(O)c(=O)c3c(O)cc(O)cc3o2)c1,c1(F)c(F)cccc1*|FC(F)(*)F,0.5707581,8.1980,0.9137377,9.6400,0.9738706,2.7429,1
11.3600,15.9130,84.0335,0.7808321,Nc1cc(-c2oc3cc(O)cc(O)c3c(=O)c2O)ccc1-c1ccc(F)cc1F,1,c1([*])c([*])ccc(-c2c(O)c(=O)c3c(O)cc(O)cc3o2)c1,N*|Fc1ccc(*)c(F)c1,0.5498431,8.1390,0.9893227,11.1470,0.9809227,2.6311,1
8.8892,19.4558,88.6246,0.8443786,O=c1c(O)c(-c2ccc(-c3ccccc3)c(Nc3ccc(F)cc3)c2)oc2cc(O)cc(O)c12,1,c1([*])c([*])ccc(-c2c(O)c(=O)c3c(O)cc(O)cc3o2)c1,c1cc(F)ccc1N*|c1c(*)cccc1,0.7649612,8.8200,0.8618279,9.2720,0.9875663,2.4800,1
9.2500,14.8129,65.6585,0.6286831,Nc1ccc(-c2oc3cc(O)cc(O)c3c(=O)c2O)cc1-c1cccs1,1,c1([*])c([*])ccc(-c2c(O)c(=O)c3c(O)cc(O)cc3o2)c1,c1cc(*)sc1|N*,0.3262238,7.4960,0.9710116,10.4400,0.9787661,2.6691,1
17.0351,25.5442,-25.5314,0.0000993,O=c1c(O)c(-c2ccc(NC3=NCCCCC3)c(-c3ccccc3)c2)oc2cc(O)cc(O)c12,1,c1([*])c([*])ccc(-c2c(O)c(=O)c3c(O)cc(O)cc3o2)c1,c1c(*)cccc1|C1CN=C(N*)CCC1,0.0000100,0.0000,0.0000100,0.0000,0.9671133,2.8252,1
11.5723,16.7459,81.8563,0.7703301,Nc1cc(-c2oc3cc(O)cc(O)c3c(=O)c2O)ccc1Nc1cccc(F)c1,1,c1([*])c([*])ccc(-c2c(O)c(=O)c3c(O)cc(O)cc3o2)c1,N*|*Nc1cccc(F)c1,0.5377049,8.1050,0.9763421,10.5850,0.9842208,2.5640,1
5.6986,10.3495,83.4334,0.7326786,Nc1ccc(-c2oc3cc(O)cc(O)c3c(=O)c2O)cc1-c1ccccc1,1,c1([*])c([*])ccc(-c2c(O)c(=O)c3c(O)cc(O)cc3o2)c1,c1(*)ccccc1|N*,0.4651580,7.9030,0.9931781,11.4610,0.9892645,2.4284,1
10.7681,20.7428,70.4781,0.7126634,O=c1c(O)c(-c2ccc(-c3ccc(F)cc3)c(NCCO)c2)oc2cc(O)cc(O)c12,1,c1([*])c([*])ccc(-c2c(O)c(=O)c3c(O)cc(O)cc3o2)c1,OCCN*|c1(F)ccc(*)cc1,0.4462417,7.8500,0.9693893,10.4010,0.9823935,2.6027,1
8.7381,16.8279,90.6051,0.8393203,O=c1c(O)c(-c2ccc(-c3ccccc3)c(-c3ccco3)c2)oc2cc(O)cc(O)c12,1,c1([*])c([*])ccc(-c2c(O)c(=O)c3c(O)cc(O)cc3o2)c1,o1cccc1*|c1cc(*)ccc1,0.6590616,8.4580,0.9867088,10.9930,0.9849374,2.5476,1
18.3851,30.5583,-30.5455,0.0000997,O=c1c(O)c(-c2ccc(-c3ccccc3)c(-c3cccc(Nc4ccc(F)cc4)c3)c2)oc2cc(O)cc(O)c12,1,c1([*])c([*])ccc(-c2c(O)c(=O)c3c(O)cc(O)cc3o2)c1,N(c1cccc(*)c1)c1ccc(F)cc1|c1ccc(*)cc1,0.0000100,0.0000,0.0000100,0.0000,0.9833577,2.5828,1
9.4037,11.5921,70.3752,0.6403698,Nc1ccc(-c2oc3cc(O)cc(O)c3c(=O)c2O)cc1-c1ccco1,1,c1([*])c([*])ccc(-c2c(O)c(=O)c3c(O)cc(O)cc3o2)c1,c1(*)occc1|*N,0.3386784,7.5350,0.9799346,10.7020,0.9776534,2.6872,1
8.9732,17.1179,-17.1179,0.0000000,O=c1c(O)c(-c2ccc(-c3ccc(F)cc3)c(-c3ccccc3)c2)oc2cc(O)cc(O)c12,2,c1([*])c([*])ccc(-c2c(O)c(=O)c3c(O)cc(O)cc3o2)c1,c1c(*)cccc1|c1(F)ccc(*)cc1,0.0000000,8.9230,0.0000000,10.2380,0.0000000,2.4035,1
9.5447,11.4423,93.3786,0.8189132,Cc1ccc(-c2oc3cc(O)cc(O)c3c(=O)c2O)cc1-c1ccc(O)cc1,1,c1([*])c([*])ccc(-c2c(O)c(=O)c3c(O)cc(O)cc3o2)c1,c1c(*)ccc(O)c1|C*,0.6192631,8.3380,0.9857313,10.9430,0.9883755,2.4564,1
10.2292,20.0887,76.1475,0.7518452,O=c1c(O)c(-c2ccc(-c3cccc(F)c3)c(-c3ccc(F)cc3)c2)oc2cc(O)cc(O)c12,1,c1([*])c([*])ccc(-c2c(O)c(=O)c3c(O)cc(O)cc3o2)c1,c1(*)ccc(F)cc1|Fc1cc(*)ccc1,0.7458233,8.7480,0.6616436,8.4660,0.9865567,2.5075,1
10.0680,12.8573,83.6182,0.7537149,Cc1ccc(-c2oc3cc(O)cc(O)c3c(=O)c2O)cc1Nc1ccccc1,1,c1([*])c([*])ccc(-c2c(O)c(=O)c3c(O)cc(O)cc3o2)c1,c1c(N*)cccc1|C*,0.4996403,7.9990,0.9916682,11.3210,0.9908040,2.3741,1
19.1702,21.4369,88.9367,0.8622940,CC(=CNc1cc(-c2oc3cc(O)cc(O)c3c(=O)c2O)ccc1N)c1ccc(F)cc1,1,c1([*])c([*])ccc(-c2c(O)c(=O)c3c(O)cc(O)cc3o2)c1,*NC=C(c1ccc(F)cc1)C|N*,0.8296329,9.1000,0.8479103,9.1940,0.9633960,2.8638,1
22.8613,31.6190,-31.6062,0.0000997,O=C(Nc1ccccc1)c1ccc(-c2ccc(-c3oc4cc(O)cc(O)c4c(=O)c3O)cc2-c2cccc(F)c2)cc1,1,c1([*])c([*])ccc(-c2c(O)c(=O)c3c(O)cc(O)cc3o2)c1,c1cc(F)cc(*)c1|c1cccc(NC(=O)c2ccc(*)cc2)c1,0.0000100,0.0000,0.0000100,0.0000,0.9834940,2.5799,1
6.5389,10.9071,-10.9071,0.0000000,Nc1ccc(-c2oc3cc(O)cc(O)c3c(=O)c2O)cc1-c1ccccc1,2,c1([*])c([*])ccc(-c2c(O)c(=O)c3c(O)cc(O)cc3o2)c1,c1ccc(*)cc1|*N,0.0000000,7.9030,0.0000000,11.4610,0.0000000,2.4284,1
18.9834,26.2642,-26.2515,0.0000990,O=c1c(O)c(-c2ccc(NC(c3ccc(F)cc3)c3ccc(F)cc3)c(-c3ccoc3)c2)oc2cc(O)cc(O)c12,1,c1([*])c([*])ccc(-c2c(O)c(=O)c3c(O)cc(O)cc3o2)c1,c1occ(*)c1|C(N*)(c1ccc(F)cc1)c1ccc(F)cc1,0.0000100,0.0000,0.0000100,0.0000,0.9532638,2.9524,1
6.5562,13.1685,70.0193,0.6499049,Nc1ccc(-c2oc3cc(O)cc(O)c3c(=O)c2O)cc1Nc1ccccc1,1,c1([*])c([*])ccc(-c2c(O)c(=O)c3c(O)cc(O)cc3o2)c1,c1c(N*)cccc1|N*,0.3566263,7.5900,0.9605851,10.2190,0.9879852,2.4680,1
9.8554,20.0397,97.4682,0.9180306,O=c1c(O)c(-c2ccc(-c3ccc(F)cc3)c(-c3ccc(F)cc3)c2)oc2cc(O)cc(O)c12,1,c1([*])c([*])ccc(-c2c(O)c(=O)c3c(O)cc(O)cc3o2)c1,c1c(*)ccc(F)c1|c1cc(*)ccc1F,0.8395633,9.1500,0.9675891,10.3600,0.9880910,2.4649,1
10.9453,21.5559,36.7351,0.4553982,O=c1c(O)c(-c2ccc(-c3ccccc3)c(-c3ccccc3F)c2)oc2cc(O)cc(O)c12,1,c1([*])c([*])ccc(-c2c(O)c(=O)c3c(O)cc(O)cc3o2)c1,Fc1ccccc1*|c1ccccc1*,0.7140788,8.6360,0.1970909,7.0240,0.9888518,2.4417,1
4.1902,10.4063,83.3766,0.7326786,Nc1ccc(-c2oc3cc(O)cc(O)c3c(=O)c2O)cc1-c1ccccc1,1,c1([*])cc(-c2c(O)c(=O)c3c(O)cc(O)cc3o2)ccc1[*],c1c(*)cccc1|N*,0.4651580,7.9030,0.9931781,11.4610,0.9892645,2.4284,2
13.4387,21.7550,-20.6201,0.0088659,O=c1c(O)c(-c2ccc(-c3c(F)cccc3F)c(-c3ccccc3)c2)oc2cc(O)cc(O)c12,1,c1([*])cc(-c2c(O)c(=O)c3c(O)cc(O)cc3o2)ccc1[*],*c1ccccc1|c1ccc(F)c(*)c1F,0.7460958,8.7490,0.0000100,0.0000,0.9841043,2.5666,2
4.4475,11.8514,71.1212,0.6482235,Nc1ccc(-c2oc3cc(O)cc(O)c3c(=O)c2O)cc1-c1ccc(F)cc1,1,c1([*])cc(-c2c(O)c(=O)c3c(O)cc(O)cc3o2)ccc1[*],c1(F)ccc(*)cc1|N*,0.3428813,7.5480,0.9930303,11.4460,0.9872141,2.4899,2
4.3907,10.7294,-10.7294,0.0000000,Nc1ccc(-c2oc3cc(O)cc(O)c3c(=O)c2O)cc1-c1ccccc1,2,c1([*])cc(-c2c(O)c(=O)c3c(O)cc(O)cc3o2)ccc1[*],c1cccc(*)c1|N*,0.0000000,7.9030,0.0000000,11.4610,0.0000000,2.4284,2
10.9588,18.5638,63.7058,0.6427309,CCOc1ccccc1-c1cc(-c2oc3cc(O)cc(O)c3c(=O)c2O)ccc1N,1,c1([*])cc(-c2c(O)c(=O)c3c(O)cc(O)cc3o2)ccc1[*],CCOc1c(*)cccc1|N*,0.3497225,7.5690,0.9543232,10.1120,0.9847081,2.5529,2
7.4968,14.1805,69.4588,0.6534324,Nc1ccc(-c2oc3cc(O)cc(O)c3c(=O)c2O)cc1-c1ccccc1F,1,c1([*])cc(-c2c(O)c(=O)c3c(O)cc(O)cc3o2)ccc1[*],c1cc(F)c(*)cc1|*N,0.3497225,7.5690,0.9942539,11.5810,0.9852843,2.5394,2
14.1660,21.6320,-20.4563,0.0091855,Nc1ccc(-c2cc(-c3oc4cc(O)cc(O)c4c(=O)c3O)ccc2-c2ccc(F)cc2)cc1,1,c1([*])cc(-c2c(O)c(=O)c3c(O)cc(O)cc3o2)ccc1[*],Nc1ccc(*)cc1|c1cc(F)ccc1*,0.8144836,9.0280,0.0000100,0.0000,0.9857217,2.5287,2
8.4270,13.5112,81.8721,0.7451822,O=c1c(O)c(-c2ccc(-c3ccccc3)c(-c3ccccc3)c2)oc2cc(O)cc(O)c12,1,c1([*])cc(-c2c(O)c(=O)c3c(O)cc(O)cc3o2)ccc1[*],*c1ccccc1|c1(*)ccccc1,0.6320701,8.3760,0.7615809,8.8070,0.9916303,2.3411,2
5.4116,9.8057,-9.8057,0.0000000,Nc1ccc(-c2oc3cc(O)cc(O)c3c(=O)c2O)cc1-c1ccccc1,2,c1([*])cc(-c2c(O)c(=O)c3c(O)cc(O)cc3o2)ccc1[*],c1cc(*)ccc1|*N,0.0000000,7.9030,0.0000000,11.4610,0.0000000,2.4284,2
7.1572,13.5373,-13.5373,0.0000000,O=c1c(O)c(-c2ccc(-c3ccccc3)c(-c3ccccc3)c2)oc2cc(O)cc(O)c12,2,c1([*])cc(-c2c(O)c(=O)c3c(O)cc(O)cc3o2)ccc1[*],c1(*)ccccc1|c1c(*)cccc1,0.0000000,8.3760,0.0000000,8.8070,0.0000000,2.3411,2
4.2493,4.9527,73.8656,0.6157685,Nc1ccc(-c2oc3cc(O)cc(O)c3c(=O)c2O)cc1N,1,c1([*])cc(-c2c(O)c(=O)c3c(O)cc(O)cc3o2)ccc1[*],N*|*N,0.3393235,7.5370,0.8854397,9.4210,0.9807119,2.6350,2
4.4939,13.5761,-13.5761,0.0000000,Nc1ccc(-c2oc3cc(O)cc(O)c3c(=O)c2O)cc1-c1ccc(F)cc1,2,c1([*])cc(-c2c(O)c(=O)c3c(O)cc(O)cc3o2)ccc1[*],c1cc(*)ccc1F|N*,0.0000000,7.5480,0.0000000,11.4460,0.0000000,2.4899,2
13.1640,21.3358,49.6038,0.5542157,NC(=O)Nc1ccc(-c2cc(-c3oc4cc(O)cc(O)c4c(=O)c3O)ccc2N)cc1,1,c1([*])cc(-c2c(O)c(=O)c3c(O)cc(O)cc3o2)ccc1[*],O=C(Nc1ccc(*)cc1)N|*N,0.6162047,8.3290,0.3743115,7.6430,0.9828286,2.5939,2
4.4987,11.8514,-11.8514,0.0000000,Nc1ccc(-c2oc3cc(O)cc(O)c3c(=O)c2O)cc1-c1ccc(F)cc1,2,c1([*])cc(-c2c(O)c(=O)c3c(O)cc(O)cc3o2)ccc1[*],c1(F)ccc(*)cc1|N*,0.0000000,7.5480,0.0000000,11.4460,0.0000000,2.4899,2
12.6607,21.7467,25.8124,0.3715552,Cc1ccccc1Nc1ccc(-c2oc3cc(O)cc(O)c3c(=O)c2O)cc1-c1ccccc1,1,c1([*])cc(-c2c(O)c(=O)c3c(O)cc(O)cc3o2)ccc1[*],c1c(*)cccc1|c1(C)c(N*)cccc1,0.6973451,8.5800,0.1214485,6.6250,0.9872724,2.4882,2
4.5009,11.1718,-11.1718,0.0000000,Nc1ccc(-c2oc3cc(O)cc(O)c3c(=O)c2O)cc1-c1ccccc1,2,c1([*])cc(-c2c(O)c(=O)c3c(O)cc(O)cc3o2)ccc1[*],c1ccccc1*|*N,0.0000000,7.9030,0.0000000,11.4610,0.0000000,2.4284,2
5.9905,11.8680,-11.8680,0.0000000,Nc1ccc(-c2oc3cc(O)cc(O)c3c(=O)c2O)cc1-c1ccc(F)cc1,2,c1([*])cc(-c2c(O)c(=O)c3c(O)cc(O)cc3o2)ccc1[*],c1(*)ccc(F)cc1|*N,0.0000000,7.5480,0.0000000,11.4460,0.0000000,2.4899,2
13.0574,11.9587,54.0372,0.5155929,Nc1ccc(-c2oc3cc(O)cc(O)c3c(=O)c2O)cc1CBr,1,c1([*])cc(-c2c(O)c(=O)c3c(O)cc(O)cc3o2)ccc1[*],C(*)Br|N*,0.2120732,7.0880,0.9121363,9.6260,0.9737417,2.7447,2
9.1230,16.4656,86.1922,0.8020139,Nc1cc(-c2oc3cc(O)cc(O)c3c(=O)c2O)ccc1-c1cccc(F)c1,1,c1([*])cc(-c2c(O)c(=O)c3c(O)cc(O)cc3o2)ccc1[*],N*|c1ccc(F)cc1*,0.5851495,8.2390,0.9919717,11.3470,0.9848664,2.5493,2
7.5144,14.0369,90.0612,0.8132659,Nc1ccc(-c2oc3cc(O)cc(O)c3c(=O)c2O)cc1-c1cccc(F)c1,1,c1([*])cc(-c2c(O)c(=O)c3c(O)cc(O)cc3o2)ccc1[*],c1(*)cc(F)ccc1|N*,0.6035362,8.2920,0.9956910,11.7820,0.9851600,2.5423,2
12.0524,17.4521,76.9765,0.7377230,Nc1ccc(-c2oc3cc(O)cc(O)c3c(=O)c2O)cc1-c1ccc(F)c(Cl)c1,1,c1([*])cc(-c2c(O)c(=O)c3c(O)cc(O)cc3o2)ccc1[*],Clc1c(F)ccc(*)c1|N*,0.4759135,7.9330,0.9912415,11.2860,0.9818648,2.6132,2
7.0729,8.0932,51.5802,0.4661979,CCc1cc(-c2oc3cc(O)cc(O)c3c(=O)c2O)ccc1N,1,c1([*])cc(-c2c(O)c(=O)c3c(O)cc(O)cc3o2)ccc1[*],CC*|N*,0.1581241,6.8380,0.9465417,9.9970,0.9830511,2.5893,2
9.7895,20.8493,96.6586,0.9180306,O=c1c(O)c(-c2ccc(-c3ccc(F)cc3)c(-c3ccc(F)cc3)c2)oc2cc(O)cc(O)c12,1,c1([*])cc(-c2c(O)c(=O)c3c(O)cc(O)cc3o2)ccc1[*],c1cc(F)ccc1*|c1cc(*)ccc1F,0.8395633,9.1500,0.9675891,10.3600,0.9880910,2.4649,2
12.4149,18.9202,82.8032,0.7947137,O=c1c(O)c(-c2ccc(C(F)(F)F)c(-c3ccc(F)c(F)c3)c2)oc2cc(O)cc(O)c12,1,c1([*])cc(-c2c(O)c(=O)c3c(O)cc(O)cc3o2)ccc1[*],c1(F)c(F)ccc(*)c1|FC(*)(F)F,0.5767413,8.2150,0.9875849,11.0410,0.9771079,2.6958,2
9.7082,20.3001,52.9812,0.5725097,Nc1ccc(-c2oc3cc(O)cc(O)c3c(=O)c2O)cc1Nc1cccs1,1,c1([*])cc(-c2c(O)c(=O)c3c(O)cc(O)cc3o2)ccc1[*],s1c(N*)ccc1|N*,0.2644024,7.2890,0.9542605,10.1110,0.9661614,2.8355,2
5.6185,14.1534,-14.1534,0.0000000,Nc1ccc(-c2oc3cc(O)cc(O)c3c(=O)c2O)cc1-c1ccccc1F,2,c1([*])cc(-c2c(O)c(=O)c3c(O)cc(O)cc3o2)ccc1[*],c1cc(F)c(*)cc1|N*,0.0000000,7.5690,0.0000000,11.5810,0.0000000,2.5394,2
4.6838,9.8057,-9.8057,0.0000000,Nc1ccc(-c2oc3cc(O)cc(O)c3c(=O)c2O)cc1-c1ccccc1,2,c1([*])cc(-c2c(O)c(=O)c3c(O)cc(O)cc3o2)ccc1[*],c1cc(*)ccc1|*N,0.0000000,7.9030,0.0000000,11.4610,0.0000000,2.4284,2
6.0813,14.9628,78.4331,0.7296558,Nc1ccc(-c2oc3cc(O)cc(O)c3c(=O)c2O)cc1-c1ccc[nH]1,1,c1([*])cc(-c2c(O)c(=O)c3c(O)cc(O)cc3o2)ccc1[*],[nH]1cccc1*|N*,0.4712495,7.9200,0.9830392,10.8210,0.9637110,2.8607,2
4.0150,10.9789,-10.9789,0.0000000,Nc1ccc(-c2oc3cc(O)cc(O)c3c(=O)c2O)cc1-c1ccccc1,2,c1([*])cc(-c2c(O)c(=O)c3c(O)cc(O)cc3o2)ccc1[*],c1ccccc1*|N*,0.0000000,7.9030,0.0000000,11.4610,0.0000000,2.4284,2
7.3859,9.3542,61.6970,0.5550877,CNc1cc(-c2oc3cc(O)cc(O)c3c(=O)c2O)ccc1N,1,c1([*])cc(-c2c(O)c(=O)c3c(O)cc(O)cc3o2)ccc1[*],CN*|N*,0.2588425,7.2690,0.8958068,9.4950,0.9801848,2.6446,2
4.2010,9.9295,-9.9295,0.0000000,Nc1ccc(-c2oc3cc(O)cc(O)c3c(=O)c2O)cc1-c1ccccc1,2,c1([*])cc(-c2c(O)c(=O)c3c(O)cc(O)cc3o2)ccc1[*],c1(*)ccccc1|N*,0.0000000,7.9030,0.0000000,11.4610,0.0000000,2.4284,2
15.0761,23.0975,80.2765,0.8076094,O=c1c(O)c(-c2ccc(-c3ccncc3)c(-c3ccccc3F)c2)oc2cc(O)cc(O)c12,1,c1([*])cc(-c2c(O)c(=O)c3c(O)cc(O)cc3o2)ccc1[*],c1c(F)c(*)ccc1|n1ccc(*)cc1,0.7003738,8.5900,0.8439719,9.1730,0.9833117,2.5838,2
18.1658,27.3680,-27.3553,0.0000996,O=c1c(O)c(-c2ccc(-c3ccc(O)cc3)c(CCc3ccc(F)cc3)c2)oc2cc(O)cc(O)c12,1,c12oc(-c3cc([*])c([*])cc3)c(O)c(=O)c1c(O)cc(O)c2,*CCc1ccc(F)cc1|Oc1ccc(*)cc1,0.0000100,0.0000,0.0000100,0.0000,0.9824415,2.6017,3
3.6213,7.8858,70.9326,0.6157685,Nc1ccc(-c2oc3cc(O)cc(O)c3c(=O)c2O)cc1N,1,c12oc(-c3cc([*])c([*])cc3)c(O)c(=O)c1c(O)cc(O)c2,*N|N*,0.3393235,7.5370,0.8854397,9.4210,0.9807119,2.6350,3
6.3298,12.0363,75.6155,0.6847792,Nc1cc(-c2oc3cc(O)cc(O)c3c(=O)c2O)ccc1C(F)(F)F,1,c12oc(-c3cc([*])c([*])cc3)c(O)c(=O)c1c(O)cc(O)c2,*N|FC(F)(*)F,0.4047569,7.7320,0.9712135,10.4450,0.9743950,2.7357,3
10.5083,20.2662,72.4870,0.7246339,O=c1c(O)c(-c2ccc(C(F)(F)F)c(NCc3ccco3)c2)oc2cc(O)cc(O)c12,1,c12oc(-c3cc([*])c([*])cc3)c(O)c(=O)c1c(O)cc(O)c2,C(N*)c1occc1|FC(F)(F)*,0.4730428,7.9250,0.9589176,10.1890,0.9710241,2.7798,3
5.0635,19.1238,82.5433,0.7942739,Nc1cc(-c2oc3cc(O)cc(O)c3c(=O)c2O)ccc1-c1ccc(F)cc1,1,c12oc(-c3cc([*])c([*])cc3)c(O)c(=O)c1c(O)cc(O)c2,N*|c1cc(*)ccc1F,0.5700529,8.1960,0.9927974,11.4230,0.9869606,2.4968,3
12.0446,21.1014,66.0850,0.6811435,COc1ccc(-c2cc(-c3oc4cc(O)cc(O)c4c(=O)c3O)ccc2C(F)(F)F)cc1,1,c12oc(-c3cc([*])c([*])cc3)c(O)c(=O)c1c(O)cc(O)c2,O(C)c1ccc(*)cc1|FC(F)(*)F,0.4619372,7.8940,0.8356485,9.1300,0.9839653,2.5697,3
9.5748,25.7111,-24.6454,0.0083263,O=c1c(O)c(-c2ccc(-c3ccc(F)cc3)c(NCc3ccccc3)c2)oc2cc(O)cc(O)c12,1,c12oc(-c3cc([*])c([*])cc3)c(O)c(=O)c1c(O)cc(O)c2,*NCc1ccccc1|c1cc(*)ccc1F,0.6367430,8.3900,0.0000100,0.0000,0.9870418,2.4946,3
3.8449,7.5924,-7.5924,0.0000000,Nc1ccc(-c2oc3cc(O)cc(O)c3c(=O)c2O)cc1N,2,c12oc(-c3cc([*])c([*])cc3)c(O)c(=O)c1c(O)cc(O)c2,N*|*N,0.0000000,7.5370,0.0000000,9.4210,0.0000000,2.6350,3
9.7006,22.7284,68.5665,0.7132418,Nc1ccc(-c2oc3cc(O)cc(O)c3c(=O)c2O)cc1-c1ccc(F)cc1F,1,c12oc(-c3cc([*])c([*])cc3)c(O)c(=O)c1c(O)cc(O)c2,c1(F)c(*)ccc(F)c1|N*,0.4355996,7.8200,0.9956226,11.7710,0.9813398,2.6233,3
9.4790,22.6939,82.2892,0.8201801,Nc1cc(-c2oc3cc(O)cc(O)c3c(=O)c2O)ccc1Nc1ccccc1F,1,c12oc(-c3cc([*])c([*])cc3)c(O)c(=O)c1c(O)cc(O)c2,N*|c1(F)ccccc1N*,0.6320701,8.3760,0.9713339,10.4480,0.9846423,2.5544,3
5.4278,17.9605,-17.9605,0.0000000,Nc1cc(-c2oc3cc(O)cc(O)c3c(=O)c2O)ccc1-c1ccc(F)cc1,2,c12oc(-c3cc([*])c([*])cc3)c(O)c(=O)c1c(O)cc(O)c2,N*|c1cc(F)ccc1*,0.0000000,8.1960,0.0000000,11.4230,0.0000000,2.4968,3
7.3074,15.4957,78.2872,0.7326786,Nc1ccc(-c2oc3cc(O)cc(O)c3c(=O)c2O)cc1-c1ccccc1,1,c12oc(-c3cc([*])c([*])cc3)c(O)c(=O)c1c(O)cc(O)c2,c1cccc(*)c1|N*,0.4651580,7.9030,0.9931781,11.4610,0.9892645,2.4284,3
6.7552,13.4201,82.1380,0.7465479,Nc1cc(-c2oc3cc(O)cc(O)c3c(=O)c2O)ccc1-c1ccccc1,1,c12oc(-c3cc([*])c([*])cc3)c(O)c(=O)c1c(O)cc(O)c2,*N|*c1ccccc1,0.4895680,7.9710,0.9890611,11.1300,0.9890455,2.4355,3
6.1991,11.4732,-11.4732,0.0000000,Nc1cc(-c2oc3cc(O)cc(O)c3c(=O)c2O)ccc1C(F)(F)F,2,c12oc(-c3cc([*])c([*])cc3)c(O)c(=O)c1c(O)cc(O)c2,*N|FC(F)(F)*,0.0000000,7.7320,0.0000000,10.4450,0.0000000,2.7357,3
5.8078,12.0646,58.9866,0.5550877,CNc1cc(-c2oc3cc(O)cc(O)c3c(=O)c2O)ccc1N,1,c12oc(-c3cc([*])c([*])cc3)c(O)c(=O)c1c(O)cc(O)c2,*NC|N*,0.2588425,7.2690,0.8958068,9.4950,0.9801848,2.6446,3
8.7830,23.0386,66.7091,0.7011539,Nc1ccc(-c2oc3cc(O)cc(O)c3c(=O)c2O)cc1Nc1ccccc1F,1,c12oc(-c3cc([*])c([*])cc3)c(O)c(=O)c1c(O)cc(O)c2,Fc1c(N*)cccc1|N*,0.4267757,7.7950,0.9721635,10.4690,0.9844387,2.5591,3
11.2312,10.8412,80.7249,0.7153603,Cc1cc(-c2oc3cc(O)cc(O)c3c(=O)c2O)ccc1C(F)(F)F,1,c12oc(-c3cc([*])c([*])cc3)c(O)c(=O)c1c(O)cc(O)c2,C*|FC(*)(F)F,0.4441090,7.8440,0.9838818,10.8570,0.9812043,2.6258,3
6.3038,19.4208,79.2345,0.7707443,Nc1cc(-c2oc3cc(O)cc(O)c3c(=O)c2O)ccc1-c1ccccc1F,1,c12oc(-c3cc([*])c([*])cc3)c(O)c(=O)c1c(O)cc(O)c2,N*|Fc1c(*)cccc1,0.5280334,8.0780,0.9951954,11.7060,0.9849455,2.5474,3
9.3853,17.1953,64.8729,0.6411581,Nc1ccc(-c2oc3cc(O)cc(O)c3c(=O)c2O)cc1-c1ccoc1,1,c12oc(-c3cc([*])c([*])cc3)c(O)c(=O)c1c(O)cc(O)c2,o1cc(*)cc1|N*,0.3409384,7.5420,0.9804653,10.7210,0.9696379,2.7966,3
9.0952,14.0917,67.7082,0.6390619,Nc1ccc(-c2oc3cc(O)cc(O)c3c(=O)c2O)cc1-c1ccc(O)cc1,1,c12oc(-c3cc([*])c([*])cc3)c(O)c(=O)c1c(O)cc(O)c2,c1c(O)ccc(*)c1|*N,0.4498007,7.8600,0.7313779,8.6960,0.9848968,2.5485,3
3.4958,8.8856,-8.8856,0.0000000,Nc1ccc(-c2oc3cc(O)cc(O)c3c(=O)c2O)cc1N,2,c12oc(-c3cc([*])c([*])cc3)c(O)c(=O)c1c(O)cc(O)c2,N*|N*,0.0000000,7.5370,0.0000000,9.4210,0.0000000,2.6350,3
15.2668,27.1224,41.4587,0.5357905,O=CCNc1cc(-c2oc3cc(O)cc(O)c3c(=O)c2O)ccc1-c1ccco1,1,c12oc(-c3cc([*])c([*])cc3)c(O)c(=O)c1c(O)cc(O)c2,N(*)CC=O|c1ccc(*)o1,0.2243459,7.1380,0.9579428,10.1720,0.9560043,2.9304,3
3.7015,7.5924,-7.5924,0.0000000,Nc1ccc(-c2oc3cc(O)cc(O)c3c(=O)c2O)cc1N,2,c12oc(-c3cc([*])c([*])cc3)c(O)c(=O)c1c(O)cc(O)c2,N*|*N,0.0000000,7.5370,0.0000000,9.4210,0.0000000,2.6350,3
4.0478,7.5924,-7.5924,0.0000000,Nc1ccc(-c2oc3cc(O)cc(O)c3c(=O)c2O)cc1N,2,c12oc(-c3cc([*])c([*])cc3)c(O)c(=O)c1c(O)cc(O)c2,N*|*N,0.0000000,7.5370,0.0000000,9.4210,0.0000000,2.6350,3
3.4951,7.8858,-7.8858,0.0000000,Nc1ccc(-c2oc3cc(O)cc(O)c3c(=O)c2O)cc1N,2,c12oc(-c3cc([*])c([*])cc3)c(O)c(=O)c1c(O)cc(O)c2,*N|N*,0.0000000,7.5370,0.0000000,9.4210,0.0000000,2.6350,3
5.7826,16.3789,65.5884,0.6403698,Nc1ccc(-c2oc3cc(O)cc(O)c3c(=O)c2O)cc1-c1ccco1,1,c12oc(-c3cc([*])c([*])cc3)c(O)c(=O)c1c(O)cc(O)c2,o1cccc1*|N*,0.3386784,7.5350,0.9799346,10.7020,0.9776534,2.6872,3
7.5683,18.1666,74.3850,0.7230592,Nc1cc(-c2oc3cc(O)cc(O)c3c(=O)c2O)ccc1Nc1ccc(F)cc1,1,c12oc(-c3cc([*])c([*])cc3)c(O)c(=O)c1c(O)cc(O)c2,N*|*Nc1ccc(F)cc1,0.4569336,7.8800,0.9797070,10.6940,0.9862131,2.5164,3
17.3008,29.6473,50.4835,0.6260217,CNC=CNc1ccc(-c2oc3cc(O)cc(O)c3c(=O)c2O)cc1N,1,c12oc(-c3cc([*])c([*])cc3)c(O)c(=O)c1c(O)cc(O)c2,N*|N(C=CN*)C,0.3776880,7.6530,0.8510385,9.2110,0.9306410,3.0979,3
22.0284,39.4004,-38.3659,0.0080818,O=c1c(O)c(-c2ccc(NC3CCNc4ccccc43)c(NCc3ccccc3)c2)oc2cc(O)cc(O)c12,1,c12oc(-c3cc([*])c([*])cc3)c(O)c(=O)c1c(O)cc(O)c2,C(N*)c1ccccc1|C1(N*)c2ccccc2NCC1,0.6266990,8.3600,0.0000100,0.0000,0.8778869,3.3147,3
7.4583,15.5733,-15.5733,0.0000000,Nc1ccc(-c2oc3cc(O)cc(O)c3c(=O)c2O)cc1-c1ccco1,2,c12oc(-c3cc([*])c([*])cc3)c(O)c(=O)c1c(O)cc(O)c2,c1(*)occc1|N*,0.0000000,7.5350,0.0000000,10.7020,0.0000000,2.6872,3
6.4805,12.0646,-12.0646,0.0000000,CNc1cc(-c2oc3cc(O)cc(O)c3c(=O)c2O)ccc1N,2,c12oc(-c3cc([*])c([*])cc3)c(O)c(=O)c1c(O)cc(O)c2,*NC|N*,0.0000000,7.2690,0.0000000,9.4950,0.0000000,2.6446,3
6.3371,20.6755,81.9822,0.8020139,Nc1cc(-c2oc3cc(O)cc(O)c3c(=O)c2O)ccc1-c1cccc(F)c1,1,c12oc(-c3cc([*])c([*])cc3)c(O)c(=O)c1c(O)cc(O)c2,N*|c1c(F)cccc1*,0.5851495,8.2390,0.9919717,11.3470,0.9848664,2.5493,3
3.1868,9.3572,69.4612,0.6157685,Nc1ccc(-c2oc3cc(O)cc(O)c3c(=O)c2O)cc1N,1,Oc1c2c(oc(-c3cc([*])c([*])cc3)c(O)c2=O)cc(O)c1,N*|N*,0.3393235,7.5370,0.8854397,9.4210,0.9807119,2.6350,4
6.5466,14.0452,57.0060,0.5550877,CNc1cc(-c2oc3cc(O)cc(O)c3c(=O)c2O)ccc1N,1,Oc1c2c(oc(-c3cc([*])c([*])cc3)c(O)c2=O)cc(O)c1,CN*|N*,0.2588425,7.2690,0.8958068,9.4950,0.9801848,2.6446,4
3.6145,12.4002,75.2515,0.6847792,Nc1cc(-c2oc3cc(O)cc(O)c3c(=O)c2O)ccc1C(F)(F)F,1,Oc1c2c(oc(-c3cc([*])c([*])cc3)c(O)c2=O)cc(O)c1,N*|FC(F)(F)*,0.4047569,7.7320,0.9712135,10.4450,0.9743950,2.7357,4
22.2883,35.0613,65.2403,0.7836064,CNC(=N)C=CNc1cc(-c2oc3cc(O)cc(O)c3c(=O)c2O)ccc1C(F)(F)F,1,Oc1c2c(oc(-c3cc([*])c([*])cc3)c(O)c2=O)cc(O)c1,*NC=CC(NC)=N|FC(F)(*)F,0.5858480,8.2410,0.9889830,11.1250,0.8801208,3.3074,4
6.3004,22.8966,79.7612,0.8020139,Nc1cc(-c2oc3cc(O)cc(O)c3c(=O)c2O)ccc1-c1cccc(F)c1,1,Oc1c2c(oc(-c3cc([*])c([*])cc3)c(O)c2=O)cc(O)c1,N*|c1c(*)cccc1F,0.5851495,8.2390,0.9919717,11.3470,0.9848664,2.5493,4
8.9032,22.4797,83.7766,0.8301272,Nc1cc(-c2oc3cc(O)cc(O)c3c(=O)c2O)ccc1NCc1ccccc1F,1,Oc1c2c(oc(-c3cc([*])c([*])cc3)c(O)c2=O)cc(O)c1,N*|C(N*)c1c(F)cccc1,0.6407279,8.4020,0.9879329,11.0610,0.9838324,2.5726,4
2.7107,9.3572,-9.3572,0.0000000,Nc1ccc(-c2oc3cc(O)cc(O)c3c(=O)c2O)cc1N,2,Oc1c2c(oc(-c3cc([*])c([*])cc3)c(O)c2=O)cc(O)c1,N*|N*,0.0000000,7.5370,0.0000000,9.4210,0.0000000,2.6350,4
2.6300,9.3572,-9.3572,0.0000000,Nc1ccc(-c2oc3cc(O)cc(O)c3c(=O)c2O)cc1N,2,Oc1c2c(oc(-c3cc([*])c([*])cc3)c(O)c2=O)cc(O)c1,N*|N*,0.0000000,7.5370,0.0000000,9.4210,0.0000000,2.6350,4
7.2682,23.2408,75.4145,0.7707443,Nc1cc(-c2oc3cc(O)cc(O)c3c(=O)c2O)ccc1-c1ccccc1F,1,Oc1c2c(oc(-c3cc([*])c([*])cc3)c(O)c2=O)cc(O)c1,*N|c1(F)ccccc1*,0.5280334,8.0780,0.9951954,11.7060,0.9849455,2.5474,4
7.0400,18.4980,75.0417,0.7307788,Nc1cc(-c2oc3cc(O)cc(O)c3c(=O)c2O)ccc1-c1ccco1,1,Oc1c2c(oc(-c3cc([*])c([*])cc3)c(O)c2=O)cc(O)c1,N*|c1(*)occc1,0.4716080,7.9210,0.9791855,10.6760,0.9773216,2.6925,4
5.3979,12.8289,-12.8289,0.0000000,Nc1cc(-c2oc3cc(O)cc(O)c3c(=O)c2O)ccc1C(F)(F)F,2,Oc1c2c(oc(-c3cc([*])c([*])cc3)c(O)c2=O)cc(O)c1,*N|FC(F)(*)F,0.0000000,7.7320,0.0000000,10.4450,0.0000000,2.7357,4
7.6716,20.8431,77.7591,0.7703301,Nc1cc(-c2oc3cc(O)cc(O)c3c(=O)c2O)ccc1Nc1cccc(F)c1,1,Oc1c2c(oc(-c3cc([*])c([*])cc3)c(O)c2=O)cc(O)c1,N*|*Nc1cccc(F)c1,0.5377049,8.1050,0.9763421,10.5850,0.9842208,2.5640,4
14.7381,23.2752,67.7318,0.7109917,Nc1cc(-c2oc3cc(O)cc(O)c3c(=O)c2O)ccc1Cc1ccco1,1,Oc1c2c(oc(-c3cc([*])c([*])cc3)c(O)c2=O)cc(O)c1,N*|o1c(C*)ccc1,0.4640841,7.9000,0.9308000,9.8060,0.9736806,2.7455,4
9.1728,24.1199,72.1105,0.7518004,O=c1c(O)c(-c2ccc(C(F)(F)F)c(-c3ccc(F)cc3)c2)oc2cc(O)cc(O)c12,1,Oc1c2c(oc(-c3cc([*])c([*])cc3)c(O)c2=O)cc(O)c1,c1cc(F)ccc1*|FC(*)(F)F,0.5115107,8.0320,0.9662545,10.3310,0.9831514,2.5872,4
7.9982,16.6335,40.9565,0.4499213,NCCNc1cc(-c2oc3cc(O)cc(O)c3c(=O)c2O)ccc1N,1,Oc1c2c(oc(-c3cc([*])c([*])cc3)c(O)c2=O)cc(O)c1,*NCCN|N*,0.1594697,6.8450,0.8616564,9.2710,0.9764681,2.7056,4
8.5206,21.3199,79.2717,0.7858716,Nc1cc(-c2oc3cc(O)cc(O)c3c(=O)c2O)ccc1-c1ccc(F)c(F)c1,1,Oc1c2c(oc(-c3cc([*])c([*])cc3)c(O)c2=O)cc(O)c1,*N|Fc1ccc(*)cc1F,0.5551804,8.1540,0.9951747,11.7030,0.9819537,2.6114,4
11.4818,24.9135,48.0717,0.5701965,Nc1ccc(-c2oc3cc(O)cc(O)c3c(=O)c2O)cc1-c1nccs1,1,Oc1c2c(oc(-c3cc([*])c([*])cc3)c(O)c2=O)cc(O)c1,n1c(*)scc1|*N,0.2605025,7.2750,0.9570054,10.1560,0.9697742,2.7950,4
12.9690,24.7998,62.2007,0.6796911,O=c1c(O)c(-c2ccc(N3CCNCC3)c(-c3ccco3)c2)oc2cc(O)cc(O)c12,1,Oc1c2c(oc(-c3cc([*])c([*])cc3)c(O)c2=O)cc(O)c1,c1coc(*)c1|C1N(*)CCNC1,0.4134539,7.7570,0.9375214,9.8820,0.9654756,2.8427,4
5.5406,12.2828,-12.2828,0.0000000,Nc1cc(-c2oc3cc(O)cc(O)c3c(=O)c2O)ccc1C(F)(F)F,2,Oc1c2c(oc(-c3cc([*])c([*])cc3)c(O)c2=O)cc(O)c1,*N|FC(F)(F)*,0.0000000,7.7320,0.0000000,10.4450,0.0000000,2.7357,4
6.3406,19.2249,62.7425,0.6403698,Nc1ccc(-c2oc3cc(O)cc(O)c3c(=O)c2O)cc1-c1ccco1,1,Oc1c2c(oc(-c3cc([*])c([*])cc3)c(O)c2=O)cc(O)c1,c1ccoc1*|N*,0.3386784,7.5350,0.9799346,10.7020,0.9776534,2.6872,4
7.7929,23.7583,81.2247,0.8201801,Nc1cc(-c2oc3cc(O)cc(O)c3c(=O)c2O)ccc1Nc1ccccc1F,1,Oc1c2c(oc(-c3cc([*])c([*])cc3)c(O)c2=O)cc(O)c1,N*|Fc1c(N*)cccc1,0.6320701,8.3760,0.9713339,10.4480,0.9846423,2.5544,4
7.2225,22.3481,-22.3481,0.0000000,Nc1cc(-c2oc3cc(O)cc(O)c3c(=O)c2O)ccc1-c1ccc(F)c(F)c1,2,Oc1c2c(oc(-c3cc([*])c([*])cc3)c(O)c2=O)cc(O)c1,N*|c1(F)c(F)cc(*)cc1,0.0000000,8.1540,0.0000000,11.7030,0.0000000,2.6114,4
2.6552,9.3572,-9.3572,0.0000000,Nc1ccc(-c2oc3cc(O)cc(O)c3c(=O)c2O)cc1N,2,Oc1c2c(oc(-c3cc([*])c([*])cc3)c(O)c2=O)cc(O)c1,N*|N*,0.0000000,7.5370,0.0000000,9.4210,0.0000000,2.6350,4
3.4144,8.0690,-8.0690,0.0000000,Nc1ccc(-c2oc3cc(O)cc(O)c3c(=O)c2O)cc1N,2,Oc1c2c(oc(-c3cc([*])c([*])cc3)c(O)c2=O)cc(O)c1,N*|*N,0.0000000,7.5370,0.0000000,9.4210,0.0000000,2.6350,4
2.9652,9.3572,-9.3572,0.0000000,Nc1ccc(-c2oc3cc(O)cc(O)c3c(=O)c2O)cc1N,2,Oc1c2c(oc(-c3cc([*])c([*])cc3)c(O)c2=O)cc(O)c1,N*|N*,0.0000000,7.5370,0.0000000,9.4210,0.0000000,2.6350,4
10.4046,26.7553,74.9680,0.7947137,O=c1c(O)c(-c2ccc(C(F)(F)F)c(-c3ccc(F)c(F)c3)c2)oc2cc(O)cc(O)c12,1,Oc1c2c(oc(-c3cc([*])c([*])cc3)c(O)c2=O)cc(O)c1,c1c(F)c(F)ccc1*|FC(*)(F)F,0.5767413,8.2150,0.9875849,11.0410,0.9771079,2.6958,4
9.7839,13.2453,47.2965,0.4729826,CC(C)Nc1cc(-c2oc3cc(O)cc(O)c3c(=O)c2O)ccc1N,1,Oc1c2c(oc(-c3cc([*])c([*])cc3)c(O)c2=O)cc(O)c1,*NC(C)C|N*,0.1639566,6.8680,0.9485444,10.0250,0.9787078,2.6701,4
8.8301,22.6105,75.4909,0.7664167,Nc1ccc(-c2oc3cc(O)cc(O)c3c(=O)c2O)cc1NCc1c(F)cccc1F,1,Oc1c2c(oc(-c3cc([*])c([*])cc3)c(O)c2=O)cc(O)c1,*NCc1c(F)cccc1F|N*,0.5366318,8.1020,0.9695172,10.4040,0.9769251,2.6986,4
8.8783,25.3950,79.2498,0.8175378,Nc1ccc(-c2oc3cc(O)cc(O)c3c(=O)c2O)cc1Nc1ccc(F)c(F)c1,1,Oc1c2c(oc(-c3cc([*])c([*])cc3)c(O)c2=O)cc(O)c1,c1(F)ccc(N*)cc1F|N*,0.6165448,8.3300,0.9895334,11.1610,0.9811808,2.6263,4
6.0541,20.0786,81.5885,0.7942739,Nc1cc(-c2oc3cc(O)cc(O)c3c(=O)c2O)ccc1-c1ccc(F)cc1,1,Oc1c2c(oc(-c3cc([*])c([*])cc3)c(O)c2=O)cc(O)c1,*N|c1cc(F)ccc1*,0.5700529,8.1960,0.9927974,11.4230,0.9869606,2.4968,4
20.9286,35.5145,32.0232,0.5276386,O=C(O)c1ccccc1-c1cc(-c2oc3cc(O)cc(O)c3c(=O)c2O)ccc1Nc1ccccc1,1,Oc1c2c(oc(-c3cc([*])c([*])cc3)c(O)c2=O)cc(O)c1,OC(=O)c1ccccc1*|N(*)c1ccccc1,0.4239616,7.7870,0.4809410,7.9470,0.9836628,2.5763,4
23.6958,37.5090,36.2608,0.5763271,O=c1c(O)c(-c2ccc(-c3cccs3)c(NC3=CC=NC3)c2)oc2cc(O)cc(O)c12,1,Oc1c2c(oc(-c3cc([*])c([*])cc3)c(O)c2=O)cc(O)c1,*NC1=CC=NC1|c1ccc(*)s1,0.3406151,7.5410,0.7818527,8.8870,0.8965361,3.2498,4
9.6679,23.8252,69.5971,0.7298615,CNc1ccc(-c2oc3cc(O)cc(O)c3c(=O)c2O)cc1-c1ccccc1F,1,c1c2c(c(=O)c(O)c(-c3cc([*])c([*])cc3)o2)c(O)cc1O,c1(F)ccccc1*|*NC,0.4640841,7.9000,0.9891387,11.1350,0.9828665,2.5931,5
6.4926,22.1440,67.6037,0.7011539,Nc1ccc(-c2oc3cc(O)cc(O)c3c(=O)c2O)cc1Nc1ccccc1F,1,c1c2c(c(=O)c(O)c(-c3cc([*])c([*])cc3)o2)c(O)cc1O,*Nc1ccccc1F|N*,0.4267757,7.7950,0.9721635,10.4690,0.9844387,2.5591,5
12.7171,22.1345,86.6474,0.8498583,O=c1c(O)c(-c2ccc(C(F)(F)F)c(NCc3ccc(F)cc3)c2)oc2cc(O)cc(O)c12,1,c1c2c(c(=O)c(O)c(-c3cc([*])c([*])cc3)o2)c(O)cc1O,Fc1ccc(CN*)cc1|FC(F)(F)*,0.6838164,8.5360,0.9836287,10.8460,0.9799211,2.6492,5
6.7785,12.3646,75.2871,0.6847792,Nc1cc(-c2oc3cc(O)cc(O)c3c(=O)c2O)ccc1C(F)(F)F,1,c1c2c(c(=O)c(O)c(-c3cc([*])c([*])cc3)o2)c(O)cc1O,N*|FC(*)(F)F,0.4047569,7.7320,0.9712135,10.4450,0.9743950,2.7357,5
7.0562,20.7108,81.9470,0.8020139,Nc1cc(-c2oc3cc(O)cc(O)c3c(=O)c2O)ccc1-c1cccc(F)c1,1,c1c2c(c(=O)c(O)c(-c3cc([*])c([*])cc3)o2)c(O)cc1O,*N|c1c(F)cccc1*,0.5851495,8.2390,0.9919717,11.3470,0.9848664,2.5493,5
5.3658,12.3646,-12.3646,0.0000000,Nc1cc(-c2oc3cc(O)cc(O)c3c(=O)c2O)ccc1C(F)(F)F,2,c1c2c(c(=O)c(O)c(-c3cc([*])c([*])cc3)o2)c(O)cc1O,N*|FC(*)(F)F,0.0000000,7.7320,0.0000000,10.4450,0.0000000,2.7357,5
6.5034,18.6511,81.2954,0.7808321,Nc1cc(-c2oc3cc(O)cc(O)c3c(=O)c2O)ccc1-c1ccc(F)cc1F,1,c1c2c(c(=O)c(O)c(-c3cc([*])c([*])cc3)o2)c(O)cc1O,N*|c1c(F)cc(F)c(*)c1,0.5498431,8.1390,0.9893227,11.1470,0.9809227,2.6311,5
6.5213,20.9413,-20.9413,0.0000000,Nc1cc(-c2oc3cc(O)cc(O)c3c(=O)c2O)ccc1-c1ccc(F)cc1F,2,c1c2c(c(=O)c(O)c(-c3cc([*])c([*])cc3)o2)c(O)cc1O,N*|c1c(F)c(*)ccc1F,0.0000000,8.1390,0.0000000,11.1470,0.0000000,2.6311,5
12.4561,25.3087,78.6190,0.8119353,O=c1c(O)c(-c2ccc(-c3ccc(F)cc3F)c(-c3ccc(F)cc3)c2)oc2cc(O)cc(O)c12,1,c1c2c(c(=O)c(O)c(-c3cc([*])c([*])cc3)o2)c(O)cc1O,Fc1ccc(*)cc1|c1cc(F)cc(F)c1*,0.7945818,8.9400,0.7539204,8.7780,0.9832836,2.5844,5
16.1245,28.8800,-27.7181,0.0090772,CN1CCC(Nc2ccc(-c3oc4cc(O)cc(O)c4c(=O)c3O)cc2-c2cc(F)ccc2F)CC1,1,c1c2c(c(=O)c(O)c(-c3cc([*])c([*])cc3)o2)c(O)cc1O,c1cc(F)c(*)cc1F|*NC1CCN(C)CC1,0.7985463,8.9570,0.0000100,0.0000,0.9664234,2.8327,5
8.1569,23.7842,81.5130,0.8226342,Nc1cc(-c2oc3cc(O)cc(O)c3c(=O)c2O)ccc1-c1ccc(F)c(F)c1F,1,c1c2c(c(=O)c(O)c(-c3cc([*])c([*])cc3)o2)c(O)cc1O,N*|c1cc(F)c(F)c(F)c1*,0.6250140,8.3550,0.9955018,11.7520,0.9731291,2.7529,5
6.1322,19.3557,79.2996,0.7707443,Nc1cc(-c2oc3cc(O)cc(O)c3c(=O)c2O)ccc1-c1ccccc1F,1,c1c2c(c(=O)c(O)c(-c3cc([*])c([*])cc3)o2)c(O)cc1O,N*|c1(F)c(*)cccc1,0.5280334,8.0780,0.9951954,11.7060,0.9849455,2.5474,5
6.7816,12.5151,63.1932,0.5914711,CCNc1ccc(-c2oc3cc(O)cc(O)c3c(=O)c2O)cc1N,1,c1c2c(c(=O)c(O)c(-c3cc([*])c([*])cc3)o2)c(O)cc1O,N*|*NCC,0.3002307,7.4120,0.9045933,9.5630,0.9814106,2.6219,5
5.6649,19.8213,82.4605,0.7990767,Nc1cc(-c2oc3cc(O)cc(O)c3c(=O)c2O)ccc1-c1c(F)cccc1F,1,c1c2c(c(=O)c(O)c(-c3cc([*])c([*])cc3)o2)c(O)cc1O,N*|Fc1cccc(F)c1*,0.5844507,8.2370,0.9876378,11.0440,0.9778030,2.6848,5
7.2276,15.6847,78.0982,0.7326786,Nc1ccc(-c2oc3cc(O)cc(O)c3c(=O)c2O)cc1-c1ccccc1,1,c1c2c(c(=O)c(O)c(-c3cc([*])c([*])cc3)o2)c(O)cc1O,c1ccccc1*|N*,0.4651580,7.9030,0.9931781,11.4610,0.9892645,2.4284,5
26.8291,43.6681,-43.6554,0.0000990,Nc1cc(-c2ccc(-c3oc4cc(O)cc(O)c4c(=O)c3O)cc2-c2ccc(F)c(N)c2F)ccc1F,1,c1c2c(c(=O)c(O)c(-c3cc([*])c([*])cc3)o2)c(O)cc1O,Nc1c(F)c(*)ccc1F|Nc1c(F)ccc(*)c1,0.0000100,0.0000,0.0000100,0.0000,0.9515244,2.9657,5
6.9669,20.3955,64.5057,0.6632903,Nc1ccc(-c2oc3cc(O)cc(O)c3c(=O)c2O)cc1-c1c(F)cccc1F,1,c1c2c(c(=O)c(O)c(-c3cc([*])c([*])cc3)o2)c(O)cc1O,c1(F)cccc(F)c1*|N*,0.3642563,7.6130,0.9946277,11.6280,0.9780997,2.6801,5
5.5760,21.6026,78.9890,0.7858716,Nc1cc(-c2oc3cc(O)cc(O)c3c(=O)c2O)ccc1-c1ccc(F)c(F)c1,1,c1c2c(c(=O)c(O)c(-c3cc([*])c([*])cc3)o2)c(O)cc1O,N*|c1c(F)c(F)ccc1*,0.5551804,8.1540,0.9951747,11.7030,0.9819537,2.6114,5
6.4320,12.9845,-12.9845,0.0000000,Nc1cc(-c2oc3cc(O)cc(O)c3c(=O)c2O)ccc1C(F)(F)F,2,c1c2c(c(=O)c(O)c(-c3cc([*])c([*])cc3)o2)c(O)cc1O,N*|C(F)(F)(F)*,0.0000000,7.7320,0.0000000,10.4450,0.0000000,2.7357,5
6.2456,12.0522,-12.0522,0.0000000,Nc1cc(-c2oc3cc(O)cc(O)c3c(=O)c2O)ccc1C(F)(F)F,2,c1c2c(c(=O)c(O)c(-c3cc([*])c([*])cc3)o2)c(O)cc1O,*N|FC(F)(*)F,0.0000000,7.7320,0.0000000,10.4450,0.0000000,2.7357,5
11.9195,24.8250,47.2406,0.5630131,CNc1ccc(-c2oc3cc(O)cc(O)c3c(=O)c2O)cc1-c1c(F)cccc1F,1,c1c2c(c(=O)c(O)c(-c3cc([*])c([*])cc3)o2)c(O)cc1O,c1ccc(F)c(*)c1F|N(*)C,0.3367472,7.5290,0.7152529,8.6400,0.9751364,2.7252,5
6.2749,19.2633,-19.2633,0.0000000,Nc1cc(-c2oc3cc(O)cc(O)c3c(=O)c2O)ccc1-c1ccc(F)cc1F,2,c1c2c(c(=O)c(O)c(-c3cc([*])c([*])cc3)o2)c(O)cc1O,N*|c1cc(F)cc(F)c1*,0.0000000,8.1390,0.0000000,11.1470,0.0000000,2.6311,5
12.3311,20.0025,78.5886,0.7702435,Nc1ccc(-c2oc3cc(O)cc(O)c3c(=O)c2O)cc1-c1cc(F)c(F)cc1F,1,c1c2c(c(=O)c(O)c(-c3cc([*])c([*])cc3)o2)c(O)cc1O,Fc1cc(*)c(F)cc1F|*N,0.5291092,8.0810,0.9969280,12.0180,0.9743656,2.7361,5
17.3199,27.1410,22.2103,0.3855565,CNc1ccc(-c2oc3cc(O)cc(O)c3c(=O)c2O)cc1-c1ccccc1OC,1,c1c2c(c(=O)c(O)c(-c3cc([*])c([*])cc3)o2)c(O)cc1O,COc1ccccc1*|N(C)*,0.2660852,7.2950,0.3497225,7.5690,0.9839018,2.5711,5
10.2890,22.2782,77.5094,0.7795911,Nc1ccc(-c2oc3cc(O)cc(O)c3c(=O)c2O)cc1Nc1ccc(F)cc1F,1,c1c2c(c(=O)c(O)c(-c3cc([*])c([*])cc3)o2)c(O)cc1O,c1(F)cc(F)ccc1N*|N*,0.6229883,8.3490,0.8698499,9.3200,0.9805870,2.6373,5
14.8817,26.9691,75.8555,0.8033170,Nc1cc(-c2oc3cc(O)cc(O)c3c(=O)c2O)ccc1Oc1ccccc1F,1,c1c2c(c(=O)c(O)c(-c3cc([*])c([*])cc3)o2)c(O)cc1O,*N|c1cccc(F)c1O*,0.6090325,8.3080,0.9568868,10.1540,0.9849922,2.5463,5
18.7606,27.5151,83.0023,0.8634167,Cc1ccc(Nc2cc(-c3oc4cc(O)cc(O)c4c(=O)c3O)ccc2C(F)(F)F)c(F)c1,1,c1c2c(c(=O)c(O)c(-c3cc([*])c([*])cc3)o2)c(O)cc1O,*Nc1c(F)cc(C)cc1|FC(F)(F)*,0.7274012,8.6820,0.9646221,10.2970,0.9746298,2.7324,5
9.4256,22.1486,82.4962,0.8175378,Nc1ccc(-c2oc3cc(O)cc(O)c3c(=O)c2O)cc1Nc1ccc(F)c(F)c1,1,c1c2c(c(=O)c(O)c(-c3cc([*])c([*])cc3)o2)c(O)cc1O,c1cc(F)c(F)cc1N*|*N,0.6165448,8.3300,0.9895334,11.1610,0.9811808,2.6263,5
12.8844,25.4553,78.7050,0.8137531,Nc1ccc(-c2oc3cc(O)cc(O)c3c(=O)c2O)cc1Nc1cc(F)cc(F)c1F,1,c1c2c(c(=O)c(O)c(-c3cc([*])c([*])cc3)o2)c(O)cc1O,c1(F)c(N*)cc(F)cc1F|N*,0.6320701,8.3760,0.9598706,10.2060,0.9694096,2.7993,5
5.4817,18.0391,83.6280,0.7942739,Nc1cc(-c2oc3cc(O)cc(O)c3c(=O)c2O)ccc1-c1ccc(F)cc1,1,c1c2c(c(=O)c(O)c(-c3cc([*])c([*])cc3)o2)c(O)cc1O,N*|c1(F)ccc(*)cc1,0.5700529,8.1960,0.9927974,11.4230,0.9869606,2.4968,5
13.4961,28.8594,11.6521,0.3164960,O=c1c(O)c(-c2ccc(-c3c(F)cccc3F)c(-c3ccccc3F)c2)oc2cc(O)cc(O)c12,1,c1c2c(c(=O)c(O)c(-c3cc([*])c([*])cc3)o2)c(O)cc1O,c1ccc(F)c(*)c1|Fc1c(*)c(F)ccc1,0.8033642,8.9780,0.0708873,6.2120,0.9792184,2.6614,5
11.5518,29.4962,69.0928,0.7702261,O=c1c(O)c(-c2ccc(-c3ccc(F)cc3)c(-c3ccccc3F)c2)oc2cc(O)cc(O)c12,1,c1c2c(c(=O)c(O)c(-c3cc([*])c([*])cc3)o2)c(O)cc1O,c1(*)ccccc1F|c1(F)ccc(*)cc1,0.8385919,9.1450,0.6250140,8.3550,0.9867574,2.5022,5
9.7222,21.2562,98.2461,0.9336122,O=c1c(O)c(-c2ccc(-c3ccc(F)cc3)c(-c3cccc(F)c3)c2)oc2cc(O)cc(O)c12,1,c1(O)cc(O)c2c(=O)c(O)c(-c3ccc([*])c([*])c3)oc2c1,c1cc(F)ccc1*|Fc1cccc(*)c1,0.8515849,9.2140,0.9956972,11.7830,0.9865567,2.5075,6
8.9888,17.6754,55.3228,0.5702984,O=c1c(O)c(-c2ccc(N3CCOCC3)c(-c3ccc(F)cc3)c2)oc2cc(O)cc(O)c12,1,c1(O)cc(O)c2c(=O)c(O)c(-c3ccc([*])c([*])c3)oc2c1,C1CN(*)CCO1|c1c(F)ccc(*)c1,0.6192631,8.3380,0.4002576,7.7190,0.9819321,2.6119,6
7.8083,14.1983,77.0967,0.7132418,Nc1ccc(-c2oc3cc(O)cc(O)c3c(=O)c2O)cc1-c1ccc(F)cc1F,1,c1(O)cc(O)c2c(=O)c(O)c(-c3ccc([*])c([*])c3)oc2c1,N*|c1(F)ccc(*)c(F)c1,0.4355996,7.8200,0.9956226,11.7710,0.9813398,2.6233,6
8.3046,13.4405,93.7910,0.8377460,O=c1c(O)c(-c2ccc(C(F)(F)F)c(-c3ccccc3)c2)oc2cc(O)cc(O)c12,1,c1(O)cc(O)c2c(=O)c(O)c(-c3ccc([*])c([*])c3)oc2c1,FC(F)(F)*|*c1ccccc1,0.6667793,8.4820,0.9703150,10.4230,0.9857621,2.5277,6
6.7528,9.3145,84.4684,0.7326786,Nc1ccc(-c2oc3cc(O)cc(O)c3c(=O)c2O)cc1-c1ccccc1,1,c1(O)cc(O)c2c(=O)c(O)c(-c3ccc([*])c([*])c3)oc2c1,N*|c1(*)ccccc1,0.4651580,7.9030,0.9931781,11.4610,0.9892645,2.4284,6
15.3429,27.3139,-26.5159,0.0062341,NCCCNc1ccc(-c2oc3cc(O)cc(O)c3c(=O)c2O)cc1-c1ccccc1F,1,c1(O)cc(O)c2c(=O)c(O)c(-c3ccc([*])c([*])c3)oc2c1,C(N*)CCN|c1(F)ccccc1*,0.3103018,7.4450,0.0000100,0.0000,0.9779443,2.6826,6
15.5899,24.2426,-23.0735,0.0091337,O=c1c(O)c(-c2ccc(NCc3ccc(F)cc3)c(-c3cccc(F)c3)c2)oc2cc(O)cc(O)c12,1,c1(O)cc(O)c2c(=O)c(O)c(-c3ccc([*])c([*])c3)oc2c1,c1(CN*)ccc(F)cc1|Fc1cccc(*)c1,0.8042721,8.9820,0.0000100,0.0000,0.9827393,2.5957,6
11.0175,16.1140,60.4255,0.5979649,COc1ccccc1-c1cc(-c2oc3cc(O)cc(O)c3c(=O)c2O)ccc1N,1,c1(O)cc(O)c2c(=O)c(O)c(-c3ccc([*])c([*])c3)oc2c1,N*|COc1ccccc1*,0.2954154,7.3960,0.9424702,9.9430,0.9862278,2.5160,6
12.4937,19.5989,79.1515,0.7714873,O=c1c(O)c(-c2ccc(-c3ccco3)c(-c3ccco3)c2)oc2cc(O)cc(O)c12,1,c1(O)cc(O)c2c(=O)c(O)c(-c3ccc([*])c([*])c3)oc2c1,c1ccc(*)o1|c1oc(*)cc1,0.5373474,8.1040,0.9872270,11.0210,0.9711797,2.7779,6
10.3061,20.4952,87.3886,0.8428419,O=c1c(O)c(-c2ccc(N3CCCCC3)c(-c3cccc(F)c3)c2)oc2cc(O)cc(O)c12,1,c1(O)cc(O)c2c(=O)c(O)c(-c3ccc([*])c([*])c3)oc2c1,C1CCCCN1*|c1(F)cccc(*)c1,0.6915432,8.5610,0.9516149,10.0700,0.9821311,2.6079,6
13.4024,16.5139,88.9421,0.8238755,Nc1cc(-c2oc3cc(O)cc(O)c3c(=O)c2O)ccc1NCc1cc(F)cc(F)c1,1,c1(O)cc(O)c2c(=O)c(O)c(-c3ccc([*])c([*])c3)oc2c1,*NCc1cc(F)cc(F)c1|*N,0.6622880,8.4680,0.9409696,9.9240,0.9773795,2.6916,6
11.5406,25.8123,78.4822,0.8148007,O=c1c(O)c(-c2ccc(Nc3ccc(F)cc3F)c(C(F)F)c2)oc2cc(O)cc(O)c12,1,c1(O)cc(O)c2c(=O)c(O)c(-c3ccc([*])c([*])c3)oc2c1,c1c(F)ccc(N*)c1F|FC(F)*,0.6141604,8.3230,0.9908325,11.2540,0.9698239,2.7944,6
6.8045,19.2323,89.7413,0.8513558,O=c1c(O)c(-c2ccc(-c3ccc(F)c(F)c3)c(C(F)(F)F)c2)oc2cc(O)cc(O)c12,1,c1(O)cc(O)c2c(=O)c(O)c(-c3ccc([*])c([*])c3)oc2c1,c1c(F)c(F)ccc1*|FC(F)(F)*,0.6769314,8.5140,0.9988889,12.7260,0.9782091,2.6783,6
12.5499,20.5183,39.7486,0.4708355,CCNc1ccc(-c2oc3cc(O)cc(O)c3c(=O)c2O)cc1C(F)F,1,c1(O)cc(O)c2c(=O)c(O)c(-c3ccc([*])c([*])c3)oc2c1,N(*)CC|FC(F)*,0.1608247,6.8520,0.9601468,10.2110,0.9704322,2.7871,6
14.7600,25.8876,-24.6529,0.0096459,O=c1c(O)c(-c2ccc(-c3cc(F)cc(F)c3)c(-c3cccc(F)c3F)c2)oc2cc(O)cc(O)c12,1,c1(O)cc(O)c2c(=O)c(O)c(-c3ccc([*])c([*])c3)oc2c1,c1c(F)cc(*)cc1F|c1cc(F)c(F)c(*)c1,0.9269989,9.7660,0.0000100,0.0000,0.9717941,2.7702,6
14.1047,25.1726,61.9949,0.6809956,O=c1c(O)c(-c2ccc(Nc3ccoc3)c(C(F)(F)F)c2)oc2cc(O)cc(O)c12,1,c1(O)cc(O)c2c(=O)c(O)c(-c3ccc([*])c([*])c3)oc2c1,c1occ(N*)c1|FC(F)(F)*,0.4016404,7.7230,0.9783787,10.6490,0.9484905,2.9879,6
20.0918,33.2086,-33.1960,0.0000987,O=c1c(O)c(-c2ccc(NC=Nc3cc(F)ccc3F)c(-c3ccccc3F)c2)oc2cc(O)cc(O)c12,1,c1(O)cc(O)c2c(=O)c(O)c(-c3ccc([*])c([*])c3)oc2c1,N(*)C=Nc1cc(F)ccc1F|c1(F)ccccc1*,0.0000100,0.0000,0.0000100,0.0000,0.9371579,3.0612,6
9.1649,23.9815,27.5901,0.4029033,O=c1c(O)c(-c2ccc(Nc3ccccc3F)c(-c3ccc(F)cc3)c2)oc2cc(O)cc(O)c12,1,c1(O)cc(O)c2c(=O)c(O)c(-c3ccc([*])c([*])c3)oc2c1,*Nc1ccccc1F|c1(F)ccc(*)cc1,0.7397746,8.7260,0.1404151,6.7410,0.9839604,2.5698,6
10.5998,23.3883,75.2006,0.7702261,O=c1c(O)c(-c2ccc(-c3ccc(F)cc3)c(-c3ccccc3F)c2)oc2cc(O)cc(O)c12,1,c1(O)cc(O)c2c(=O)c(O)c(-c3ccc([*])c([*])c3)oc2c1,c1cc(F)ccc1*|c1cccc(F)c1*,0.8385919,9.1450,0.6250140,8.3550,0.9867574,2.5022,6
8.2919,18.5650,83.8533,0.8001429,Nc1cc(-c2oc3cc(O)cc(O)c3c(=O)c2O)ccc1Nc1ccc(F)c(F)c1,1,c1(O)cc(O)c2c(=O)c(O)c(-c3ccc([*])c([*])c3)oc2c1,c1cc(F)c(F)cc1N*|*N,0.5914234,8.2570,0.9774463,10.6190,0.9814203,2.6217,6
8.3186,15.6206,86.6612,0.7990767,Nc1cc(-c2oc3cc(O)cc(O)c3c(=O)c2O)ccc1-c1c(F)cccc1F,1,c1(O)cc(O)c2c(=O)c(O)c(-c3ccc([*])c([*])c3)oc2c1,c1cc(F)c(*)c(F)c1|N*,0.5844507,8.2370,0.9876378,11.0440,0.9778030,2.6848,6
10.1545,8.4337,52.9453,0.4795237,CCNc1ccc(-c2oc3cc(O)cc(O)c3c(=O)c2O)cc1C,1,c1(O)cc(O)c2c(=O)c(O)c(-c3ccc([*])c([*])c3)oc2c1,*NCC|C*,0.1711823,6.9040,0.9365878,9.8710,0.9863603,2.5126,6
6.7442,9.5218,-9.5218,0.0000000,Nc1ccc(-c2oc3cc(O)cc(O)c3c(=O)c2O)cc1-c1ccccc1,2,c1(O)cc(O)c2c(=O)c(O)c(-c3ccc([*])c([*])c3)oc2c1,N*|c1ccc(*)cc1,0.0000000,7.9030,0.0000000,11.4610,0.0000000,2.4284,6
10.8688,16.5278,82.7367,0.7755042,Cc1cc(-c2oc3cc(O)cc(O)c3c(=O)c2O)ccc1Nc1ccccc1F,1,c1(O)cc(O)c2c(=O)c(O)c(-c3ccc([*])c([*])c3)oc2c1,c1ccc(F)c(N*)c1|C*,0.5351999,8.0980,0.9954565,11.7450,0.9881986,2.4617,6
9.8838,21.4376,83.1492,0.8170848,O=c1c(O)c(-c2ccc(Nc3ccc(F)c(F)c3)c(C(F)(F)F)c2)oc2cc(O)cc(O)c12,1,c1(O)cc(O)c2c(=O)c(O)c(-c3ccc([*])c([*])c3)oc2c1,c1(F)c(F)ccc(N*)c1|FC(F)(*)F,0.6172249,8.3320,0.9893379,11.1480,0.9766963,2.7021,6
8.4799,18.8388,78.0045,0.7565880,Nc1cc(-c2oc3cc(O)cc(O)c3c(=O)c2O)ccc1Nc1ccc(F)cc1F,1,c1(O)cc(O)c2c(=O)c(O)c(-c3ccc([*])c([*])c3)oc2c1,*Nc1ccc(F)cc1F|N*,0.5115107,8.0320,0.9828705,10.8140,0.9808339,2.6328,6
8.4150,19.5054,83.1963,0.8023566,Nc1cc(-c2oc3cc(O)cc(O)c3c(=O)c2O)ccc1Nc1c(F)cccc1F,1,c1(O)cc(O)c2c(=O)c(O)c(-c3ccc([*])c([*])c3)oc2c1,c1ccc(F)c(N*)c1F|N*,0.5907277,8.2550,0.9870074,11.0090,0.9781864,2.6786,6
9.5113,16.9502,87.7027,0.8176004,O=c1c(O)c(-c2ccc(-c3ccccc3F)c(C(F)(F)F)c2)oc2cc(O)cc(O)c12,1,c1(O)cc(O)c2c(=O)c(O)c(-c3ccc([*])c([*])c3)oc2c1,c1ccc(*)c(F)c1|FC(F)(F)*,0.6141604,8.3230,0.9931976,11.4630,0.9819071,2.6124,6
16.4559,19.6980,77.6031,0.7601650,Cc1cccc(C(C)Nc2ccc(-c3oc4cc(O)cc(O)c4c(=O)c3O)cc2C(F)(F)F)c1,1,c1(O)cc(O)c2c(=O)c(O)c(-c3ccc([*])c([*])c3)oc2c1,*NC(C)c1cccc(C)c1|FC(F)(*)F,0.5689943,8.1930,0.9219774,9.7160,0.9223228,3.1403,6
8.5807,15.5364,83.5253,0.7739197,O=c1c(O)c(-c2ccc(-c3ccccc3)c(C(F)(F)F)c2)oc2cc(O)cc(O)c12,1,c1(O)cc(O)c2c(=O)c(O)c(-c3ccc([*])c([*])c3)oc2c1,c1ccccc1*|FC(*)(F)F,0.5319765,8.0890,0.9972454,12.0940,0.9864851,2.5094,6
10.6160,15.9091,57.9458,0.5769910,C=CCNc1ccc(-c2oc3cc(O)cc(O)c3c(=O)c2O)cc1C(F)(F)F,1,c1(O)cc(O)c2c(=O)c(O)c(-c3ccc([*])c([*])c3)oc2c1,C(N*)C=C|C(F)(F)(*)F,0.2624477,7.2820,0.9796210,10.6910,0.9674838,2.8212,6
14.9243,28.3596,71.7901,0.7824196,O=c1c(O)c(-c2ccc(-c3ccc(F)c(F)c3F)c(-c3ccc(F)cc3)c2)oc2cc(O)cc(O)c12,1,c1(O)cc(O)c2c(=O)c(O)c(-c3ccc([*])c([*])c3)oc2c1,c1(F)c(F)c(F)ccc1*|c1cc(*)ccc1F,0.8340611,9.1220,0.6567944,8.4510,0.9771109,2.6957,6
6.5656,16.7091,84.9579,0.7942739,Nc1cc(-c2oc3cc(O)cc(O)c3c(=O)c2O)ccc1-c1ccc(F)cc1,1,c1(O)cc(O)cc2c1c(=O)c(O)c(-c1cc([*])c([*])cc1)o2,N*|Fc1ccc(*)cc1,0.5700529,8.1960,0.9927974,11.4230,0.9869606,2.4968,7
11.8357,19.0657,70.0874,0.6965086,Cc1cc(F)ccc1-c1cc(-c2oc3cc(O)cc(O)c3c(=O)c2O)ccc1N,1,c1(O)cc(O)cc2c1c(=O)c(O)c(-c1cc([*])c([*])cc1)o2,Cc1cc(F)ccc1*|*N,0.4103166,7.7480,0.9957401,11.7900,0.9819790,2.6109,7
10.0840,33.2401,-32.0553,0.0092559,O=c1c(O)c(-c2ccc(-c3c(F)cccc3F)c(-c3cccc(F)c3F)c2)oc2cc(O)cc(O)c12,1,c1(O)cc(O)cc2c1c(=O)c(O)c(-c1cc([*])c([*])cc1)o2,Fc1c(F)cccc1*|Fc1c(*)c(F)ccc1,0.8360434,9.1320,0.0000100,0.0000,0.9719326,2.7685,7
7.3560,23.2977,83.6572,0.8355851,O=c1c(O)c(-c2ccc(C(F)(F)F)c(-c3ccc(F)cc3F)c2)oc2cc(O)cc(O)c12,1,c1(O)cc(O)cc2c1c(=O)c(O)c(-c1cc([*])c([*])cc1)o2,c1c(F)c(*)ccc1F|FC(F)(*)F,0.6800708,8.5240,0.9497942,10.0430,0.9763065,2.7080,7
18.3515,35.6716,-34.5294,0.0089230,O=c1c(O)c(-c2ccc(-c3ccc(F)c(F)c3F)c(C=Cc3ccccc3)c2)oc2cc(O)cc(O)c12,1,c1(O)cc(O)cc2c1c(=O)c(O)c(-c1cc([*])c([*])cc1)o2,C(=C*)c1ccccc1|Fc1c(F)c(F)ccc1*,0.7647025,8.8190,0.0000100,0.0000,0.9673455,2.8227,7
8.9024,19.8398,78.8155,0.7707443,Nc1cc(-c2oc3cc(O)cc(O)c3c(=O)c2O)ccc1-c1ccccc1F,1,c1(O)cc(O)cc2c1c(=O)c(O)c(-c1cc([*])c([*])cc1)o2,N*|c1(*)ccccc1F,0.5280334,8.0780,0.9951954,11.7060,0.9849455,2.5474,7
9.4437,23.3618,80.3997,0.8106367,O=c1c(O)c(-c2ccc(C(F)(F)F)c(-c3cc(F)c(F)c(F)c3)c2)oc2cc(O)cc(O)c12,1,c1(O)cc(O)cc2c1c(=O)c(O)c(-c1cc([*])c([*])cc1)o2,Fc1c(F)cc(*)cc1F|FC(F)(*)F,0.6052567,8.2970,0.9941376,11.5670,0.9668499,2.8281,7
19.1225,27.4301,56.8403,0.6583624,O=c1c(O)c(-c2ccc(N3CCNCC3)c(NCc3ccco3)c2)oc2cc(O)cc(O)c12,1,c1(O)cc(O)cc2c1c(=O)c(O)c(-c1cc([*])c([*])cc1)o2,o1c(CN*)ccc1|N1(*)CCNCC1,0.4377236,7.8260,0.8170788,9.0400,0.9669355,2.8272,7
10.9004,19.8070,89.5792,0.8545796,O=c1c(O)c(-c2ccc(-c3ccc(F)cc3F)c(C(F)(F)F)c2)oc2cc(O)cc(O)c12,1,c1(O)cc(O)cc2c1c(=O)c(O)c(-c1cc([*])c([*])cc1)o2,FC(F)(F)*|Fc1cc(F)ccc1*,0.6844383,8.5380,0.9977854,12.2460,0.9772810,2.6931,7
9.6878,23.6602,68.1909,0.7175868,Nc1ccc(-c2oc3cc(O)cc(O)c3c(=O)c2O)cc1-c1cccnc1F,1,c1(O)cc(O)cc2c1c(=O)c(O)c(-c1cc([*])c([*])cc1)o2,n1cccc(*)c1F|N*,0.4465973,7.8510,0.9895929,11.1650,0.9741517,2.7390,7
6.9525,17.4029,-17.4029,0.0000000,Nc1cc(-c2oc3cc(O)cc(O)c3c(=O)c2O)ccc1-c1ccc(F)cc1,2,c1(O)cc(O)cc2c1c(=O)c(O)c(-c1cc([*])c([*])cc1)o2,N*|c1(F)ccc(*)cc1,0.0000000,8.1960,0.0000000,11.4230,0.0000000,2.4968,7
7.5858,18.2287,76.8943,0.7431482,Nc1ccc(-c2oc3cc(O)cc(O)c3c(=O)c2O)cc1-c1ccc(F)c(F)c1,1,c1(O)cc(O)cc2c1c(=O)c(O)c(-c1cc([*])c([*])cc1)o2,c1c(F)c(F)ccc1*|*N,0.4827375,7.9520,0.9950770,11.6890,0.9822942,2.6047,7
12.1302,30.7552,63.9301,0.7397287,O=c1c(O)c(-c2ccc(-c3ccc(F)cc3)c(NCc3cccs3)c2)oc2cc(O)cc(O)c12,1,c1(O)cc(O)cc2c1c(=O)c(O)c(-c1cc([*])c([*])cc1)o2,*NCc1sccc1|Fc1ccc(*)cc1,0.5969754,8.2730,0.7966880,8.9490,0.9792037,2.6617,7
8.1264,17.9521,62.5193,0.6286831,Nc1ccc(-c2oc3cc(O)cc(O)c3c(=O)c2O)cc1-c1cccs1,1,c1(O)cc(O)cc2c1c(=O)c(O)c(-c1cc([*])c([*])cc1)o2,s1cccc1*|N*,0.3262238,7.4960,0.9710116,10.4400,0.9787661,2.6691,7
24.9768,27.4929,76.7318,0.8142554,C=Cc1cc(-c2oc3cc(O)cc(O)c3c(=O)c2O)ccc1Nc1cc(F)cc(F)c1,1,c1(O)cc(O)cc2c1c(=O)c(O)c(-c1cc([*])c([*])cc1)o2,*C=C|*Nc1cc(F)cc(F)c1,0.6158641,8.3280,0.9890922,11.1320,0.9646280,2.8514,7
7.7732,14.8420,67.1254,0.6403698,Nc1ccc(-c2oc3cc(O)cc(O)c3c(=O)c2O)cc1-c1ccco1,1,c1(O)cc(O)cc2c1c(=O)c(O)c(-c1cc([*])c([*])cc1)o2,c1c(*)occ1|N*,0.3386784,7.5350,0.9799346,10.7020,0.9776534,2.6872,7
7.4333,19.3813,84.5460,0.8119321,O=c1c(O)c(-c2ccc(-c3ccc(F)cc3)c(C(F)(F)F)c2)oc2cc(O)cc(O)c12,1,c1(O)cc(O)cc2c1c(=O)c(O)c(-c1cc([*])c([*])cc1)o2,FC(F)(F)*|c1cc(F)ccc1*,0.5997424,8.2810,0.9984822,12.5090,0.9839853,2.5692,7
7.3387,12.2600,87.0613,0.7759475,O=c1c(O)c(-c2ccc(C(F)(F)F)c(C(F)(F)F)c2)oc2cc(O)cc(O)c12,1,c1(O)cc(O)cc2c1c(=O)c(O)c(-c1cc([*])c([*])cc1)o2,FC(F)(*)F|FC(F)(*)F,0.5437805,8.1220,0.9890767,11.1310,0.9724209,2.7622,7
10.4285,9.2865,71.6407,0.6322438,Cc1ccc(-c2oc3cc(O)cc(O)c3c(=O)c2O)cc1C(F)(F)F,1,c1(O)cc(O)cc2c1c(=O)c(O)c(-c1cc([*])c([*])cc1)o2,FC(F)(F)*|C*,0.3268568,7.4980,0.9806846,10.7290,0.9832168,2.5858,7
16.1786,28.6083,-27.4321,0.0091891,O=c1c(O)c(-c2ccc(-c3cccc(F)c3)c(-c3cc(F)cc(F)c3)c2)oc2cc(O)cc(O)c12,1,c1(O)cc(O)cc2c1c(=O)c(O)c(-c1cc([*])c([*])cc1)o2,c1c(*)cc(F)cc1F|Fc1cc(*)ccc1,0.8181518,9.0450,0.0000100,0.0000,0.9788054,2.6684,7
7.8613,22.5361,81.3033,0.8112457,O=c1c(O)c(-c2ccc(C(F)(F)F)c(-c3ccccc3F)c2)oc2cc(O)cc(O)c12,1,c1(O)cc(O)cc2c1c(=O)c(O)c(-c1cc([*])c([*])cc1)o2,*c1ccccc1F|FC(F)(F)*,0.6035362,8.2920,0.9915605,11.3120,0.9811085,2.6276,7
9.3343,18.8100,79.7812,0.7702435,Nc1ccc(-c2oc3cc(O)cc(O)c3c(=O)c2O)cc1-c1cc(F)c(F)cc1F,1,c1(O)cc(O)cc2c1c(=O)c(O)c(-c1cc([*])c([*])cc1)o2,c1(F)cc(F)c(*)cc1F|*N,0.5291092,8.0810,0.9969280,12.0180,0.9743656,2.7361,7
8.5304,21.2553,86.5065,0.8418891,Nc1ccc(-c2oc3cc(O)cc(O)c3c(=O)c2O)cc1-c1cc(F)c(F)c(F)c1F,1,c1(O)cc(O)cc2c1c(=O)c(O)c(-c1cc([*])c([*])cc1)o2,c1c(F)c(F)c(F)c(F)c1*|N*,0.6638951,8.4730,0.9982502,12.4100,0.9629342,2.8683,7
5.8984,21.7411,47.6220,0.5418997,O=c1c(O)c(-c2ccc(C(F)(F)F)c(-c3c(F)cccc3F)c2)oc2cc(O)cc(O)c12,1,c1(O)cc(O)cc2c1c(=O)c(O)c(-c1cc([*])c([*])cc1)o2,c1ccc(F)c(*)c1F|FC(F)(F)*,0.6850596,8.5400,0.3199293,7.4760,0.9728146,2.7570,7
21.8529,45.1619,-44.0855,0.0084099,CC(Nc1cc(-c2oc3cc(O)cc(O)c3c(=O)c2O)ccc1-c1ccc(F)c(F)c1)c1ncccc1F,1,c1(O)cc(O)cc2c1c(=O)c(O)c(-c1cc([*])c([*])cc1)o2,*NC(c1ncccc1F)C|c1c(F)c(F)cc(*)c1,0.6979522,8.5820,0.0000100,0.0000,0.8635944,3.3588,7
14.5143,34.1079,-2.2526,0.2488691,O=c1c(O)c(-c2ccc(-c3ccco3)c(-c3c(F)c(F)cc(F)c3F)c2)oc2cc(O)cc(O)c12,1,c1(O)cc(O)cc2c1c(=O)c(O)c(-c1cc([*])c([*])cc1)o2,c1(F)c(F)cc(F)c(F)c1*|c1coc(*)c1,0.7917489,8.9280,0.0400740,5.7930,0.9483178,2.9891,7
16.1115,28.3980,55.1688,0.6528661,O=c1c(O)c(-c2ccc(C3CCCC3)c(-c3c(F)cccc3F)c2)oc2cc(O)cc(O)c12,1,c1(O)cc(O)cc2c1c(=O)c(O)c(-c1cc([*])c([*])cc1)o2,Fc1cccc(F)c1*|C1CCCC1*,0.6528912,8.4390,0.5344839,8.0960,0.9740246,2.7408,7
6.4558,7.2869,71.5315,0.6157685,Nc1ccc(-c2oc3cc(O)cc(O)c3c(=O)c2O)cc1N,1,c1(O)cc(O)cc2c1c(=O)c(O)c(-c1cc([*])c([*])cc1)o2,N*|N*,0.3393235,7.5370,0.8854397,9.4210,0.9807119,2.6350,7
7.7588,19.9530,91.3415,0.8694887,Nc1ccc(-c2oc3cc(O)cc(O)c3c(=O)c2O)cc1-c1c(F)c(F)c(F)c(F)c1F,1,c1(O)cc(O)cc2c1c(=O)c(O)c(-c1cc([*])c([*])cc1)o2,Fc1c(F)c(F)c(F)c(F)c1*|N*,0.7239634,8.6700,0.9986509,12.5910,0.9507337,2.9716,7
11.0450,22.5757,76.0265,0.7703301,Nc1cc(-c2oc3cc(O)cc(O)c3c(=O)c2O)ccc1Nc1cccc(F)c1,1,c1(O)cc(O)cc2c1c(=O)c(O)c(-c1cc([*])c([*])cc1)o2,*N|c1c(F)cccc1N*,0.5377049,8.1050,0.9763421,10.5850,0.9842208,2.5640,7
8.9543,23.3623,71.0995,0.7379828,O=c1c(O)c(-c2ccc(C(F)(F)F)c(-c3ccsc3)c2)oc2cc(O)cc(O)c12,1,c1(O)cc(O)cc2c1c(=O)c(O)c(-c1cc([*])c([*])cc1)o2,s1ccc(*)c1|FC(F)(*)F,0.5136682,8.0380,0.9252264,9.7480,0.9691023,2.8028,7
8.3178,21.1456,-21.1456,0.0000000,O=c1c(O)c(-c2ccc(C(F)(F)F)c(-c3ccc(F)cc3F)c2)oc2cc(O)cc(O)c12,2,c1(O)cc(O)cc2c1c(=O)c(O)c(-c1cc([*])c([*])cc1)o2,c1c(F)cc(F)c(*)c1|FC(*)(F)F,0.0000000,8.5240,0.0000000,10.0430,0.0000000,2.7080,7
8.0643,16.4234,85.2437,0.7942739,Nc1cc(-c2oc3cc(O)cc(O)c3c(=O)c2O)ccc1-c1ccc(F)cc1,1,Oc1c(-c2cc([*])c([*])cc2)oc2cc(O)cc(O)c2c1=O,*N|c1cc(F)ccc1*,0.5700529,8.1960,0.9927974,11.4230,0.9869606,2.4968,8
7.4162,15.6794,75.6156,0.7132418,Nc1ccc(-c2oc3cc(O)cc(O)c3c(=O)c2O)cc1-c1ccc(F)cc1F,1,Oc1c(-c2cc([*])c([*])cc2)oc2cc(O)cc(O)c2c1=O,c1(F)cc(F)ccc1*|*N,0.4355996,7.8200,0.9956226,11.7710,0.9813398,2.6233,8
12.0494,30.7439,76.5897,0.8385432,O=c1c(O)c(-c2ccc(-c3cccc(F)c3)c(-c3cccc(F)c3F)c2)oc2cc(O)cc(O)c12,1,Oc1c(-c2cc([*])c([*])cc2)oc2cc(O)cc(O)c2c1=O,Fc1c(F)cccc1*|c1c(F)cccc1*,0.8490204,9.2000,0.7662525,8.8250,0.9795963,2.6549,8
14.2405,21.1459,74.9793,0.7509787,Cc1cc(-c2cc(-c3oc4cc(O)cc(O)c4c(=O)c3O)ccc2C(F)(F)F)no1,1,Oc1c(-c2cc([*])c([*])cc2)oc2cc(O)cc(O)c2c1=O,o1nc(*)cc1C|FC(F)(F)*,0.5377049,8.1050,0.9259204,9.7550,0.9636135,2.8616,8
7.7171,15.6794,-15.6794,0.0000000,Nc1ccc(-c2oc3cc(O)cc(O)c3c(=O)c2O)cc1-c1ccc(F)cc1F,2,Oc1c(-c2cc([*])c([*])cc2)oc2cc(O)cc(O)c2c1=O,c1(F)cc(F)ccc1*|*N,0.0000000,7.8200,0.0000000,11.7710,0.0000000,2.6233,8
18.9367,39.2047,-39.1920,0.0000992,Nc1cc(-c2oc3cc(O)cc(O)c3c(=O)c2O)ccc1Nc1ccc(F)c(C(=O)Nc2ccc(F)c(F)c2F)c1,1,Oc1c(-c2cc([*])c([*])cc2)oc2cc(O)cc(O)c2c1=O,N*|O=C(Nc1ccc(F)c(F)c1F)c1c(F)ccc(N*)c1,0.0000100,0.0000,0.0000100,0.0000,0.9602101,2.8939,8
9.2850,17.7474,73.9540,0.7164171,O=c1c(O)c(-c2ccc(NCc3ccccc3)c(C(F)(F)F)c2)oc2cc(O)cc(O)c12,1,Oc1c(-c2cc([*])c([*])cc2)oc2cc(O)cc(O)c2c1=O,FC(F)(F)*|*NCc1ccccc1,0.4398498,7.8320,0.9952840,11.7190,0.9847523,2.5519,8
9.2529,19.1435,87.8114,0.8355851,O=c1c(O)c(-c2ccc(C(F)(F)F)c(-c3ccc(F)cc3F)c2)oc2cc(O)cc(O)c12,1,Oc1c(-c2cc([*])c([*])cc2)oc2cc(O)cc(O)c2c1=O,c1(F)cc(F)c(*)cc1|FC(*)(F)F,0.6800708,8.5240,0.9497942,10.0430,0.9763065,2.7080,8
13.8902,24.5306,85.3280,0.8582699,O=c1c(O)c(-c2ccc(C(F)(F)F)c(-c3cccc(C(F)F)c3)c2)oc2cc(O)cc(O)c12,1,Oc1c(-c2cc([*])c([*])cc2)oc2cc(O)cc(O)c2c1=O,FC(c1cc(*)ccc1)F|FC(F)(*)F,0.6985585,8.5840,0.9933988,11.4840,0.9670888,2.8255,8
8.9647,19.7849,85.2921,0.8209137,O=c1c(O)c(-c2ccc(C(F)(F)F)c(-c3cccc(F)c3)c2)oc2cc(O)cc(O)c12,1,Oc1c(-c2cc([*])c([*])cc2)oc2cc(O)cc(O)c2c1=O,c1(F)cccc(*)c1|FC(*)(F)F,0.6263624,8.3590,0.9843541,10.8780,0.9806944,2.6353,8
7.3643,23.0780,79.1772,0.7988689,Nc1ccc(-c2oc3cc(O)cc(O)c3c(=O)c2O)cc1Nc1cccc(F)c1F,1,Oc1c(-c2cc([*])c([*])cc2)oc2cc(O)cc(O)c2c1=O,c1(F)c(F)cccc1N*|N*,0.5879413,8.2470,0.9813017,10.7520,0.9774727,2.6901,8
14.8159,29.8386,-29.8386,0.0000000,c1ccc(F)cc1F)*|C1CN(*)CCN1,0,Oc1c(-c2cc([*])c([*])cc2)oc2cc(O)cc(O)c2c1=O,c1ccc(F)cc1F)*|C1CN(*)CCN1,0.0000000,0.0000,0.0000000,0.0000,0.0000000,0.0000,8
9.9247,17.0804,67.0846,0.6575386,Cc1ccccc1-c1cc(-c2oc3cc(O)cc(O)c3c(=O)c2O)ccc1N,1,Oc1c(-c2cc([*])c([*])cc2)oc2cc(O)cc(O)c2c1=O,Cc1ccccc1*|N*,0.3549770,7.5850,0.9944717,11.6080,0.9863272,2.5135,8
7.6396,18.0546,81.8919,0.7808321,Nc1cc(-c2oc3cc(O)cc(O)c3c(=O)c2O)ccc1-c1ccc(F)cc1F,1,Oc1c(-c2cc([*])c([*])cc2)oc2cc(O)cc(O)c2c1=O,N*|c1c(F)ccc(*)c1F,0.5498431,8.1390,0.9893227,11.1470,0.9809227,2.6311,8
5.5125,9.2143,90.1069,0.7759475,O=c1c(O)c(-c2ccc(C(F)(F)F)c(C(F)(F)F)c2)oc2cc(O)cc(O)c12,1,Oc1c(-c2cc([*])c([*])cc2)oc2cc(O)cc(O)c2c1=O,FC(F)(F)*|FC(F)(F)*,0.5437805,8.1220,0.9890767,11.1310,0.9724209,2.7622,8
15.6264,32.6412,80.0458,0.8803669,O=c1c(O)c(-c2ccc(Nc3ccccc3F)c(Nc3ccc(F)c(F)c3)c2)oc2cc(O)cc(O)c12,1,Oc1c(-c2cc([*])c([*])cc2)oc2cc(O)cc(O)c2c1=O,c1c(F)c(F)ccc1N*|c1(F)ccccc1N*,0.7759044,8.8630,0.9486146,10.0260,0.9761633,2.7102,8
7.7534,17.4796,93.8150,0.8694887,Nc1ccc(-c2oc3cc(O)cc(O)c3c(=O)c2O)cc1-c1c(F)c(F)c(F)c(F)c1F,1,Oc1c(-c2cc([*])c([*])cc2)oc2cc(O)cc(O)c2c1=O,Fc1c(F)c(F)c(F)c(F)c1*|*N,0.7239634,8.6700,0.9986509,12.5910,0.9507337,2.9716,8
5.3842,10.1057,-10.1057,0.0000000,O=c1c(O)c(-c2ccc(C(F)(F)F)c(C(F)(F)F)c2)oc2cc(O)cc(O)c12,2,Oc1c(-c2cc([*])c([*])cc2)oc2cc(O)cc(O)c2c1=O,FC(*)(F)F|FC(F)(F)*,0.0000000,8.1220,0.0000000,11.1310,0.0000000,2.7622,8
8.2901,12.9115,74.9500,0.6864178,O=c1c(O)c(-c2ccc(C(F)F)c(C(F)(F)F)c2)oc2cc(O)cc(O)c12,1,Oc1c(-c2cc([*])c([*])cc2)oc2cc(O)cc(O)c2c1=O,FC(*)(F)F|FC(F)*,0.4061446,7.7360,0.9784395,10.6510,0.9649687,2.8480,8
5.9365,11.2139,-11.2139,0.0000000,O=c1c(O)c(-c2ccc(C(F)(F)F)c(C(F)(F)F)c2)oc2cc(O)cc(O)c12,2,Oc1c(-c2cc([*])c([*])cc2)oc2cc(O)cc(O)c2c1=O,FC(F)(*)F|FC(*)(F)F,0.0000000,8.1220,0.0000000,11.1310,0.0000000,2.7622,8
6.5014,18.8491,79.8062,0.7707443,Nc1cc(-c2oc3cc(O)cc(O)c3c(=O)c2O)ccc1-c1ccccc1F,1,Oc1c(-c2cc([*])c([*])cc2)oc2cc(O)cc(O)c2c1=O,N*|c1cccc(F)c1*,0.5280334,8.0780,0.9951954,11.7060,0.9849455,2.5474,8
15.1624,28.8530,44.4033,0.5723147,CNN=CCNc1cc(-c2oc3cc(O)cc(O)c3c(=O)c2O)ccc1C(F)F,1,Oc1c(-c2cc([*])c([*])cc2)oc2cc(O)cc(O)c2c1=O,*NCC=NNC|FC(F)*,0.2847473,7.3600,0.9352935,9.8560,0.8656843,3.3526,8
10.9903,27.8002,81.4995,0.8539036,O=c1c(O)c(-c2ccc(-c3cccc(F)c3)c(-c3ccccc3F)c2)oc2cc(O)cc(O)c12,1,Oc1c(-c2cc([*])c([*])cc2)oc2cc(O)cc(O)c2c1=O,Fc1ccccc1*|c1c(F)cccc1*,0.7847838,8.8990,0.8650519,9.2910,0.9850538,2.5449,8
8.3015,16.5778,82.0133,0.7702435,Nc1ccc(-c2oc3cc(O)cc(O)c3c(=O)c2O)cc1-c1cc(F)c(F)cc1F,1,Oc1c(-c2cc([*])c([*])cc2)oc2cc(O)cc(O)c2c1=O,Fc1c(F)cc(F)c(*)c1|N*,0.5291092,8.0810,0.9969280,12.0180,0.9743656,2.7361,8
8.2373,21.9648,-21.9648,0.0000000,O=c1c(O)c(-c2ccc(C(F)(F)F)c(-c3ccc(F)cc3F)c2)oc2cc(O)cc(O)c12,2,Oc1c(-c2cc([*])c([*])cc2)oc2cc(O)cc(O)c2c1=O,c1c(F)ccc(*)c1F|FC(*)(F)F,0.0000000,8.5240,0.0000000,10.0430,0.0000000,2.7080,8
8.3912,17.0365,75.5304,0.7231794,CNc1ccc(-c2oc3cc(O)cc(O)c3c(=O)c2O)cc1-c1ccc(F)cc1,1,Oc1c(-c2cc([*])c([*])cc2)oc2cc(O)cc(O)c2c1=O,c1cc(F)ccc1*|*NC,0.4565765,7.8790,0.9813281,10.7530,0.9853138,2.5387,8
5.0391,9.2143,-9.2143,0.0000000,O=c1c(O)c(-c2ccc(C(F)(F)F)c(C(F)(F)F)c2)oc2cc(O)cc(O)c12,2,Oc1c(-c2cc([*])c([*])cc2)oc2cc(O)cc(O)c2c1=O,FC(F)(F)*|FC(F)(F)*,0.0000000,8.1220,0.0000000,11.1310,0.0000000,2.7622,8
7.1706,25.0686,73.0655,0.7666722,O=c1c(O)c(-c2ccc(C(F)(F)F)c(-c3cccc(F)c3F)c2)oc2cc(O)cc(O)c12,1,Oc1c(-c2cc([*])c([*])cc2)oc2cc(O)cc(O)c2c1=O,c1(F)c(F)cccc1*|FC(*)(F)F,0.5707581,8.1980,0.9137377,9.6400,0.9738706,2.7429,8
12.0470,16.8366,77.5919,0.7377230,Nc1ccc(-c2oc3cc(O)cc(O)c3c(=O)c2O)cc1-c1ccc(F)c(Cl)c1,1,Oc1c(-c2cc([*])c([*])cc2)oc2cc(O)cc(O)c2c1=O,c1(F)c(Cl)cc(*)cc1|N*,0.4759135,7.9330,0.9912415,11.2860,0.9818648,2.6132,8
8.2119,16.9351,77.1968,0.7354057,Nc1ccc(-c2oc3cc(O)cc(O)c3c(=O)c2O)cc1-c1cc(F)ccc1F,1,Oc1c(-c2cc([*])c([*])cc2)oc2cc(O)cc(O)c2c1=O,*c1cc(F)ccc1F|N*,0.4701737,7.9170,0.9960347,11.8400,0.9807748,2.6338,8
6.4577,19.3696,70.3781,0.7011539,Nc1ccc(-c2oc3cc(O)cc(O)c3c(=O)c2O)cc1Nc1ccccc1F,1,Oc1c(-c2cc([*])c([*])cc2)oc2cc(O)cc(O)c2c1=O,c1(F)ccccc1N*|N*,0.4267757,7.7950,0.9721635,10.4690,0.9844387,2.5591,8
6.4147,20.9834,80.7399,0.7947137,O=c1c(O)c(-c2ccc(C(F)(F)F)c(-c3ccc(F)c(F)c3)c2)oc2cc(O)cc(O)c12,1,Oc1c(-c2cc([*])c([*])cc2)oc2cc(O)cc(O)c2c1=O,c1cc(F)c(F)cc1*|FC(*)(F)F,0.5767413,8.2150,0.9875849,11.0410,0.9771079,2.6958,8
