Agent,Prior,Target,Score,SMILES,SMILES_state,Input_Scaffold,R-groups,Scaffold,TTBK1_dock,TTBK1_dock (raw),MAOB_dock,MAOB_dock (raw),SA_score,SA_score (raw),BBB_signed_dist,BBB_signed_dist (raw),step,canon
8.8115,20.1649,78.4205,0.7701985,O=c1c(O)c(-c2ccc(CCc3ccc(F)cc3)c(C(F)(F)F)c2)oc2cccc(O)c12,1,[*]c1ccc(-c2oc3cccc(O)c3c(=O)c2O)cc1[*],Fc1ccc(CC*)cc1|*C(F)(F)F,O=c1cc(-c2ccc(CCc3ccccc3)cc2)oc2ccccc12,0.8941839,9.483,0.9945658,11.62,0.985655,2.5304,0.2339658,-1.0302,20,O=c1c(O)c(-c2ccc(CCc3ccc(F)cc3)c(C(F)(F)F)c2)oc2cccc(O)c12
13.5417,37.5933,36.7611,0.5808939,O=c1c(O)c(-c2ccc(C(F)(F)F)c(Cc3cc(CC(F)(F)F)ccc3C(F)(F)F)c2)oc2cccc(O)c12,1,Oc1cccc2oc(-c3cc([*])c([*])cc3)c(O)c(=O)c21,c1c(CC(F)(F)F)ccc(C(F)(F)F)c1C*|FC(F)(F)*,O=c1cc(-c2cccc(Cc3ccccc3)c2)oc2ccccc12,0.8930897,9.475,0.9934552,11.49,0.9373432,3.0601,0.0377265,-2.8133,19,O=c1c(O)c(-c2ccc(C(F)(F)F)c(Cc3cc(CC(F)(F)F)ccc3C(F)(F)F)c2)oc2cccc(O)c12
14.7281,18.6432,75.0358,0.731867,Cc1ccc(-c2ccc(-c3oc4cccc(O)c4c(=O)c3O)cc2C(F)(F)F)c(C)c1,1,c12oc(-c3cc([*])c([*])cc3)c(O)c(=O)c1c(O)ccc2,FC(*)(F)F|c1(*)c(C)cc(C)cc1,O=c1cc(-c2ccc(-c3ccccc3)cc2)oc2ccccc12,0.8884698,9.442,0.996709,11.97,0.9852329,2.5406,0.1682093,-1.3883,7,Cc1ccc(-c2ccc(-c3oc4cccc(O)c4c(=O)c3O)cc2C(F)(F)F)c(C)c1
9.3162,19.0923,85.8104,0.8195521,O=c1c(O)c(-c2ccc(C#Cc3ccccc3)c(C(F)(F)F)c2)oc2cccc(O)c12,1,[*]c1c([*])cc(-c2c(O)c(=O)c3c(O)cccc3o2)cc1,c1c(C#C*)cccc1|*C(F)(F)F,O=c1cc(-c2ccc(C#Cc3ccccc3)cc2)oc2ccccc12,0.8881842,9.44,0.9992719,13.02,0.9794851,2.6569,0.357885,-0.5077,11,O=c1c(O)c(-c2ccc(C#Cc3ccccc3)c(C(F)(F)F)c2)oc2cccc(O)c12
13.2707,22.0692,-22.0692,0.0,Cc1ccc(-c2ccc(-c3oc4cccc(O)c4c(=O)c3O)cc2C(F)(F)F)cc1F,1,Oc1cccc2oc(-c3cc([*])c([*])cc3)c(O)c(=O)c21,FC(F)(F)*|c1(C)ccc(*)cc1F,O=c1cc(-c2ccc(-c3ccccc3)cc2)oc2ccccc12,0.8826368,9.402,0.9995963,13.43,0.9844811,2.5581,0.1971511,-1.2197,19,Cc1ccc(-c2ccc(-c3oc4cccc(O)c4c(=O)c3O)cc2C(F)(F)F)cc1F
11.9141,28.8587,65.3401,0.7359285,Cc1ccc(C(F)(F)F)c(Cc2cc(-c3oc4cccc(O)c4c(=O)c3O)ccc2C)c1,1,c1c2oc(-c3cc([*])c([*])cc3)c(O)c(=O)c2c(O)cc1,c1c(C)ccc(C(F)(F)F)c1C*|*C,O=c1cc(-c2cccc(Cc3ccccc3)c2)oc2ccccc12,0.8788582,9.377,0.9945658,11.62,0.9804708,2.6394,0.1807927,-1.3124,17,Cc1ccc(C(F)(F)F)c(Cc2cc(-c3oc4cccc(O)c4c(=O)c3O)ccc2C)c1
10.6466,20.4571,63.2275,0.6537863,Cc1cc(C(F)(F)F)ccc1-c1ccc(-c2oc3cccc(O)c3c(=O)c2O)cc1C(F)(F)F,1,c1c2oc(-c3cc([*])c([*])cc3)c(O)c(=O)c2c(O)cc1,FC(F)(F)*|c1(C(F)(F)F)cc(C)c(*)cc1,O=c1cc(-c2ccc(-c3ccccc3)cc2)oc2ccccc12,0.8783978,9.374,0.9961468,11.86,0.977426,2.6908,0.0821841,-2.0959,17,Cc1cc(C(F)(F)F)ccc1-c1ccc(-c2oc3cccc(O)c3c(=O)c2O)cc1C(F)(F)F
8.2023,19.371,-19.371,0.0,Cc1ccc(-c2ccc(-c3oc4cccc(O)c4c(=O)c3O)cc2C(F)(F)F)cc1C,1,c1(-c2c(O)c(=O)c3c(cccc3O)o2)ccc([*])c([*])c1,c1(C)c(C)cc(*)cc1|*C(F)(F)F,O=c1cc(-c2ccc(-c3ccccc3)cc2)oc2ccccc12,0.8765412,9.362,0.9988793,12.72,0.9858565,2.5254,0.1682093,-1.3883,18,Cc1ccc(-c2ccc(-c3oc4cccc(O)c4c(=O)c3O)cc2C(F)(F)F)cc1C
10.5693,14.7908,79.6842,0.7380863,O=c1c(O)c(-c2ccc(C=Cc3ccccc3)c(C(F)(F)F)c2)oc2cccc(O)c12,1,[*]c1c([*])cc(-c2c(O)c(=O)c3c(O)cccc3o2)cc1,c1ccccc1C=C*|FC(*)(F)F,O=c1cc(-c2ccc(C=Cc3ccccc3)cc2)oc2ccccc12,0.8687052,9.313,0.9984624,12.5,0.9830801,2.5886,0.1872043,-1.2753,11,O=c1c(O)c(-c2ccc(C=Cc3ccccc3)c(C(F)(F)F)c2)oc2cccc(O)c12
9.778,15.8329,80.5871,0.7532812,Cc1ccccc1-c1ccc(-c2oc3cccc(O)c3c(=O)c2O)cc1C(F)(F)F,1,c1cc(-c2oc3c(c(O)ccc3)c(=O)c2O)cc([*])c1[*],FC(*)(F)F|c1(C)ccccc1*,O=c1cc(-c2ccc(-c3ccccc3)cc2)oc2ccccc12,0.8541133,9.228,0.9954238,11.74,0.9877411,2.475,0.2236231,-1.0811,15,Cc1ccccc1-c1ccc(-c2oc3cccc(O)c3c(=O)c2O)cc1C(F)(F)F
10.5196,18.2037,78.2139,0.7532622,Cc1cccc(-c2ccc(-c3oc4cccc(O)c4c(=O)c3O)cc2C(F)(F)F)c1,1,o1c2cccc(O)c2c(=O)c(O)c1-c1cc([*])c([*])cc1,C(*)(F)(F)F|c1ccc(C)cc1*,O=c1cc(-c2ccc(-c3ccccc3)cc2)oc2ccccc12,0.852492,9.219,0.9973841,12.13,0.9874191,2.4842,0.2236231,-1.0811,14,Cc1cccc(-c2ccc(-c3oc4cccc(O)c4c(=O)c3O)cc2C(F)(F)F)c1
9.8416,17.9526,60.2641,0.6110681,O=c1c(O)c(-c2ccc(-c3ccc(C(F)(F)F)cc3)c(-c3ccccc3)c2)oc2cccc(O)c12,1,c1cc([*])c([*])cc1-c1oc2cccc(O)c2c(=O)c1O,c1cc(C(F)(F)F)ccc1*|*c1ccccc1,O=c1cc(-c2ccc(-c3ccccc3)c(-c3ccccc3)c2)oc2ccccc12,0.8437822,9.172,0.99373,11.52,0.9890064,2.4368,0.0571787,-2.4344,10,O=c1c(O)c(-c2ccc(-c3ccc(C(F)(F)F)cc3)c(-c3ccccc3)c2)oc2cccc(O)c12
8.8419,15.798,70.5514,0.6746048,O=c1c(O)c(-c2ccc(-c3ccc(C(F)(F)F)cc3)c(C(F)(F)F)c2)oc2cccc(O)c12,1,[*]c1c([*])cc(-c2c(O)c(=O)c3c(O)cccc3o2)cc1,c1(C(F)(F)F)ccc(*)cc1|FC(F)(*)F,O=c1cc(-c2ccc(-c3ccccc3)cc2)oc2ccccc12,0.833263,9.118,0.9990293,12.82,0.9832105,2.5859,0.1131121,-1.7887,11,O=c1c(O)c(-c2ccc(-c3ccc(C(F)(F)F)cc3)c(C(F)(F)F)c2)oc2cccc(O)c12
14.9535,26.1383,53.5741,0.6227535,CCc1ccc(-c2ccc(-c3oc4cccc(O)c4c(=O)c3O)cc2-c2cc(F)cc(F)c2)cc1,1,c1(-c2c(O)c(=O)c3c(cccc3O)o2)ccc([*])c([*])c1,c1c(CC)ccc(*)c1|c1(F)cc(*)cc(F)c1,O=c1cc(-c2ccc(-c3ccccc3)c(-c3ccccc3)c2)oc2ccccc12,0.8204951,9.056,0.9954889,11.75,0.9850382,2.5452,0.0692456,-2.2569,18,CCc1ccc(-c2ccc(-c3oc4cccc(O)c4c(=O)c3O)cc2-c2cc(F)cc(F)c2)cc1
7.1345,11.9659,86.6709,0.7706003,O=c1c(O)c(-c2ccc(-c3ccccc3)c(C(F)(F)F)c2)oc2cccc(O)c12,1,c12oc(-c3cc([*])c([*])cc3)c(O)c(=O)c1c(O)ccc2,FC(*)(F)F|c1c(*)cccc1,O=c1cc(-c2ccc(-c3ccccc3)cc2)oc2ccccc12,0.81142,9.014,0.9977981,12.25,0.9902987,2.3929,0.2909075,-0.7739,7,O=c1c(O)c(-c2ccc(-c3ccccc3)c(C(F)(F)F)c2)oc2cccc(O)c12
10.3767,22.3986,60.5646,0.6481495,O=c1c(O)c(-c2ccc(C(F)(F)F)c(-c3cc(C(F)(F)F)ccc3F)c2)oc2cccc(O)c12,1,c1([*])c([*])ccc(-c2oc3c(c(O)ccc3)c(=O)c2O)c1,c1(F)ccc(C(F)(F)F)cc1*|FC(*)(F)F,O=c1cc(-c2cccc(-c3ccccc3)c2)oc2ccccc12,0.7959877,8.946,0.9951539,11.7,0.9752319,2.7238,0.0980697,-1.9273,16,O=c1c(O)c(-c2ccc(C(F)(F)F)c(-c3cc(C(F)(F)F)ccc3F)c2)oc2cccc(O)c12
8.7994,15.07,37.3392,0.4094466,O=c1c(O)c(-c2ccc(NCc3ccccc3)c(-c3ccccc3)c2)oc2cccc(O)c12,1,c1(-c2c(O)c(=O)c3c(cccc3O)o2)ccc([*])c([*])c1,c1cccc(CN*)c1|c1cc(*)ccc1,O=c1cc(-c2ccc(NCc3ccccc3)c(-c3ccccc3)c2)oc2ccccc12,0.7950514,8.942,0.9983479,12.45,0.9920308,2.3239,0.0044896,-4.6917,8,O=c1c(O)c(-c2ccc(NCc3ccccc3)c(-c3ccccc3)c2)oc2cccc(O)c12
11.4534,21.0089,-21.0089,0.0,Cc1ccc(-c2oc3cccc(O)c3c(=O)c2O)cc1-c1cc(C(F)(F)F)ccc1F,1,c1([*])c([*])ccc(-c2oc3c(c(O)ccc3)c(=O)c2O)c1,c1(F)ccc(C(F)(F)F)cc1*|*C,O=c1cc(-c2cccc(-c3ccccc3)c2)oc2ccccc12,0.7743996,8.857,0.995084,11.69,0.9849268,2.5478,0.1971511,-1.2197,16,Cc1ccc(-c2oc3cccc(O)c3c(=O)c2O)cc1-c1cc(C(F)(F)F)ccc1F
12.2052,12.0056,-4.656,0.0574191,Nc1cc(-c2oc3cccc(O)c3c(=O)c2O)ccc1C=Cc1ccccc1,1,[*]c1c([*])cc(-c2c(O)c(=O)c3c(O)cccc3o2)cc1,c1ccc(C=C*)cc1|N*,O=c1cc(-c2ccc(C=Cc3ccccc3)cc2)oc2ccccc12,0.77314,8.852,0.993819,11.53,0.9864138,2.5112,0.0,-17.6574,11,Nc1cc(-c2oc3cccc(O)c3c(=O)c2O)ccc1C=Cc1ccccc1
10.9953,17.9528,75.4842,0.729977,CC(C)(C)c1cc(-c2oc3cccc(O)c3c(=O)c2O)ccc1-c1ccccc1,1,c1(-c2oc3c(c(O)ccc3)c(=O)c2O)ccc([*])c([*])c1,c1cccc(*)c1|CC(C)(*)C,O=c1cc(-c2ccc(-c3ccccc3)cc2)oc2ccccc12,0.7723818,8.849,0.99373,11.52,0.9905177,2.3848,0.229596,-1.0515,6,CC(C)(C)c1cc(-c2oc3cccc(O)c3c(=O)c2O)ccc1-c1ccccc1
8.7296,11.7168,91.377,0.8054204,Cc1ccc(-c2oc3cccc(O)c3c(=O)c2O)cc1-c1ccc(F)cc1,1,c1cc(-c2oc3c(c(O)ccc3)c(=O)c2O)cc([*])c1[*],Fc1ccc(*)cc1|*C,O=c1cc(-c2cccc(-c3ccccc3)c2)oc2ccccc12,0.7716218,8.846,0.9945658,11.62,0.9930767,2.2747,0.4413125,-0.2048,15,Cc1ccc(-c2oc3cccc(O)c3c(=O)c2O)cc1-c1ccc(F)cc1
9.7159,11.9372,46.599,0.4573139,Cc1cc(-c2oc3cccc(O)c3c(=O)c2O)ccc1NCc1ccccc1,1,c1c([*])c([*])cc(-c2oc3c(c(O)ccc3)c(=O)c2O)c1,C(c1ccccc1)N*|*C,O=c1cc(-c2ccc(NCc3ccccc3)cc2)oc2ccccc12,0.7711142,8.844,0.9960347,11.84,0.9934694,2.2542,0.0101164,-3.9811,5,Cc1cc(-c2oc3cccc(O)c3c(=O)c2O)ccc1NCc1ccccc1
8.0874,18.0235,73.7215,0.7167578,Cc1ccc(-c2ccc(-c3oc4cccc(O)c4c(=O)c3O)cc2C(C)C)cc1,1,c1cc(-c2oc3c(c(O)ccc3)c(=O)c2O)cc([*])c1[*],CC(*)C|c1c(C)ccc(*)c1,O=c1cc(-c2ccc(-c3ccccc3)cc2)oc2ccccc12,0.7688202,8.835,0.9980651,12.34,0.9900286,2.4025,0.2034886,-1.1853,15,Cc1ccc(-c2ccc(-c3oc4cccc(O)c4c(=O)c3O)cc2C(C)C)cc1
14.1869,21.3524,-21.3524,0.0,Cc1ccc(-c2ccc(-c3oc4cccc(O)c4c(=O)c3O)cc2-c2cccc(C)c2)cc1,1,Oc1cccc2oc(-c3cc([*])c([*])cc3)c(O)c(=O)c21,c1ccc(C)cc1*|*c1ccc(C)cc1,O=c1cc(-c2ccc(-c3ccccc3)c(-c3ccccc3)c2)oc2ccccc12,0.7662525,8.825,0.9956163,11.77,0.9909865,2.3671,0.0877256,-2.034,19,Cc1ccc(-c2ccc(-c3oc4cccc(O)c4c(=O)c3O)cc2-c2cccc(C)c2)cc1
9.176,21.2287,67.9569,0.696762,Cc1ccc(-c2ccc(-c3oc4cccc(O)c4c(=O)c3O)cc2C(C)(C)C)cc1,1,c1cc(-c2oc3c(c(O)ccc3)c(=O)c2O)cc([*])c1[*],C(*)(C)(C)C|c1cc(C)ccc1*,O=c1cc(-c2ccc(-c3ccccc3)cc2)oc2ccccc12,0.761058,8.805,0.9972296,12.09,0.9891746,2.4313,0.173032,-1.3587,15,Cc1ccc(-c2ccc(-c3oc4cccc(O)c4c(=O)c3O)cc2C(C)(C)C)cc1
13.0133,21.4095,69.4285,0.7096717,CC(C)(C)c1cc(-c2oc3cccc(O)c3c(=O)c2O)ccc1-c1ccc(F)cc1,1,c1(-c2c(O)c(=O)c3c(cccc3O)o2)ccc([*])c([*])c1,Fc1ccc(*)cc1|C(C)(*)(C)C,O=c1cc(-c2ccc(-c3ccccc3)cc2)oc2ccccc12,0.7501634,8.764,0.996709,11.97,0.9886677,2.4474,0.2026016,-1.1901,18,CC(C)(C)c1cc(-c2oc3cccc(O)c3c(=O)c2O)ccc1-c1ccc(F)cc1
8.1708,10.0622,91.163,0.7908214,Cc1ccc(-c2oc3cccc(O)c3c(=O)c2O)cc1-c1ccccc1,1,c1c(-c2c(O)c(=O)c3c(O)cccc3o2)ccc([*])c1[*],*C|c1ccc(*)cc1,O=c1cc(-c2cccc(-c3ccccc3)c2)oc2ccccc12,0.7066771,8.611,0.9928691,11.43,0.9942845,2.2076,0.4809299,-0.0663,2,Cc1ccc(-c2oc3cccc(O)c3c(=O)c2O)cc1-c1ccccc1
18.0123,20.0402,53.4731,0.5743226,COc1cccc(-c2ccc(-c3oc4cccc(O)c4c(=O)c3O)cc2C(F)(F)F)c1,1,[*]c1c([*])cc(-c2c(O)c(=O)c3c(O)cccc3o2)cc1,c1(OC)cc(*)ccc1|C(F)(F)(*)F,O=c1cc(-c2ccc(-c3ccccc3)cc2)oc2ccccc12,0.7018816,8.595,0.9953578,11.73,0.9874218,2.4841,0.0579833,-2.4215,11,COc1cccc(-c2ccc(-c3oc4cccc(O)c4c(=O)c3O)cc2C(F)(F)F)c1
8.7272,15.6466,65.5262,0.6341625,O=c1c(O)c(-c2ccc(-c3cccc(C(F)(F)F)c3)c(C(F)(F)F)c2)oc2cccc(O)c12,1,c1([*])c([*])cc(-c2c(O)c(=O)c3c(cccc3O)o2)cc1,c1ccc(C(F)(F)F)cc1*|FC(F)(*)F,O=c1cc(-c2ccc(-c3ccccc3)cc2)oc2ccccc12,0.6994669,8.587,0.9980087,12.32,0.9818789,2.6129,0.1131121,-1.7887,13,O=c1c(O)c(-c2ccc(-c3cccc(C(F)(F)F)c3)c(C(F)(F)F)c2)oc2cccc(O)c12
13.5359,14.5929,-7.4809,0.0555621,Cc1cc(-c2oc3cccc(O)c3c(=O)c2O)ccc1-c1ccc(C(=O)O)cc1,1,c1(-c2oc3c(c(O)ccc3)c(=O)c2O)ccc([*])c([*])c1,C(c1ccc(*)cc1)(O)=O|*C,O=c1cc(-c2ccc(-c3ccccc3)cc2)oc2ccccc12,0.6994669,8.587,0.9974944,12.16,0.9922292,2.3151,0.0,-28.9074,6,Cc1cc(-c2oc3cccc(O)c3c(=O)c2O)ccc1-c1ccc(C(=O)O)cc1
9.8398,15.4574,65.3229,0.6310959,O=c1c(O)c(-c2ccc(C(F)(F)F)c(-c3cccc(C(F)(F)F)c3)c2)oc2cccc(O)c12,1,c1cc([*])c([*])cc1-c1oc2cccc(O)c2c(=O)c1O,FC(F)(F)*|c1c(C(F)(F)F)cccc1*,O=c1cc(-c2cccc(-c3ccccc3)c2)oc2ccccc12,0.6896984,8.555,0.9986096,12.57,0.9809909,2.6298,0.1131121,-1.7887,10,O=c1c(O)c(-c2ccc(C(F)(F)F)c(-c3cccc(C(F)(F)F)c3)c2)oc2cccc(O)c12
14.6582,20.8809,-6.9575,0.1087761,CC(C)(C)c1cc(-c2oc3cccc(O)c3c(=O)c2O)ccc1-c1ccc(O)cc1,1,c1([*])c([*])ccc(-c2oc3c(c(O)ccc3)c(=O)c2O)c1,CC(C)(*)C|*c1ccc(O)cc1,O=c1cc(-c2ccc(-c3ccccc3)cc2)oc2ccccc12,0.6831938,8.534,0.9948682,11.66,0.9867441,2.5026,9e-07,-12.0521,16,CC(C)(C)c1cc(-c2oc3cccc(O)c3c(=O)c2O)ccc1-c1ccc(O)cc1
10.5667,16.1703,69.0906,0.6661009,Cc1cc(C)cc(-c2ccc(-c3oc4cccc(O)c4c(=O)c3O)cc2C(F)(F)F)c1,1,[*]c1c([*])cc(-c2c(O)c(=O)c3c(O)cccc3o2)cc1,c1(C)cc(*)cc(C)c1|*C(F)(F)F,O=c1cc(-c2ccc(-c3ccccc3)cc2)oc2ccccc12,0.6819463,8.53,0.9930701,11.45,0.9833618,2.5827,0.1682093,-1.3883,11,Cc1cc(C)cc(-c2ccc(-c3oc4cccc(O)c4c(=O)c3O)cc2C(F)(F)F)c1
11.5497,14.11,82.2209,0.7525854,Cc1cccc(-c2ccc(-c3oc4cccc(O)c4c(=O)c3O)cc2C)c1,1,c1(-c2oc3c(c(O)ccc3)c(=O)c2O)ccc([*])c([*])c1,c1c(C)cc(*)cc1|*C,O=c1cc(-c2ccc(-c3ccccc3)cc2)oc2ccccc12,0.6661393,8.48,0.9964644,11.92,0.9923781,2.3083,0.3941232,-0.3735,6,Cc1cccc(-c2ccc(-c3oc4cccc(O)c4c(=O)c3O)cc2C)c1
9.8404,21.2331,65.2111,0.6753454,Cc1ccc(F)c(-c2cc(-c3oc4cccc(O)c4c(=O)c3O)ccc2C(F)(F)F)c1,1,c1cc(-c2oc3c(c(O)ccc3)c(=O)c2O)cc([*])c1[*],c1(F)ccc(C)cc1*|FC(*)(F)F,O=c1cc(-c2cccc(-c3ccccc3)c2)oc2ccccc12,0.6603538,8.462,0.996709,11.97,0.9830343,2.5896,0.1971511,-1.2197,15,Cc1ccc(F)c(-c2cc(-c3oc4cccc(O)c4c(=O)c3O)ccc2C(F)(F)F)c1
11.6837,17.8038,72.2373,0.7034457,O=c1c(O)c(-c2ccc(-c3cccc(F)c3)c(C(F)(F)F)c2)oc2cccc(O)c12,1,c1([*])cc(-c2oc3cccc(O)c3c(=O)c2O)ccc1[*],FC(*)(F)F|c1c(*)cc(F)cc1,O=c1cc(-c2ccc(-c3ccccc3)cc2)oc2ccccc12,0.6574429,8.453,0.998863,12.71,0.986669,2.5046,0.259129,-0.9125,12,O=c1c(O)c(-c2ccc(-c3cccc(F)c3)c(C(F)(F)F)c2)oc2cccc(O)c12
11.682,16.3587,73.4346,0.7015101,O=c1c(O)c(-c2ccc(C(F)(F)F)c(-c3cccc(F)c3)c2)oc2cccc(O)c12,1,o1c(-c2ccc([*])c([*])c2)c(O)c(=O)c2c(O)cccc12,FC(F)(F)*|c1(F)cccc(*)c1,O=c1cc(-c2cccc(-c3ccccc3)c2)oc2ccccc12,0.653869,8.442,0.996756,11.98,0.9859556,2.5229,0.259129,-0.9125,9,O=c1c(O)c(-c2ccc(C(F)(F)F)c(-c3cccc(F)c3)c2)oc2cccc(O)c12
8.8474,22.7786,-22.7786,0.0,Cc1cc(F)cc(-c2cc(-c3oc4cccc(O)c4c(=O)c3O)ccc2C(F)(F)F)c1,1,Oc1cccc2oc(-c3cc([*])c([*])cc3)c(O)c(=O)c21,Fc1cc(C)cc(*)c1|FC(F)(*)F,O=c1cc(-c2cccc(-c3ccccc3)c2)oc2ccccc12,0.6499501,8.43,0.9985483,12.54,0.9794714,2.6571,0.1971511,-1.2197,19,Cc1cc(F)cc(-c2cc(-c3oc4cccc(O)c4c(=O)c3O)ccc2C(F)(F)F)c1
11.0839,18.2256,69.372,0.684356,O=c1c(O)c(-c2ccc(C(F)(F)F)c(-c3cc(F)cc(F)c3)c2)oc2cccc(O)c12,1,o1c2cccc(O)c2c(=O)c(O)c1-c1cc([*])c([*])cc1,Fc1cc(*)cc(F)c1|C(*)(F)(F)F,O=c1cc(-c2cccc(-c3ccccc3)c2)oc2ccccc12,0.6423824,8.407,0.9980927,12.35,0.9798073,2.6512,0.2296975,-1.051,14,O=c1c(O)c(-c2ccc(C(F)(F)F)c(-c3cc(F)cc(F)c3)c2)oc2cccc(O)c12
7.1361,11.8558,82.1978,0.7347943,Cc1ccc(-c2ccc(-c3oc4cccc(O)c4c(=O)c3O)cc2C)cc1,1,o1c(-c2ccc([*])c([*])c2)c(O)c(=O)c2c(O)cccc12,c1c(C)ccc(*)c1|*C,O=c1cc(-c2ccc(-c3ccccc3)cc2)oc2ccccc12,0.6202803,8.341,0.999001,12.8,0.9933771,2.2591,0.3941232,-0.3735,9,Cc1ccc(-c2ccc(-c3oc4cccc(O)c4c(=O)c3O)cc2C)cc1
13.5811,13.4148,79.3186,0.7244797,CC(C)(C)c1ccc(-c2oc3cccc(O)c3c(=O)c2O)cc1C(F)(F)F,1,c1([*])ccc(-c2oc3cccc(O)c3c(=O)c2O)cc1[*],CC(C)(*)C|C(*)(F)(F)F,O=c1cc(-c2ccccc2)oc2ccccc12,0.6069747,8.302,0.995553,11.76,0.9806814,2.6356,0.3852701,-0.4058,4,CC(C)(C)c1ccc(-c2oc3cccc(O)c3c(=O)c2O)cc1C(F)(F)F
7.8953,9.2561,-2.5101,0.0527033,Nc1ccc(-c2oc3cccc(O)c3c(=O)c2O)cc1-c1ccccc1,1,c1(-c2c(O)c(=O)c3c(cccc3O)o2)ccc([*])c([*])c1,*N|c1ccccc1*,O=c1cc(-c2cccc(-c3ccccc3)c2)oc2ccccc12,0.6042247,8.294,0.9928691,11.43,0.9924542,2.3048,0.0,-17.6209,8,Nc1ccc(-c2oc3cccc(O)c3c(=O)c2O)cc1-c1ccccc1
7.2567,7.3675,92.8365,0.7828433,Cc1cc(-c2oc3cccc(O)c3c(=O)c2O)ccc1C(F)(F)F,1,c1([*])ccc(-c2oc3cccc(O)c3c(=O)c2O)cc1[*],*C(F)(F)F|*C,O=c1cc(-c2ccccc2)oc2ccccc12,0.6011233,8.285,0.9926624,11.41,0.9869253,2.4977,0.6608396,0.5794,4,Cc1cc(-c2oc3cccc(O)c3c(=O)c2O)ccc1C(F)(F)F
8.2116,10.2446,84.381,0.7392619,Cc1cc(-c2oc3cccc(O)c3c(=O)c2O)ccc1-c1ccccc1,1,c1([*])ccc(-c2oc3cccc(O)c3c(=O)c2O)cc1[*],c1ccccc1*|*C,O=c1cc(-c2ccc(-c3ccccc3)cc2)oc2ccccc12,0.5798997,8.224,0.9979507,12.3,0.9942502,2.2097,0.4809299,-0.0663,4,Cc1cc(-c2oc3cccc(O)c3c(=O)c2O)ccc1-c1ccccc1
7.7338,15.5673,70.6632,0.673676,CC(C)c1cc(-c2oc3cccc(O)c3c(=O)c2O)ccc1-c1ccccc1,1,c1(-c2c(O)c(=O)c3c(cccc3O)o2)ccc([*])c([*])c1,c1c(*)cccc1|CC(*)C,O=c1cc(-c2ccc(-c3ccccc3)cc2)oc2ccccc12,0.5753356,8.211,0.9942457,11.58,0.9912694,2.3559,0.2667968,-0.8781,8,CC(C)c1cc(-c2oc3cccc(O)c3c(=O)c2O)ccc1-c1ccccc1
9.3594,16.0307,65.0756,0.633643,Cc1ccc(-c2ccc(-c3oc4cccc(O)c4c(=O)c3O)cc2C(F)(F)F)cc1,1,o1c(-c2ccc([*])c([*])c2)c(O)c(=O)c2c(O)cccc12,c1c(C)ccc(*)c1|FC(F)(F)*,O=c1cc(-c2ccc(-c3ccccc3)cc2)oc2ccccc12,0.5186998,8.052,0.9994844,13.26,0.9889311,2.4392,0.2236231,-1.0811,9,Cc1ccc(-c2ccc(-c3oc4cccc(O)c4c(=O)c3O)cc2C(F)(F)F)cc1
10.1443,19.7559,57.3084,0.602065,Cc1cc(C)cc(-c2cc(-c3oc4cccc(O)c4c(=O)c3O)ccc2C(F)(F)F)c1,1,o1c2cccc(O)c2c(=O)c(O)c1-c1cc([*])c([*])cc1,c1(C)cc(C)cc(*)c1|FC(F)(F)*,O=c1cc(-c2cccc(-c3ccccc3)c2)oc2ccccc12,0.5086339,8.024,0.9978605,12.27,0.982496,2.6006,0.1682093,-1.3883,14,Cc1cc(C)cc(-c2cc(-c3oc4cccc(O)c4c(=O)c3O)ccc2C(F)(F)F)c1
9.4172,9.3637,-3.0145,0.0496033,Nc1cc(-c2oc3cccc(O)c3c(=O)c2O)ccc1-c1ccccc1,1,c1c([*])c([*])cc(-c2oc3c(c(O)ccc3)c(=O)c2O)c1,c1ccccc1*|N*,O=c1cc(-c2ccc(-c3ccccc3)cc2)oc2ccccc12,0.5057561,8.016,0.9976,12.19,0.9922955,2.3121,0.0,-17.6209,5,Nc1cc(-c2oc3cccc(O)c3c(=O)c2O)ccc1-c1ccccc1
15.1575,17.5031,25.1547,0.3332637,O=c1c(O)c(-c2ccc(-c3cccnc3)c(C(F)(F)F)c2)oc2cccc(O)c12,1,c1(-c2oc3c(c(O)ccc3)c(=O)c2O)ccc([*])c([*])c1,c1c(*)cccn1|C(F)(*)(F)F,O=c1cc(-c2ccc(-c3cccnc3)cc2)oc2ccccc12,0.4769904,7.936,0.9934552,11.49,0.9846212,2.5549,0.0038205,-4.8324,6,O=c1c(O)c(-c2ccc(-c3cccnc3)c(C(F)(F)F)c2)oc2cccc(O)c12
