Agent,Prior,Target,Score,SMILES,SMILES_state,Input_Scaffold,R-groups,Scaffold,TTBK1_dock,TTBK1_dock (raw),MAOB_dock,MAOB_dock (raw),SA_score,SA_score (raw),step
36.5636,37.8063,-37.7982,0.0000629,CC1=C2CC(c3ccc(-c4oc5cc(O)cc(O)c5c(=O)c4O)cc3C)C(C3C(=O)c4cc(O)cc(O)c4C3=O)C(C)C2=CCC1,1,[*]c1c([*])cc(-c2oc3cc(O)cc(O)c3c(=O)c2O)cc1,C1C2=C(C)CCC=C2C(C)C(C2C(=O)c3c(c(O)cc(O)c3)C2=O)C1*|C*,O=C1c2ccccc2C(=O)C1C1CC2=CCCC=C2CC1c1ccc(-c2cc(=O)c3ccccc3o2)cc1,0.0000100,0.0000,0.0000100,0.0000,0.0982271,4.7703,1
17.2118,16.5256,52.9742,0.5429667,C=CC(C)=CCNc1ccc(-c2oc3cc(O)cc(O)c3c(=O)c2O)cc1C,1,[*]c1c([*])cc(-c2oc3cc(O)cc(O)c3c(=O)c2O)cc1,N(CC=C(C=C)C)*|C*,O=c1cc(-c2ccccc2)oc2ccccc12,0.2301582,7.1610,0.9677691,10.3640,0.9511951,2.9682,1
4.8015,3.7840,82.2557,0.6721856,Cc1ccc(-c2oc3cc(O)cc(O)c3c(=O)c2O)cc1N,1,[*]c1c([*])cc(-c2oc3cc(O)cc(O)c3c(=O)c2O)cc1,*C|N*,O=c1cc(-c2ccccc2)oc2ccccc12,0.4075337,7.7400,0.9155353,9.6560,0.9857547,2.5279,1
5.0163,4.9586,65.3818,0.5495346,Cc1cc(-c2oc3cc(O)cc(O)c3c(=O)c2O)ccc1N,1,[*]c1c([*])cc(-c2oc3cc(O)cc(O)c3c(=O)c2O)cc1,*N|*C,O=c1cc(-c2ccccc2)oc2ccccc12,0.2434194,7.2120,0.9262160,9.7580,0.9859170,2.5239,1
8.0715,8.2167,50.6364,0.4597898,CCNc1cc(-c2oc3cc(O)cc(O)c3c(=O)c2O)ccc1C,1,[*]c1c([*])cc(-c2oc3cc(O)cc(O)c3c(=O)c2O)cc1,*C|CCN*,O=c1cc(-c2ccccc2)oc2ccccc12,0.1633656,6.8650,0.8836764,9.4090,0.9860268,2.5211,1
4.8142,5.6267,72.9460,0.6138494,Nc1ccc(-c2oc3cc(O)cc(O)c3c(=O)c2O)cc1N,1,[*]c1c([*])cc(-c2oc3cc(O)cc(O)c3c(=O)c2O)cc1,*N|*N,O=c1cc(-c2ccccc2)oc2ccccc12,0.3386784,7.5350,0.8802304,9.3860,0.9807119,2.6350,1
2.8656,2.1773,75.7824,0.6090601,Cc1ccc(-c2oc3cc(O)cc(O)c3c(=O)c2O)cc1C,1,[*]c1c([*])cc(-c2oc3cc(O)cc(O)c3c(=O)c2O)cc1,*C|C*,O=c1cc(-c2ccccc2)oc2ccccc12,0.3026550,7.4200,0.9610725,10.2280,0.9905877,2.3822,1
22.2312,20.8096,-19.9832,0.0064558,Cc1cc(-c2oc3cc(O)cc(O)c3c(=O)c2O)ccc1C1=C(C(=O)O)C(O)C(O)C(O)C1,1,[*]c1c([*])cc(-c2oc3cc(O)cc(O)c3c(=O)c2O)cc1,C1C(O)C(O)C(O)C(C(O)=O)=C1*|*C,O=c1cc(-c2ccc(C3=CCCCC3)cc2)oc2ccccc12,0.4716080,7.9210,0.0000100,0.0000,0.5042017,3.9942,1
3.4969,2.2496,-2.2496,0.0000000,Cc1ccc(-c2oc3cc(O)cc(O)c3c(=O)c2O)cc1C,2,[*]c1c([*])cc(-c2oc3cc(O)cc(O)c3c(=O)c2O)cc1,C*|C*,O=c1cc(-c2ccccc2)oc2ccccc12,0.0000000,7.4200,0.0000000,10.2280,0.0000000,2.3822,1
4.4019,4.8037,-4.8037,0.0000000,Cc1cc(-c2oc3cc(O)cc(O)c3c(=O)c2O)ccc1N,2,[*]c1c([*])cc(-c2oc3cc(O)cc(O)c3c(=O)c2O)cc1,N*|*C,O=c1cc(-c2ccccc2)oc2ccccc12,0.0000000,7.2120,0.0000000,9.7580,0.0000000,2.5239,1
5.4878,5.4838,-5.4838,0.0000000,Nc1ccc(-c2oc3cc(O)cc(O)c3c(=O)c2O)cc1N,2,[*]c1c([*])cc(-c2oc3cc(O)cc(O)c3c(=O)c2O)cc1,N*|*N,O=c1cc(-c2ccccc2)oc2ccccc12,0.0000000,7.5350,0.0000000,9.3860,0.0000000,2.6350,1
17.0408,16.5880,68.4527,0.6643807,CC1=CCCC(Cc2ccc(-c3oc4cc(O)cc(O)c4c(=O)c3O)cc2C)=C1C,1,[*]c1c([*])cc(-c2oc3cc(O)cc(O)c3c(=O)c2O)cc1,C1CC=C(C)C(C)=C1C*|C*,O=c1cc(-c2ccc(CC3=CC=CCC3)cc2)oc2ccccc12,0.5097129,8.0270,0.7296779,8.6900,0.9357749,3.0692,1
2.3034,2.1498,-2.1498,0.0000000,Cc1ccc(-c2oc3cc(O)cc(O)c3c(=O)c2O)cc1C,2,[*]c1c([*])cc(-c2oc3cc(O)cc(O)c3c(=O)c2O)cc1,*C|*C,O=c1cc(-c2ccccc2)oc2ccccc12,0.0000000,7.4200,0.0000000,10.2280,0.0000000,2.3822,1
2.4921,2.1498,-2.1498,0.0000000,Cc1ccc(-c2oc3cc(O)cc(O)c3c(=O)c2O)cc1C,2,[*]c1c([*])cc(-c2oc3cc(O)cc(O)c3c(=O)c2O)cc1,*C|*C,O=c1cc(-c2ccccc2)oc2ccccc12,0.0000000,7.4200,0.0000000,10.2280,0.0000000,2.3822,1
13.7497,12.8646,65.4618,0.6119249,CC(C)=CCCC(C)=CCc1ccc(-c2oc3cc(O)cc(O)c3c(=O)c2O)cc1C,1,[*]c1c([*])cc(-c2oc3cc(O)cc(O)c3c(=O)c2O)cc1,C(C)(C)=CCCC(=CC*)C|C*,O=c1cc(-c2ccccc2)oc2ccccc12,0.3211831,7.4800,0.9337080,9.8380,0.9540330,2.9463,1
2.1530,2.1498,-2.1498,0.0000000,Cc1ccc(-c2oc3cc(O)cc(O)c3c(=O)c2O)cc1C,2,[*]c1c([*])cc(-c2oc3cc(O)cc(O)c3c(=O)c2O)cc1,*C|*C,O=c1cc(-c2ccccc2)oc2ccccc12,0.0000000,7.4200,0.0000000,10.2280,0.0000000,2.3822,1
5.9712,5.6267,-5.6267,0.0000000,Nc1ccc(-c2oc3cc(O)cc(O)c3c(=O)c2O)cc1N,2,[*]c1c([*])cc(-c2oc3cc(O)cc(O)c3c(=O)c2O)cc1,*N|*N,O=c1cc(-c2ccccc2)oc2ccccc12,0.0000000,7.5350,0.0000000,9.3860,0.0000000,2.6350,1
5.2781,4.9586,-4.9586,0.0000000,Cc1cc(-c2oc3cc(O)cc(O)c3c(=O)c2O)ccc1N,2,[*]c1c([*])cc(-c2oc3cc(O)cc(O)c3c(=O)c2O)cc1,*N|*C,O=c1cc(-c2ccccc2)oc2ccccc12,0.0000000,7.2120,0.0000000,9.7580,0.0000000,2.5239,1
30.5574,26.1147,-26.1036,0.0000873,CC1=NC(C)C(C=Cc2cc(C)c(-c3ccc(-c4oc5cc(O)cc(O)c5c(=O)c4O)cc3C)c(O)c2)=NN1,1,[*]c1c([*])cc(-c2oc3cc(O)cc(O)c3c(=O)c2O)cc1,C1(C)=NC(C)C(C=Cc2cc(C)c(*)c(O)c2)=NN1|*C,O=c1cc(-c2ccc(-c3ccc(C=CC4=NNC=NC4)cc3)cc2)oc2ccccc12,0.0000100,0.0000,0.0000100,0.0000,0.5068673,3.9905,1
1.9931,2.1773,-2.1773,0.0000000,Cc1ccc(-c2oc3cc(O)cc(O)c3c(=O)c2O)cc1C,2,[*]c1c([*])cc(-c2oc3cc(O)cc(O)c3c(=O)c2O)cc1,*C|C*,O=c1cc(-c2ccccc2)oc2ccccc12,0.0000000,7.4200,0.0000000,10.2280,0.0000000,2.3822,1
44.2711,43.7363,-43.7363,0.0000000,*CC(C)C|C(=NCCCC(NC(=O)C(N)C*)C(=O)NC(CO)C(=O)O)(=O)N[N+](=O)[O-],0,[*]c1c([*])cc(-c2oc3cc(O)cc(O)c3c(=O)c2O)cc1,*CC(C)C|C(=NCCCC(NC(=O)C(N)C*)C(=O)NC(CO)C(=O)O)(=O)N[N+](=O)[O-],,0.0000000,0.0000,0.0000000,0.0000,0.0000000,0.0000,1
9.6474,10.7602,56.7393,0.5273400,CC(C)c1cc(-c2oc3cc(O)cc(O)c3c(=O)c2O)ccc1N,1,[*]c1c([*])cc(-c2oc3cc(O)cc(O)c3c(=O)c2O)cc1,*N|C(C)(*)C,O=c1cc(-c2ccccc2)oc2ccccc12,0.2108734,7.0830,0.9672717,10.3530,0.9801965,2.6443,1
3.0651,2.1498,-2.1498,0.0000000,Cc1ccc(-c2oc3cc(O)cc(O)c3c(=O)c2O)cc1C,2,[*]c1c([*])cc(-c2oc3cc(O)cc(O)c3c(=O)c2O)cc1,*C|*C,O=c1cc(-c2ccccc2)oc2ccccc12,0.0000000,7.4200,0.0000000,10.2280,0.0000000,2.3822,1
31.1079,27.2565,-27.2440,0.0000975,CC(C)=CCc1ccc(-c2oc3cc(O)cc(O)c3c(=O)c2O)cc1Nc1ccc(C2=NC(=O)c3cc(O)c(O)cc32)cc1,1,[*]c1c([*])cc(-c2oc3cc(O)cc(O)c3c(=O)c2O)cc1,C(*)C=C(C)C|N1=C(c2ccc(N*)cc2)c2c(cc(O)c(O)c2)C1=O,O=C1N=C(c2ccc(Nc3cccc(-c4cc(=O)c5ccccc5o4)c3)cc2)c2ccccc21,0.0000100,0.0000,0.0000100,0.0000,0.8790346,3.3109,1
24.9774,22.3671,41.7481,0.5008994,COc1cc(Cc2cc(-c3oc4cc(O)cc(O)c4c(=O)c3O)ccc2N)ccc1N,1,[*]c1c([*])cc(-c2oc3cc(O)cc(O)c3c(=O)c2O)cc1,N*|O(C)c1cc(C*)ccc1N,O=c1cc(-c2cccc(Cc3ccccc3)c2)oc2ccccc12,0.4780676,7.9390,0.3759982,7.6480,0.9758940,2.7142,1
2.1033,2.2496,-2.2496,0.0000000,Cc1ccc(-c2oc3cc(O)cc(O)c3c(=O)c2O)cc1C,2,[*]c1c([*])cc(-c2oc3cc(O)cc(O)c3c(=O)c2O)cc1,C*|C*,O=c1cc(-c2ccccc2)oc2ccccc12,0.0000000,7.4200,0.0000000,10.2280,0.0000000,2.3822,1
2.4287,2.1498,-2.1498,0.0000000,Cc1ccc(-c2oc3cc(O)cc(O)c3c(=O)c2O)cc1C,2,[*]c1c([*])cc(-c2oc3cc(O)cc(O)c3c(=O)c2O)cc1,*C|*C,O=c1cc(-c2ccccc2)oc2ccccc12,0.0000000,7.4200,0.0000000,10.2280,0.0000000,2.3822,1
57.7981,54.3200,-54.3094,0.0000821,CC1=NC2=Nc3c(oc(C)cc3=O)C=CN2C(N)=C(C=NNc2ccc(-c3oc4cc(O)cc(O)c4c(=O)c3O)cc2N)C1=N,1,[*]c1c([*])cc(-c2oc3cc(O)cc(O)c3c(=O)c2O)cc1,n1c2n(c(N)c(C=NN*)c(=N)c1C)C=Cc1c(c(=O)cc(C)o1)N=2|N*,N=C1C=NC2=Nc3c(occc3=O)C=CN2C=C1C=NNc1ccc(-c2cc(=O)c3ccccc3o2)cc1,0.0000100,0.0000,0.0000100,0.0000,0.3740427,4.1789,1
2.0251,2.1498,-2.1498,0.0000000,Cc1ccc(-c2oc3cc(O)cc(O)c3c(=O)c2O)cc1C,2,[*]c1c([*])cc(-c2oc3cc(O)cc(O)c3c(=O)c2O)cc1,*C|*C,O=c1cc(-c2ccccc2)oc2ccccc12,0.0000000,7.4200,0.0000000,10.2280,0.0000000,2.3822,1
21.4001,20.4931,-20.4806,0.0000982,Nc1ccc(-c2oc3cc(O)cc(O)c3c(=O)c2O)cc1Cc1cc(C(=O)C=Cc2ccc(O)c(O)c2)c(O)cc1O,1,[*]c1c([*])cc(-c2oc3cc(O)cc(O)c3c(=O)c2O)cc1,*N|c1c(O)c(C*)cc(C(=O)C=Cc2ccc(O)c(O)c2)c1O,O=C(C=Cc1ccccc1)c1cccc(Cc2cccc(-c3cc(=O)c4ccccc4o3)c2)c1,0.0000100,0.0000,0.0000100,0.0000,0.9119540,3.1878,1
20.9156,20.2066,0.3427,0.1605413,Cc1cc(C=Cc2ccc(-c3oc4cc(O)cc(O)c4c(=O)c3O)cc2N)cc(CO)c1O,1,[*]c1c([*])cc(-c2oc3cc(O)cc(O)c3c(=O)c2O)cc1,c1c(C)c(O)c(CO)cc1C=C*|*N,O=c1cc(-c2ccc(C=Cc3ccccc3)cc2)oc2ccccc12,0.5494868,8.1380,0.0193154,5.2710,0.9466959,3.0004,1
9.0245,7.2239,80.6894,0.6868228,CC(C)=CCc1ccc(-c2oc3cc(O)cc(O)c3c(=O)c2O)cc1N,1,[*]c1c([*])cc(-c2oc3cc(O)cc(O)c3c(=O)c2O)cc1,C(*)C=C(C)C|*N,O=c1cc(-c2ccccc2)oc2ccccc12,0.4183483,7.7710,0.9501362,10.0480,0.9673325,2.8228,1
4.1337,4.5977,-4.5977,0.0000000,Nc1ccc(-c2oc3cc(O)cc(O)c3c(=O)c2O)cc1N,1,O=c1c(O)c(-c2ccc([*])c([*])c2)oc2cc(O)cc(O)c12,*N|*N,O=c1cc(-c2ccccc2)oc2ccccc12,0.3386784,7.5350,0.8802304,9.3860,0.9807119,2.6350,2
2.8943,3.7841,-3.7841,0.0000000,Cc1cc(-c2oc3cc(O)cc(O)c3c(=O)c2O)ccc1N,1,O=c1c(O)c(-c2ccc([*])c([*])c2)oc2cc(O)cc(O)c12,*N|C*,O=c1cc(-c2ccccc2)oc2ccccc12,0.2434194,7.2120,0.9262160,9.7580,0.9859170,2.5239,2
1.9341,1.7426,-1.7426,0.0000000,Cc1ccc(-c2oc3cc(O)cc(O)c3c(=O)c2O)cc1C,1,O=c1c(O)c(-c2ccc([*])c([*])c2)oc2cc(O)cc(O)c12,*C|C*,O=c1cc(-c2ccccc2)oc2ccccc12,0.3026550,7.4200,0.9610725,10.2280,0.9905877,2.3822,2
12.8732,14.3022,61.8772,0.5951515,Nc1cc(-c2oc3cc(O)cc(O)c3c(=O)c2O)ccc1CC=NO,1,O=c1c(O)c(-c2ccc([*])c([*])c2)oc2cc(O)cc(O)c12,C(=NO)C*|*N,O=c1cc(-c2ccccc2)oc2ccccc12,0.3249598,7.4920,0.8675519,9.3060,0.9394796,3.0472,2
4.5876,5.7228,-5.7228,0.0000000,Nc1ccc(-c2oc3cc(O)cc(O)c3c(=O)c2O)cc1N,2,O=c1c(O)c(-c2ccc([*])c([*])c2)oc2cc(O)cc(O)c12,N*|N*,O=c1cc(-c2ccccc2)oc2ccccc12,0.0000000,7.5350,0.0000000,9.3860,0.0000000,2.6350,2
2.7473,4.9336,-4.9336,0.0000000,Nc1ccc(-c2oc3cc(O)cc(O)c3c(=O)c2O)cc1N,2,O=c1c(O)c(-c2ccc([*])c([*])c2)oc2cc(O)cc(O)c12,N*|*N,O=c1cc(-c2ccccc2)oc2ccccc12,0.0000000,7.5350,0.0000000,9.3860,0.0000000,2.6350,2
3.6993,4.3167,-4.3167,0.0000000,Cc1cc(-c2oc3cc(O)cc(O)c3c(=O)c2O)ccc1N,2,O=c1c(O)c(-c2ccc([*])c([*])c2)oc2cc(O)cc(O)c12,*N|*C,O=c1cc(-c2ccccc2)oc2ccccc12,0.0000000,7.2120,0.0000000,9.7580,0.0000000,2.5239,2
15.8478,14.9361,92.5317,0.8395917,Cc1ccc(-c2oc3cc(O)cc(O)c3c(=O)c2O)cc1Nc1c(C)cccc1C,1,O=c1c(O)c(-c2ccc([*])c([*])c2)oc2cc(O)cc(O)c12,*C|c1c(C)c(N*)c(C)cc1,O=c1cc(-c2cccc(Nc3ccccc3)c2)oc2ccccc12,0.6744084,8.5060,0.9646712,10.2980,0.9856804,2.5298,2
2.6579,4.1369,-4.1369,0.0000000,Cc1cc(-c2oc3cc(O)cc(O)c3c(=O)c2O)ccc1N,2,O=c1c(O)c(-c2ccc([*])c([*])c2)oc2cc(O)cc(O)c12,N*|C*,O=c1cc(-c2ccccc2)oc2ccccc12,0.0000000,7.2120,0.0000000,9.7580,0.0000000,2.5239,2
2.2397,1.7426,-1.7426,0.0000000,Cc1ccc(-c2oc3cc(O)cc(O)c3c(=O)c2O)cc1C,2,O=c1c(O)c(-c2ccc([*])c([*])c2)oc2cc(O)cc(O)c12,*C|C*,O=c1cc(-c2ccccc2)oc2ccccc12,0.0000000,7.4200,0.0000000,10.2280,0.0000000,2.3822,2
13.0775,13.2812,49.3627,0.4894058,Nc1ccc(-c2oc3cc(O)cc(O)c3c(=O)c2O)cc1C=Cc1cc(O)cc(O)c1,1,O=c1c(O)c(-c2ccc([*])c([*])c2)oc2cc(O)cc(O)c12,N*|c1c(C=C*)cc(O)cc1O,O=c1cc(-c2cccc(C=Cc3ccccc3)c2)oc2ccccc12,0.5809513,8.2270,0.2948167,7.3940,0.9571102,2.9211,2
3.2139,4.0192,-4.0192,0.0000000,Cc1ccc(-c2oc3cc(O)cc(O)c3c(=O)c2O)cc1N,1,O=c1c(O)c(-c2ccc([*])c([*])c2)oc2cc(O)cc(O)c12,*C|*N,O=c1cc(-c2ccccc2)oc2ccccc12,0.4075337,7.7400,0.9155353,9.6560,0.9857547,2.5279,2
15.3712,16.6895,-15.6626,0.0080222,Nc1ccc(-c2oc3cc(O)cc(O)c3c(=O)c2O)cc1C=Cc1c(O)cc(C(=O)O)cc1O,1,O=c1c(O)c(-c2ccc([*])c([*])c2)oc2cc(O)cc(O)c12,*N|c1(C=C*)c(O)cc(C(=O)O)cc1O,O=c1cc(-c2cccc(C=Cc3ccccc3)c2)oc2ccccc12,0.5952429,8.2680,0.0000100,0.0000,0.9377655,3.0575,2
3.1759,1.7847,-1.7847,0.0000000,Cc1ccc(-c2oc3cc(O)cc(O)c3c(=O)c2O)cc1C,2,O=c1c(O)c(-c2ccc([*])c([*])c2)oc2cc(O)cc(O)c12,*C|*C,O=c1cc(-c2ccccc2)oc2ccccc12,0.0000000,7.4200,0.0000000,10.2280,0.0000000,2.3822,2
2.9153,3.7841,-3.7841,0.0000000,Cc1cc(-c2oc3cc(O)cc(O)c3c(=O)c2O)ccc1N,2,O=c1c(O)c(-c2ccc([*])c([*])c2)oc2cc(O)cc(O)c12,*N|C*,O=c1cc(-c2ccccc2)oc2ccccc12,0.0000000,7.2120,0.0000000,9.7580,0.0000000,2.5239,2
2.2803,1.7426,-1.7426,0.0000000,Cc1ccc(-c2oc3cc(O)cc(O)c3c(=O)c2O)cc1C,2,O=c1c(O)c(-c2ccc([*])c([*])c2)oc2cc(O)cc(O)c12,*C|C*,O=c1cc(-c2ccccc2)oc2ccccc12,0.0000000,7.4200,0.0000000,10.2280,0.0000000,2.3822,2
10.0566,9.7034,52.0494,0.4824441,CCNc1cc(-c2oc3cc(O)cc(O)c3c(=O)c2O)ccc1N,1,O=c1c(O)c(-c2ccc([*])c([*])c2)oc2cc(O)cc(O)c12,N*|*NCC,O=c1cc(-c2ccccc2)oc2ccccc12,0.1857340,6.9730,0.8787050,9.3760,0.9812195,2.6256,2
3.1305,4.0192,-4.0192,0.0000000,Cc1ccc(-c2oc3cc(O)cc(O)c3c(=O)c2O)cc1N,2,O=c1c(O)c(-c2ccc([*])c([*])c2)oc2cc(O)cc(O)c12,*C|*N,O=c1cc(-c2ccccc2)oc2ccccc12,0.0000000,7.7400,0.0000000,9.6560,0.0000000,2.5279,2
11.9713,11.1765,79.5452,0.7087635,Cc1cc(-c2oc3cc(O)cc(O)c3c(=O)c2O)ccc1C(F)(F)F,1,O=c1c(O)c(-c2ccc([*])c([*])c2)oc2cc(O)cc(O)c12,C(F)(F)(*)F|*C,O=c1cc(-c2ccccc2)oc2ccccc12,0.4338313,7.8150,0.9841309,10.8680,0.9812043,2.6258,2
3.2248,3.7841,-3.7841,0.0000000,Cc1cc(-c2oc3cc(O)cc(O)c3c(=O)c2O)ccc1N,2,O=c1c(O)c(-c2ccc([*])c([*])c2)oc2cc(O)cc(O)c12,*N|C*,O=c1cc(-c2ccccc2)oc2ccccc12,0.0000000,7.2120,0.0000000,9.7580,0.0000000,2.5239,2
2.1911,1.7426,-1.7426,0.0000000,Cc1ccc(-c2oc3cc(O)cc(O)c3c(=O)c2O)cc1C,2,O=c1c(O)c(-c2ccc([*])c([*])c2)oc2cc(O)cc(O)c12,*C|C*,O=c1cc(-c2ccccc2)oc2ccccc12,0.0000000,7.4200,0.0000000,10.2280,0.0000000,2.3822,2
3.8208,4.1247,-4.1247,0.0000000,Cc1ccc(-c2oc3cc(O)cc(O)c3c(=O)c2O)cc1N,2,O=c1c(O)c(-c2ccc([*])c([*])c2)oc2cc(O)cc(O)c12,C*|*N,O=c1cc(-c2ccccc2)oc2ccccc12,0.0000000,7.7400,0.0000000,9.6560,0.0000000,2.5279,2
13.1304,14.9888,68.2105,0.6499946,Nc1ccc(-c2oc3cc(O)cc(O)c3c(=O)c2O)cc1-c1ccc(C(=O)O)cc1,1,O=c1c(O)c(-c2ccc([*])c([*])c2)oc2cc(O)cc(O)c12,N*|C(=O)(c1ccc(*)cc1)O,O=c1cc(-c2cccc(-c3ccccc3)c2)oc2ccccc12,0.5064755,8.0180,0.6772462,8.5150,0.9861405,2.5182,2
3.5114,4.1247,-4.1247,0.0000000,Cc1ccc(-c2oc3cc(O)cc(O)c3c(=O)c2O)cc1N,2,O=c1c(O)c(-c2ccc([*])c([*])c2)oc2cc(O)cc(O)c12,C*|*N,O=c1cc(-c2ccccc2)oc2ccccc12,0.0000000,7.7400,0.0000000,9.6560,0.0000000,2.5279,2
2.5219,1.6730,-1.6730,0.0000000,Cc1ccc(-c2oc3cc(O)cc(O)c3c(=O)c2O)cc1C,2,O=c1c(O)c(-c2ccc([*])c([*])c2)oc2cc(O)cc(O)c12,C*|C*,O=c1cc(-c2ccccc2)oc2ccccc12,0.0000000,7.4200,0.0000000,10.2280,0.0000000,2.3822,2
11.8633,13.1663,-13.1663,0.0000000,Nc1ccc(-c2oc3cc(O)cc(O)c3c(=O)c2O)cc1C=Cc1cc(O)cc(O)c1,2,O=c1c(O)c(-c2ccc([*])c([*])c2)oc2cc(O)cc(O)c12,*N|C(=Cc1cc(O)cc(O)c1)*,O=c1cc(-c2cccc(C=Cc3ccccc3)c2)oc2ccccc12,0.0000000,8.2270,0.0000000,7.3940,0.0000000,2.9211,2
3.5883,4.5977,-4.5977,0.0000000,Nc1ccc(-c2oc3cc(O)cc(O)c3c(=O)c2O)cc1N,2,O=c1c(O)c(-c2ccc([*])c([*])c2)oc2cc(O)cc(O)c12,*N|*N,O=c1cc(-c2ccccc2)oc2ccccc12,0.0000000,7.5350,0.0000000,9.3860,0.0000000,2.6350,2
2.9829,1.6730,-1.6730,0.0000000,Cc1ccc(-c2oc3cc(O)cc(O)c3c(=O)c2O)cc1C,2,O=c1c(O)c(-c2ccc([*])c([*])c2)oc2cc(O)cc(O)c12,C*|C*,O=c1cc(-c2ccccc2)oc2ccccc12,0.0000000,7.4200,0.0000000,10.2280,0.0000000,2.3822,2
3.2658,3.7841,-3.7841,0.0000000,Cc1cc(-c2oc3cc(O)cc(O)c3c(=O)c2O)ccc1N,2,O=c1c(O)c(-c2ccc([*])c([*])c2)oc2cc(O)cc(O)c12,*N|C*,O=c1cc(-c2ccccc2)oc2ccccc12,0.0000000,7.2120,0.0000000,9.7580,0.0000000,2.5239,2
7.3565,8.4144,74.3270,0.6464173,CC(C)=CCc1ccc(-c2oc3cc(O)cc(O)c3c(=O)c2O)cc1C,1,O=c1c(O)c(-c2ccc([*])c([*])c2)oc2cc(O)cc(O)c12,*CC=C(C)C|C*,O=c1cc(-c2ccccc2)oc2ccccc12,0.3454801,7.5560,0.9851533,10.9150,0.9743409,2.7364,2
1.8828,1.6730,-1.6730,0.0000000,Cc1ccc(-c2oc3cc(O)cc(O)c3c(=O)c2O)cc1C,2,O=c1c(O)c(-c2ccc([*])c([*])c2)oc2cc(O)cc(O)c12,C*|C*,O=c1cc(-c2ccccc2)oc2ccccc12,0.0000000,7.4200,0.0000000,10.2280,0.0000000,2.3822,2
4.0010,4.5752,-4.5752,0.0000000,Cc1cc(-c2oc3cc(O)cc(O)c3c(=O)c2O)ccc1N,2,O=c1c(O)c(-c2ccc([*])c([*])c2)oc2cc(O)cc(O)c12,N*|*C,O=c1cc(-c2ccccc2)oc2ccccc12,0.0000000,7.2120,0.0000000,9.7580,0.0000000,2.5239,2
30.1385,33.3113,-33.3010,0.0000802,CC(C)=CCc1cc(-c2oc3cc(O)cc(O)c3c(=O)c2O)ccc1C1C(=N)C(=O)C(O)C(O)=C1C,1,c1([*])c([*])ccc(-c2c(O)c(=O)c3c(cc(O)cc3O)o2)c1,C(C=C(C)C)*|C1(C)=C(O)C(O)C(=O)C(=N)C1*,N=C1C(=O)CC=CC1c1ccc(-c2cc(=O)c3ccccc3o2)cc1,0.0000100,0.0000,0.0000100,0.0000,0.3325337,4.2421,3
3.2918,3.8585,-3.8585,0.0000000,Cc1cc(-c2oc3cc(O)cc(O)c3c(=O)c2O)ccc1N,1,c1([*])c([*])ccc(-c2c(O)c(=O)c3c(cc(O)cc3O)o2)c1,C*|*N,O=c1cc(-c2ccccc2)oc2ccccc12,0.2434194,7.2120,0.9262160,9.7580,0.9859170,2.5239,3
3.6284,3.8793,-3.8793,0.0000000,Cc1cc(-c2oc3cc(O)cc(O)c3c(=O)c2O)ccc1N,2,c1([*])c([*])ccc(-c2c(O)c(=O)c3c(cc(O)cc3O)o2)c1,*C|N*,O=c1cc(-c2ccccc2)oc2ccccc12,0.0000000,7.2120,0.0000000,9.7580,0.0000000,2.5239,3
5.3834,9.9196,80.4937,0.7063538,CC(C)=CCc1cc(-c2oc3cc(O)cc(O)c3c(=O)c2O)ccc1C,1,c1([*])c([*])ccc(-c2c(O)c(=O)c3c(cc(O)cc3O)o2)c1,C(=C(C)C)C*|C*,O=c1cc(-c2ccccc2)oc2ccccc12,0.4419783,7.8380,0.9619249,10.2440,0.9728084,2.7571,3
13.6850,19.8942,-19.8815,0.0000988,CC(C)=CCCC(C)=CCc1cc(-c2oc3cc(O)cc(O)c3c(=O)c2O)ccc1N,1,c1([*])c([*])ccc(-c2c(O)c(=O)c3c(cc(O)cc3O)o2)c1,C(=C(CCC=C(C)C)C)C*|*N,O=c1cc(-c2ccccc2)oc2ccccc12,0.0000100,0.0000,0.0000100,0.0000,0.9417619,3.0330,3
26.8777,31.7137,-31.7011,0.0000987,CC(=O)c1ccc(C=C(C)NC(=O)CCc2cc(-c3oc4cc(O)cc(O)c4c(=O)c3O)ccc2C)cc1O,1,c1([*])c([*])ccc(-c2c(O)c(=O)c3c(cc(O)cc3O)o2)c1,C(NC(=O)CC*)(C)=Cc1cc(O)c(C(C)=O)cc1|C*,O=C(CCc1cccc(-c2cc(=O)c3ccccc3o2)c1)NC=Cc1ccccc1,0.0000100,0.0000,0.0000100,0.0000,0.9372417,3.0607,3
14.2582,14.2076,72.8154,0.6798670,CC(O)=CCc1cc(-c2oc3cc(O)cc(O)c3c(=O)c2O)ccc1C,1,c1([*])c([*])ccc(-c2c(O)c(=O)c3c(cc(O)cc3O)o2)c1,OC(C)=CC*|C*,O=c1cc(-c2ccccc2)oc2ccccc12,0.4085766,7.7430,0.9515486,10.0690,0.9609718,2.8869,3
29.1518,33.1324,-33.1324,0.0000000,C1=C(=NC)C(*)C(=O)C=C1N=Cc1ccc(O)c(CC=C(C)C)c1|*N,0,c1([*])c([*])ccc(-c2c(O)c(=O)c3c(cc(O)cc3O)o2)c1,C1=C(=NC)C(*)C(=O)C=C1N=Cc1ccc(O)c(CC=C(C)C)c1|*N,,0.0000000,0.0000,0.0000000,0.0000,0.0000000,0.0000,3
6.8507,9.7347,67.8356,0.6060181,C=CCc1ccc(-c2oc3cc(O)cc(O)c3c(=O)c2O)cc1N,1,c1([*])c([*])ccc(-c2c(O)c(=O)c3c(cc(O)cc3O)o2)c1,*N|C=CC*,O=c1cc(-c2ccccc2)oc2ccccc12,0.3057008,7.4300,0.9486146,10.0260,0.9719751,2.7679,3
10.0215,10.7510,65.4442,0.5952746,Nc1ccc(-c2oc3cc(O)cc(O)c3c(=O)c2O)cc1C(F)(F)F,1,c1([*])c([*])ccc(-c2c(O)c(=O)c3c(cc(O)cc3O)o2)c1,*C(F)(F)F|N*,O=c1cc(-c2ccccc2)oc2ccccc12,0.2827001,7.3530,0.9776359,10.6250,0.9785444,2.6728,3
14.8072,14.4639,94.9665,0.8549253,Cc1ccc(O)c(-c2ccc(-c3oc4cc(O)cc(O)c4c(=O)c3O)cc2C)c1,1,c1([*])c([*])ccc(-c2c(O)c(=O)c3c(cc(O)cc3O)o2)c1,*C|c1(O)ccc(C)cc1*,O=c1cc(-c2ccc(-c3ccccc3)cc2)oc2ccccc12,0.6831938,8.5340,0.9971611,12.0730,0.9840611,2.5675,3
4.5910,6.3889,-6.3889,0.0000000,Cc1ccc(-c2oc3cc(O)cc(O)c3c(=O)c2O)cc1N,1,c1([*])c([*])ccc(-c2c(O)c(=O)c3c(cc(O)cc3O)o2)c1,*N|*C,O=c1cc(-c2ccccc2)oc2ccccc12,0.4075337,7.7400,0.9155353,9.6560,0.9857547,2.5279,3
3.4635,7.1679,-7.1679,0.0000000,Nc1ccc(-c2oc3cc(O)cc(O)c3c(=O)c2O)cc1N,1,c1([*])c([*])ccc(-c2c(O)c(=O)c3c(cc(O)cc3O)o2)c1,*N|N*,O=c1cc(-c2ccccc2)oc2ccccc12,0.3386784,7.5350,0.8802304,9.3860,0.9807119,2.6350,3
20.9055,22.7756,-21.5318,0.0097175,C=C(C)OC(=O)CCNc1ccc(-c2oc3cc(O)cc(O)c3c(=O)c2O)cc1C,1,c1([*])c([*])ccc(-c2c(O)c(=O)c3c(cc(O)cc3O)o2)c1,*C|N(*)CCC(=O)OC(C)=C,O=c1cc(-c2ccccc2)oc2ccccc12,0.0000100,0.0000,0.9490339,10.0320,0.9620896,2.8764,3
28.7417,29.0131,-29.0012,0.0000924,Cc1cc(C)c2c(c1O)CC(C)(c1ccc(-c3oc4cc(O)cc(O)c4c(=O)c3O)cc1-c1ccc(F)cc1)C=C2,1,c1([*])c([*])ccc(-c2c(O)c(=O)c3c(cc(O)cc3O)o2)c1,c1(*)ccc(F)cc1|C1C(C)(*)C=Cc2c(C)cc(C)c(O)c21,O=c1cc(-c2ccc(C3C=Cc4ccccc4C3)c(-c3ccccc3)c2)oc2ccccc12,0.0000100,0.0000,0.0000100,0.0000,0.6740760,3.7475,3
3.5070,3.8585,-3.8585,0.0000000,Cc1cc(-c2oc3cc(O)cc(O)c3c(=O)c2O)ccc1N,2,c1([*])c([*])ccc(-c2c(O)c(=O)c3c(cc(O)cc3O)o2)c1,C*|*N,O=c1cc(-c2ccccc2)oc2ccccc12,0.0000000,7.2120,0.0000000,9.7580,0.0000000,2.5239,3
8.6759,12.9585,39.4657,0.4095640,C=CCNc1cc(-c2oc3cc(O)cc(O)c3c(=O)c2O)ccc1N,1,c1([*])c([*])ccc(-c2c(O)c(=O)c3c(cc(O)cc3O)o2)c1,C(C=C)N*|*N,O=c1cc(-c2ccccc2)oc2ccccc12,0.1264485,6.6570,0.8614848,9.2700,0.9711504,2.7783,3
6.2556,10.0990,67.0575,0.6027854,CC(C)=CCc1cc(-c2oc3cc(O)cc(O)c3c(=O)c2O)ccc1N,1,c1([*])c([*])ccc(-c2c(O)c(=O)c3c(cc(O)cc3O)o2)c1,CC(=CC*)C|N*,O=c1cc(-c2ccccc2)oc2ccccc12,0.2960148,7.3980,0.9697713,10.4100,0.9657127,2.8402,3
7.5378,8.2967,53.2965,0.4811971,C=CCc1ccc(-c2oc3cc(O)cc(O)c3c(=O)c2O)cc1C,1,c1([*])c([*])ccc(-c2c(O)c(=O)c3c(cc(O)cc3O)o2)c1,*C|C(=C)C*,O=c1cc(-c2ccccc2)oc2ccccc12,0.1677392,6.8870,0.9680819,10.3710,0.9784117,2.6750,3
3.1025,3.8585,-3.8585,0.0000000,Cc1cc(-c2oc3cc(O)cc(O)c3c(=O)c2O)ccc1N,2,c1([*])c([*])ccc(-c2c(O)c(=O)c3c(cc(O)cc3O)o2)c1,C*|*N,O=c1cc(-c2ccccc2)oc2ccccc12,0.0000000,7.2120,0.0000000,9.7580,0.0000000,2.5239,3
13.5309,14.8113,52.9571,0.5294405,C=C(C)C(C)c1cc(-c2oc3cc(O)cc(O)c3c(=O)c2O)ccc1N,1,c1([*])c([*])ccc(-c2c(O)c(=O)c3c(cc(O)cc3O)o2)c1,C=C(C)C(C)*|N*,O=c1cc(-c2ccccc2)oc2ccccc12,0.2345216,7.1780,0.9487547,10.0280,0.8402575,3.4232,3
19.5431,21.3919,49.6482,0.5550004,Cc1cc(O)c2c(-c3cc(-c4oc5cc(O)cc(O)c5c(=O)c4O)ccc3N)cc(=O)oc2c1,1,c1([*])c([*])ccc(-c2c(O)c(=O)c3c(cc(O)cc3O)o2)c1,c1(=O)oc2c(c(O)cc(C)c2)c(*)c1|N*,O=c1cc(-c2cccc(-c3cc(=O)c4ccccc4o3)c2)c2ccccc2o1,0.7276863,8.6830,0.3230686,7.4860,0.9527709,2.9562,3
3.4208,1.6344,-1.6344,0.0000000,Cc1ccc(-c2oc3cc(O)cc(O)c3c(=O)c2O)cc1C,1,c1([*])c([*])ccc(-c2c(O)c(=O)c3c(cc(O)cc3O)o2)c1,C*|*C,O=c1cc(-c2ccccc2)oc2ccccc12,0.3026550,7.4200,0.9610725,10.2280,0.9905877,2.3822,3
25.0026,26.9169,-26.9057,0.0000875,C=C(C=CC=C(C)C=CC(C(=O)O)c1cc(-c2oc3cc(O)cc(O)c3c(=O)c2O)ccc1C)CO,1,c1([*])c([*])ccc(-c2c(O)c(=O)c3c(cc(O)cc3O)o2)c1,OCC(=C)C=CC=C(C)C=CC(*)C(=O)O|C*,O=c1cc(-c2ccccc2)oc2ccccc12,0.0000100,0.0000,0.0000100,0.0000,0.5125074,3.9826,3
33.2955,37.7748,-37.7645,0.0000812,C=CC(C)(CN=CC=NC(=O)O)Cc1cc(-c2oc3cc(O)cc(O)c3c(=O)c2O)ccc1N,1,c1([*])c([*])ccc(-c2c(O)c(=O)c3c(cc(O)cc3O)o2)c1,C(C=NCC(C)(C=C)C*)=NC(=O)O|N*,O=c1cc(-c2ccccc2)oc2ccccc12,0.0000100,0.0000,0.0000100,0.0000,0.3530421,4.2104,3
3.1286,1.6686,-1.6686,0.0000000,Cc1ccc(-c2oc3cc(O)cc(O)c3c(=O)c2O)cc1C,2,c1([*])c([*])ccc(-c2c(O)c(=O)c3c(cc(O)cc3O)o2)c1,C*|C*,O=c1cc(-c2ccccc2)oc2ccccc12,0.0000000,7.4200,0.0000000,10.2280,0.0000000,2.3822,3
23.2004,23.4213,74.2803,0.7632942,CCNN=Cc1ccc(Cc2ccc(-c3oc4cc(O)cc(O)c4c(=O)c3O)cc2C)cc1O,1,c1([*])c([*])ccc(-c2c(O)c(=O)c3c(cc(O)cc3O)o2)c1,C*|c1c(O)c(C=NNCC)ccc1C*,O=c1cc(-c2ccc(Cc3ccccc3)cc2)oc2ccccc12,0.6921567,8.5630,0.7565807,8.7880,0.9448014,3.0133,3
3.2987,3.8585,-3.8585,0.0000000,Cc1cc(-c2oc3cc(O)cc(O)c3c(=O)c2O)ccc1N,2,c1([*])c([*])ccc(-c2c(O)c(=O)c3c(cc(O)cc3O)o2)c1,C*|*N,O=c1cc(-c2ccccc2)oc2ccccc12,0.0000000,7.2120,0.0000000,9.7580,0.0000000,2.5239,3
15.9417,19.9589,41.3626,0.4790744,C=CCCc1ccc(-c2oc3cc(O)cc(O)c3c(=O)c2O)cc1NCC=C(C)C,1,c1([*])c([*])ccc(-c2c(O)c(=O)c3c(cc(O)cc3O)o2)c1,*NCC=C(C)C|C(CC=C)*,O=c1cc(-c2ccccc2)oc2ccccc12,0.1681413,6.8890,0.9742634,10.5250,0.9404012,3.0415,3
3.3655,3.6747,-3.6747,0.0000000,Cc1cc(-c2oc3cc(O)cc(O)c3c(=O)c2O)ccc1N,2,c1([*])c([*])ccc(-c2c(O)c(=O)c3c(cc(O)cc3O)o2)c1,*C|*N,O=c1cc(-c2ccccc2)oc2ccccc12,0.0000000,7.2120,0.0000000,9.7580,0.0000000,2.5239,3
8.9890,13.1826,60.5603,0.5761158,C=CCc1ccc(-c2oc3cc(O)cc(O)c3c(=O)c2O)cc1CC=C(C)C,1,c1([*])c([*])ccc(-c2c(O)c(=O)c3c(cc(O)cc3O)o2)c1,C(=C(C)C)C*|C=CC*,O=c1cc(-c2ccccc2)oc2ccccc12,0.2672108,7.2990,0.9651583,10.3080,0.9542096,2.9449,3
4.0966,7.1364,-7.1364,0.0000000,Nc1ccc(-c2oc3cc(O)cc(O)c3c(=O)c2O)cc1N,2,c1([*])c([*])ccc(-c2c(O)c(=O)c3c(cc(O)cc3O)o2)c1,N*|*N,O=c1cc(-c2ccccc2)oc2ccccc12,0.0000000,7.5350,0.0000000,9.3860,0.0000000,2.6350,3
2.5941,1.4402,-1.4402,0.0000000,Cc1ccc(-c2oc3cc(O)cc(O)c3c(=O)c2O)cc1C,1,o1c(-c2cc([*])c([*])cc2)c(O)c(=O)c2c1cc(O)cc2O,*C|C*,O=c1cc(-c2ccccc2)oc2ccccc12,0.3026550,7.4200,0.9610725,10.2280,0.9905877,2.3822,4
14.6638,20.9509,48.6525,0.5437768,Nc1ccc(-c2oc3cc(O)cc(O)c3c(=O)c2O)cc1CC=NC(=O)O,1,o1c(-c2cc([*])c([*])cc2)c(O)c(=O)c2c1cc(O)cc2O,C(C=NC(=O)O)*|N*,O=c1cc(-c2ccccc2)oc2ccccc12,0.2347801,7.1790,0.9698976,10.4130,0.9169151,3.1658,4
6.4528,10.8709,-10.8709,0.0000000,CC(C)=CCc1cc(-c2oc3cc(O)cc(O)c3c(=O)c2O)ccc1N,1,o1c(-c2cc([*])c([*])cc2)c(O)c(=O)c2c1cc(O)cc2O,CC(C)=CC*|*N,O=c1cc(-c2ccccc2)oc2ccccc12,0.2960148,7.3980,0.9697713,10.4100,0.9657127,2.8402,4
24.4706,30.3955,-30.3835,0.0000931,C=CC(C)(C)c1cc(-c2oc3cc(O)cc(O)c3c(=O)c2O)ccc1C(CC=C(C)C)C(=O)O,1,o1c(-c2cc([*])c([*])cc2)c(O)c(=O)c2c1cc(O)cc2O,C(=C)C(*)(C)C|C(=O)(C(*)CC=C(C)C)O,O=c1cc(-c2ccccc2)oc2ccccc12,0.0000100,0.0000,0.0000100,0.0000,0.6997023,3.7061,4
11.2608,15.3525,-15.3398,0.0000991,Nc1ccc(-c2oc3cc(O)cc(O)c3c(=O)c2O)cc1NCC=Cc1ccc(O)c(O)c1,1,o1c(-c2cc([*])c([*])cc2)c(O)c(=O)c2c1cc(O)cc2O,*NCC=Cc1cc(O)c(O)cc1|*N,O=c1cc(-c2cccc(NCC=Cc3ccccc3)c2)oc2ccccc12,0.0000100,0.0000,0.0000100,0.0000,0.9546932,2.9410,4
2.9841,5.9488,-5.9488,0.0000000,Cc1cc(-c2oc3cc(O)cc(O)c3c(=O)c2O)ccc1N,1,o1c(-c2cc([*])c([*])cc2)c(O)c(=O)c2c1cc(O)cc2O,C*|N*,O=c1cc(-c2ccccc2)oc2ccccc12,0.2434194,7.2120,0.9262160,9.7580,0.9859170,2.5239,4
13.9009,18.5475,77.0780,0.7470742,Cc1ccc(C=Cc2ccc(-c3oc4cc(O)cc(O)c4c(=O)c3O)cc2C)cc1O,1,o1c(-c2cc([*])c([*])cc2)c(O)c(=O)c2c1cc(O)cc2O,*C|C(=Cc1cc(O)c(C)cc1)*,O=c1cc(-c2ccc(C=Cc3ccccc3)cc2)oc2ccccc12,0.6680570,8.4860,0.7313779,8.6960,0.9747832,2.7302,4
34.0240,40.5370,-40.5246,0.0000973,C=CC(=C)c1ccc(NC=C2C(=O)c3cccc(-c4ccc(-c5oc6cc(O)cc(O)c6c(=O)c5O)cc4N)c3C2=O)cc1,1,o1c(-c2cc([*])c([*])cc2)c(O)c(=O)c2c1cc(O)cc2O,*N|C(=C)C(=C)c1ccc(NC=C2C(=O)c3c(c(*)ccc3)C2=O)cc1,O=C1C(=CNc2ccccc2)C(=O)c2c1cccc2-c1ccc(-c2cc(=O)c3ccccc3o2)cc1,0.0000100,0.0000,0.0000100,0.0000,0.8728046,3.3308,4
12.4466,17.9839,69.6932,0.6849778,Nc1ccc(-c2oc3cc(O)cc(O)c3c(=O)c2O)cc1-c1cccc(O)c1O,1,o1c(-c2cc([*])c([*])cc2)c(O)c(=O)c2c1cc(O)cc2O,Oc1c(O)cccc1*|*N,O=c1cc(-c2cccc(-c3ccccc3)c2)oc2ccccc12,0.4040637,7.7300,0.9736058,10.5070,0.9743538,2.7362,4
15.4342,22.9211,83.0809,0.8281410,Nc1cc(-c2oc3cc(O)cc(O)c3c(=O)c2O)ccc1Cc1cccc(O)c1O,1,o1c(-c2cc([*])c([*])cc2)c(O)c(=O)c2c1cc(O)cc2O,*N|c1(O)c(O)cccc1C*,O=c1cc(-c2ccc(Cc3ccccc3)cc2)oc2ccccc12,0.6753557,8.5090,0.9381089,9.8890,0.9703984,2.7875,4
7.0506,9.0673,-9.0673,0.0000000,C=CCc1ccc(-c2oc3cc(O)cc(O)c3c(=O)c2O)cc1C,1,o1c(-c2cc([*])c([*])cc2)c(O)c(=O)c2c1cc(O)cc2O,*C|C=CC*,O=c1cc(-c2ccccc2)oc2ccccc12,0.1677392,6.8870,0.9680819,10.3710,0.9784117,2.6750,4
3.7242,1.5175,-1.5175,0.0000000,Cc1ccc(-c2oc3cc(O)cc(O)c3c(=O)c2O)cc1C,2,o1c(-c2cc([*])c([*])cc2)c(O)c(=O)c2c1cc(O)cc2O,C*|C*,O=c1cc(-c2ccccc2)oc2ccccc12,0.0000000,7.4200,0.0000000,10.2280,0.0000000,2.3822,4
36.9393,37.0269,-37.0179,0.0000705,COC1=C2C(=O)C(C=Nc3ccc(-c4oc5cc(O)cc(O)c5c(=O)c4O)cc3N)C=C(C)C2C=CC=C1,1,o1c(-c2cc([*])c([*])cc2)c(O)c(=O)c2c1cc(O)cc2O,N*|C1=CC=CC(OC)=C2C(=O)C(C=N*)C=C(C)C12,O=C1C2=CC=CC=CC2C=CC1C=Nc1ccc(-c2cc(=O)c3ccccc3o2)cc1,0.0000100,0.0000,0.0000100,0.0000,0.1740054,4.5411,4
26.1817,34.4398,-34.4273,0.0000978,COC(=O)N=C(C=C(C)c1ccc(O)cc1)Nc1cc(-c2oc3cc(O)cc(O)c3c(=O)c2O)ccc1N,1,o1c(-c2cc([*])c([*])cc2)c(O)c(=O)c2c1cc(O)cc2O,C(N*)(=NC(=O)OC)C=C(c1ccc(O)cc1)C|*N,N=C(C=Cc1ccccc1)Nc1cccc(-c2cc(=O)c3ccccc3o2)c1,0.0000100,0.0000,0.0000100,0.0000,0.8959698,3.2519,4
13.8240,15.3518,83.2983,0.7707033,Cc1cc(-c2oc3cc(O)cc(O)c3c(=O)c2O)ccc1NCc1ccc(O)cc1,1,o1c(-c2cc([*])c([*])cc2)c(O)c(=O)c2c1cc(O)cc2O,C*|*NCc1ccc(O)cc1,O=c1cc(-c2ccc(NCc3ccccc3)cc2)oc2ccccc12,0.5312599,8.0870,0.9879843,11.0640,0.9870113,2.4954,4
4.0083,5.9488,-5.9488,0.0000000,Cc1cc(-c2oc3cc(O)cc(O)c3c(=O)c2O)ccc1N,2,o1c(-c2cc([*])c([*])cc2)c(O)c(=O)c2c1cc(O)cc2O,C*|N*,O=c1cc(-c2ccccc2)oc2ccccc12,0.0000000,7.2120,0.0000000,9.7580,0.0000000,2.5239,4
3.2435,8.9045,-8.9045,0.0000000,Nc1ccc(-c2oc3cc(O)cc(O)c3c(=O)c2O)cc1N,1,o1c(-c2cc([*])c([*])cc2)c(O)c(=O)c2c1cc(O)cc2O,N*|*N,O=c1cc(-c2ccccc2)oc2ccccc12,0.3386784,7.5350,0.8802304,9.3860,0.9807119,2.6350,4
10.8808,15.5402,75.1483,0.7085042,Nc1cc(-c2oc3cc(O)cc(O)c3c(=O)c2O)ccc1-c1ccc(O)cc1,1,o1c(-c2cc([*])c([*])cc2)c(O)c(=O)c2c1cc(O)cc2O,*N|c1c(*)ccc(O)c1,O=c1cc(-c2ccc(-c3ccccc3)cc2)oc2ccccc12,0.4320647,7.8100,0.9855480,10.9340,0.9845981,2.5555,4
2.6353,1.5175,-1.5175,0.0000000,Cc1ccc(-c2oc3cc(O)cc(O)c3c(=O)c2O)cc1C,2,o1c(-c2cc([*])c([*])cc2)c(O)c(=O)c2c1cc(O)cc2O,C*|C*,O=c1cc(-c2ccccc2)oc2ccccc12,0.0000000,7.4200,0.0000000,10.2280,0.0000000,2.3822,4
20.8193,20.4366,64.1807,0.6610727,COc1ccc(OC)c(C=Cc2cc(-c3oc4cc(O)cc(O)c4c(=O)c3O)ccc2C)c1,1,o1c(-c2cc([*])c([*])cc2)c(O)c(=O)c2c1cc(O)cc2O,*C=Cc1cc(OC)ccc1OC|*C,O=c1cc(-c2cccc(C=Cc3ccccc3)c2)oc2ccccc12,0.6564698,8.4500,0.5473485,8.1320,0.9778869,2.6835,4
22.8066,29.0797,56.6732,0.6699449,COC(=O)c1c(-c2ccc(-c3oc4cc(O)cc(O)c4c(=O)c3O)cc2N)oc(C)cc1=O,1,o1c(-c2cc([*])c([*])cc2)c(O)c(=O)c2c1cc(O)cc2O,N*|COC(c1c(*)oc(C)cc1=O)=O,O=c1ccoc(-c2ccc(-c3cc(=O)c4ccccc4o3)cc2)c1,0.4920856,7.9780,0.7685643,8.8340,0.9435259,3.0217,4
7.2317,8.7105,-8.7105,0.0000000,CC(C)=CCc1cc(-c2oc3cc(O)cc(O)c3c(=O)c2O)ccc1C,1,o1c(-c2cc([*])c([*])cc2)c(O)c(=O)c2c1cc(O)cc2O,C(C=C(C)C)*|*C,O=c1cc(-c2ccccc2)oc2ccccc12,0.4419783,7.8380,0.9619249,10.2440,0.9728084,2.7571,4
39.3484,47.9767,-47.9646,0.0000943,Cc1ccc(C(=O)N=C(N=CC=C(N)c2ccc(-c3cc(-c4oc5cc(O)cc(O)c5c(=O)c4O)ccc3N)cc2O)NO)cc1,1,o1c(-c2cc([*])c([*])cc2)c(O)c(=O)c2c1cc(O)cc2O,C(C=NC(NO)=NC(=O)c1ccc(C)cc1)=C(c1c(O)cc(*)cc1)N|*N,O=C(N=CN=CC=Cc1ccc(-c2cccc(-c3cc(=O)c4ccccc4o3)c2)cc1)c1ccccc1,0.0000100,0.0000,0.0000100,0.0000,0.7460992,3.6255,4
3.1925,5.8058,-5.8058,0.0000000,Cc1cc(-c2oc3cc(O)cc(O)c3c(=O)c2O)ccc1N,2,o1c(-c2cc([*])c([*])cc2)c(O)c(=O)c2c1cc(O)cc2O,C*|*N,O=c1cc(-c2ccccc2)oc2ccccc12,0.0000000,7.2120,0.0000000,9.7580,0.0000000,2.5239,4
6.1079,9.7501,51.9687,0.4821782,C=CCc1cc(-c2oc3cc(O)cc(O)c3c(=O)c2O)ccc1N,1,o1c(-c2cc([*])c([*])cc2)c(O)c(=O)c2c1cc(O)cc2O,C=CC*|*N,O=c1cc(-c2ccccc2)oc2ccccc12,0.1728220,6.9120,0.9482627,10.0210,0.9704701,2.7866,4
3.2812,1.4402,-1.4402,0.0000000,Cc1ccc(-c2oc3cc(O)cc(O)c3c(=O)c2O)cc1C,2,o1c(-c2cc([*])c([*])cc2)c(O)c(=O)c2c1cc(O)cc2O,*C|C*,O=c1cc(-c2ccccc2)oc2ccccc12,0.0000000,7.4200,0.0000000,10.2280,0.0000000,2.3822,4
26.5755,36.1106,60.6945,0.7562897,C=CC(=O)Nc1cc(-c2oc3cc(O)cc(O)c3c(=O)c2O)ccc1Nc1ccc(O)cc1C,1,o1c(-c2cc([*])c([*])cc2)c(O)c(=O)c2c1cc(O)cc2O,C(C=C)(=O)N*|Oc1cc(C)c(N*)cc1,O=c1cc(-c2ccc(Nc3ccccc3)cc2)oc2ccccc12,0.6785031,8.5190,0.7460958,8.7490,0.9654898,2.8426,4
16.1109,19.9088,70.1002,0.7031955,Cc1ccc(-c2oc3cc(O)cc(O)c3c(=O)c2O)cc1NC1=CCNC=C1,1,o1c(-c2cc([*])c([*])cc2)c(O)c(=O)c2c1cc(O)cc2O,C1C=C(N*)C=CN1|C*,O=c1cc(-c2cccc(NC3=CCNC=C3)c2)oc2ccccc12,0.4555054,7.8760,0.9484741,10.0240,0.9211755,3.1459,4
3.0940,1.4402,-1.4402,0.0000000,Cc1ccc(-c2oc3cc(O)cc(O)c3c(=O)c2O)cc1C,2,o1c(-c2cc([*])c([*])cc2)c(O)c(=O)c2c1cc(O)cc2O,*C|C*,O=c1cc(-c2ccccc2)oc2ccccc12,0.0000000,7.4200,0.0000000,10.2280,0.0000000,2.3822,4
31.8103,34.8060,-33.7850,0.0079768,Cc1cc(-c2cc(-c3oc4cc(O)cc(O)c4c(=O)c3O)ccc2C2CCCC(=O)C2C)c(O)cc1O,1,o1c(-c2cc([*])c([*])cc2)c(O)c(=O)c2c1cc(O)cc2O,*c1cc(C)c(O)cc1O|C1CC(*)C(C)C(=O)C1,O=C1CCCC(c2ccc(-c3cc(=O)c4ccccc4o3)cc2-c2ccccc2)C1,0.7102440,8.6230,0.0000100,0.0000,0.6402169,3.7998,4
3.3386,5.9488,-5.9488,0.0000000,Cc1cc(-c2oc3cc(O)cc(O)c3c(=O)c2O)ccc1N,2,o1c(-c2cc([*])c([*])cc2)c(O)c(=O)c2c1cc(O)cc2O,C*|N*,O=c1cc(-c2ccccc2)oc2ccccc12,0.0000000,7.2120,0.0000000,9.7580,0.0000000,2.5239,4
12.5672,21.0017,-21.0017,0.0000000,C=CCc1ccc(-c2oc3cc(O)cc(O)c3c(=O)c2O)cc1CC=C(C)C=C,1,o1c(-c2cc([*])c([*])cc2)c(O)c(=O)c2c1cc(O)cc2O,C(=C)C(C)=CC*|C=CC*,O=c1cc(-c2ccccc2)oc2ccccc12,0.2238455,7.1360,0.9927665,11.4200,0.9206496,3.1484,4
7.7917,11.0397,-11.0397,0.0000000,C=CCc1ccc(-c2oc3cc(O)cc(O)c3c(=O)c2O)cc1CC=C(C)C,1,c1c([*])c([*])ccc1-c1oc2c(c(=O)c1O)c(O)cc(O)c2,*CC=C(C)C|C=CC*,O=c1cc(-c2ccccc2)oc2ccccc12,0.2672108,7.2990,0.9651583,10.3080,0.9542096,2.9449,5
13.8198,17.7205,-17.7205,0.0000000,CC(C)=CC(=O)Cc1ccc(-c2oc3cc(O)cc(O)c3c(=O)c2O)cc1N,1,c1c([*])c([*])ccc1-c1oc2c(c(=O)c1O)c(O)cc(O)c2,N*|O=C(C=C(C)C)C*,O=c1cc(-c2ccccc2)oc2ccccc12,0.4359534,7.8210,0.9506113,10.0550,0.9582303,2.9115,5
3.7431,6.6494,-6.6494,0.0000000,Nc1ccc(-c2oc3cc(O)cc(O)c3c(=O)c2O)cc1N,1,c1c([*])c([*])ccc1-c1oc2c(c(=O)c1O)c(O)cc(O)c2,*N|N*,O=c1cc(-c2ccccc2)oc2ccccc12,0.3386784,7.5350,0.8802304,9.3860,0.9807119,2.6350,5
19.9494,25.1515,-25.1515,0.0000000,C=CCc1ccc(-c2oc3cc(O)cc(O)c3c(=O)c2O)cc1NC(C)=CC(=O)O,1,c1c([*])c([*])ccc1-c1oc2c(c(=O)c1O)c(O)cc(O)c2,C(O)(C=C(N*)C)=O|C(*)C=C,O=c1cc(-c2ccccc2)oc2ccccc12,0.2847473,7.3600,0.8780900,9.3720,0.9441905,3.0173,5
5.6836,4.8867,-4.8867,0.0000000,Cc1ccc(-c2oc3cc(O)cc(O)c3c(=O)c2O)cc1N,1,c1c([*])c([*])ccc1-c1oc2c(c(=O)c1O)c(O)cc(O)c2,*N|C*,O=c1cc(-c2ccccc2)oc2ccccc12,0.4075337,7.7400,0.9155353,9.6560,0.9857547,2.5279,5
18.3627,23.5957,86.7730,0.8622553,CC(=O)Nc1ccc(C)c(-c2cc(-c3oc4cc(O)cc(O)c4c(=O)c3O)ccc2N)c1,1,c1c([*])c([*])ccc1-c1oc2c(c(=O)c1O)c(O)cc(O)c2,C(Nc1ccc(C)c(*)c1)(C)=O|N*,O=c1cc(-c2cccc(-c3ccccc3)c2)oc2ccccc12,0.7009774,8.5920,0.9947942,11.6500,0.9801782,2.6447,5
3.9642,5.8760,-5.8760,0.0000000,Nc1ccc(-c2oc3cc(O)cc(O)c3c(=O)c2O)cc1N,2,c1c([*])c([*])ccc1-c1oc2c(c(=O)c1O)c(O)cc(O)c2,*N|*N,O=c1cc(-c2ccccc2)oc2ccccc12,0.0000000,7.5350,0.0000000,9.3860,0.0000000,2.6350,5
21.2314,26.3367,-26.3367,0.0000000,COC(=CC(C)=CC(=O)O)c1cc(-c2oc3cc(O)cc(O)c3c(=O)c2O)ccc1N,1,c1c([*])c([*])ccc1-c1oc2c(c(=O)c1O)c(O)cc(O)c2,O=C(O)C=C(C)C=C(*)OC|*N,O=c1cc(-c2ccccc2)oc2ccccc12,0.5255221,8.0710,0.3348213,7.5230,0.9166192,3.1671,5
19.4977,23.8869,-23.8869,0.0000000,C=CCc1cc(-c2oc3cc(O)cc(O)c3c(=O)c2O)ccc1C(C=O)C(=O)NO,1,c1c([*])c([*])ccc1-c1oc2c(c(=O)c1O)c(O)cc(O)c2,C(=C)C*|C(=O)(C(*)C=O)NO,O=c1cc(-c2ccccc2)oc2ccccc12,0.5608592,8.1700,0.9760073,10.5750,0.7174687,3.6762,5
4.9760,9.4623,-9.4623,0.0000000,CC(C)=CCc1cc(-c2oc3cc(O)cc(O)c3c(=O)c2O)ccc1N,1,c1c([*])c([*])ccc1-c1oc2c(c(=O)c1O)c(O)cc(O)c2,*CC=C(C)C|N*,O=c1cc(-c2ccccc2)oc2ccccc12,0.2960148,7.3980,0.9697713,10.4100,0.9657127,2.8402,5
13.5735,18.1248,-18.1248,0.0000000,Nc1ccc(-c2oc3cc(O)cc(O)c3c(=O)c2O)cc1C=CC(=O)O,1,c1c([*])c([*])ccc1-c1oc2c(c(=O)c1O)c(O)cc(O)c2,C(O)(C=C*)=O|N*,O=c1cc(-c2ccccc2)oc2ccccc12,0.3136997,7.4560,0.9106253,9.6130,0.9724988,2.7612,5
27.4879,29.1476,-29.1351,0.0000982,CC(=CC(N)=NCCCCNc1ccc(-c2oc3cc(O)cc(O)c3c(=O)c2O)cc1N)c1ccc(O)cc1,1,c1c([*])c([*])ccc1-c1oc2c(c(=O)c1O)c(O)cc(O)c2,N*|C(N*)CCCN=C(N)C=C(C)c1ccc(O)cc1,O=c1cc(-c2ccc(NCCCCN=CC=Cc3ccccc3)cc2)oc2ccccc12,0.0000100,0.0000,0.0000100,0.0000,0.9112470,3.1908,5
12.2256,13.1457,34.4401,0.3717639,Cc1ccc(-c2oc3cc(O)cc(O)c3c(=O)c2O)cc1C=Cc1ccc(O)c(O)c1,1,c1c([*])c([*])ccc1-c1oc2c(c(=O)c1O)c(O)cc(O)c2,c1(O)c(O)ccc(C=C*)c1|C*,O=c1cc(-c2cccc(C=Cc3ccccc3)c2)oc2ccccc12,0.7721286,8.8480,0.1106775,6.5520,0.9723851,2.7626,5
8.6930,14.0071,-14.0071,0.0000000,NCCc1cc(-c2oc3cc(O)cc(O)c3c(=O)c2O)ccc1N,1,c1c([*])c([*])ccc1-c1oc2c(c(=O)c1O)c(O)cc(O)c2,C(N)C*|*N,O=c1cc(-c2ccccc2)oc2ccccc12,0.1761385,6.9280,0.8546505,9.2310,0.9777340,2.6859,5
8.8739,13.5958,80.2766,0.7333780,Nc1ccc(-c2oc3cc(O)cc(O)c3c(=O)c2O)cc1-c1ccccc1,1,c1c([*])c([*])ccc1-c1oc2c(c(=O)c1O)c(O)cc(O)c2,c1(*)ccccc1|N*,O=c1cc(-c2cccc(-c3ccccc3)c2)oc2ccccc12,0.4662323,7.9060,0.9932557,11.4690,0.9892645,2.4284,5
9.6170,14.2313,-14.2186,0.0000988,CC(C)=CCCC(C)=CCc1cc(-c2oc3cc(O)cc(O)c3c(=O)c2O)ccc1N,1,c1c([*])c([*])ccc1-c1oc2c(c(=O)c1O)c(O)cc(O)c2,*CC=C(CCC=C(C)C)C|N*,O=c1cc(-c2ccccc2)oc2ccccc12,0.0000100,0.0000,0.0000100,0.0000,0.9417619,3.0330,5
6.5013,10.6922,-10.6922,0.0000000,CC(C)=CCc1cc(-c2oc3cc(O)cc(O)c3c(=O)c2O)ccc1N,2,c1c([*])c([*])ccc1-c1oc2c(c(=O)c1O)c(O)cc(O)c2,CC(C)=CC*|N*,O=c1cc(-c2ccccc2)oc2ccccc12,0.0000000,7.3980,0.0000000,10.4100,0.0000000,2.8402,5
34.4049,39.8454,-39.8329,0.0000977,Nc1ccc(-c2oc3cc(O)cc(O)c3c(=O)c2O)cc1Cc1ccc(C(=CCN=C(O)c2ccc(O)cc2)C(=O)O)cc1,1,c1c([*])c([*])ccc1-c1oc2c(c(=O)c1O)c(O)cc(O)c2,C(N=C(c1ccc(O)cc1)O)C=C(c1ccc(C*)cc1)C(O)=O|*N,O=c1cc(-c2cccc(Cc3ccc(C=CCN=Cc4ccccc4)cc3)c2)oc2ccccc12,0.0000100,0.0000,0.0000100,0.0000,0.8923481,3.2652,5
32.6396,32.7500,-32.7375,0.0000980,Cc1ccc(-c2oc3cc(O)cc(O)c3c(=O)c2O)cc1Cc1c(NC(=O)NN)[nH]c(=O)n(C)c1=O,1,c1c([*])c([*])ccc1-c1oc2c(c(=O)c1O)c(O)cc(O)c2,[nH]1c(=O)n(C)c(=O)c(C*)c1NC(NN)=O|C*,O=c1[nH]cc(Cc2cccc(-c3cc(=O)c4ccccc4o3)c2)c(=O)[nH]1,0.0000100,0.0000,0.0000100,0.0000,0.9028078,3.2256,5
7.8655,15.1203,66.4147,0.6369922,Nc1ccc(-c2oc3cc(O)cc(O)c3c(=O)c2O)cc1-c1ccc(O)cc1,1,c1c([*])c([*])ccc1-c1oc2c(c(=O)c1O)c(O)cc(O)c2,Oc1ccc(*)cc1|N*,O=c1cc(-c2cccc(-c3ccccc3)c2)oc2ccccc12,0.4412686,7.8360,0.7394977,8.7250,0.9848968,2.5485,5
3.3562,6.2026,-6.2026,0.0000000,Nc1ccc(-c2oc3cc(O)cc(O)c3c(=O)c2O)cc1N,2,c1c([*])c([*])ccc1-c1oc2c(c(=O)c1O)c(O)cc(O)c2,N*|*N,O=c1cc(-c2ccccc2)oc2ccccc12,0.0000000,7.5350,0.0000000,9.3860,0.0000000,2.6350,5
7.6386,13.7880,-13.7880,0.0000000,Nc1cc(-c2oc3cc(O)cc(O)c3c(=O)c2O)ccc1-c1ccc(O)cc1,1,c1c([*])c([*])ccc1-c1oc2c(c(=O)c1O)c(O)cc(O)c2,N*|Oc1ccc(*)cc1,O=c1cc(-c2ccc(-c3ccccc3)cc2)oc2ccccc12,0.4320647,7.8100,0.9855480,10.9340,0.9845981,2.5555,5
14.0077,23.8525,80.5827,0.8158998,Cc1cc(N)ccc1Cc1cc(-c2oc3cc(O)cc(O)c3c(=O)c2O)ccc1N,1,c1c([*])c([*])ccc1-c1oc2c(c(=O)c1O)c(O)cc(O)c2,Nc1cc(C)c(C*)cc1|N*,O=c1cc(-c2cccc(Cc3ccccc3)c2)oc2ccccc12,0.6397334,8.3990,0.9527938,10.0880,0.9731686,2.7524,5
13.7837,19.0896,-19.0896,0.0000000,C=CCOC(=O)Cc1ccc(-c2oc3cc(O)cc(O)c3c(=O)c2O)cc1N,1,c1c([*])c([*])ccc1-c1oc2c(c(=O)c1O)c(O)cc(O)c2,*N|C(C=C)OC(=O)C*,O=c1cc(-c2ccccc2)oc2ccccc12,0.2725988,7.3180,0.9436296,9.9580,0.9688197,2.8061,5
3.7449,5.8760,-5.8760,0.0000000,Nc1ccc(-c2oc3cc(O)cc(O)c3c(=O)c2O)cc1N,2,c1c([*])c([*])ccc1-c1oc2c(c(=O)c1O)c(O)cc(O)c2,*N|*N,O=c1cc(-c2ccccc2)oc2ccccc12,0.0000000,7.5350,0.0000000,9.3860,0.0000000,2.6350,5
33.2684,34.6106,-34.5988,0.0000917,CC(C(=O)N=C(N)CO)c1cc(-c2oc3cc(O)cc(O)c3c(=O)c2O)ccc1NCc1ccc(O)c(O)c1,1,c1c([*])c([*])ccc1-c1oc2c(c(=O)c1O)c(O)cc(O)c2,OCC(N)=NC(=O)C(C)*|C(N*)c1ccc(O)c(O)c1,O=c1cc(-c2ccc(NCc3ccccc3)cc2)oc2ccccc12,0.0000100,0.0000,0.0000100,0.0000,0.6471512,3.7893,5
14.1240,18.1018,45.2295,0.4947759,Cc1cc(Nc2cc(-c3oc4cc(O)cc(O)c4c(=O)c3O)ccc2N)cc(C)c1O,1,c1c([*])c([*])ccc1-c1oc2c(c(=O)c1O)c(O)cc(O)c2,c1(N*)cc(C)c(O)c(C)c1|N*,O=c1cc(-c2cccc(Nc3ccccc3)c2)oc2ccccc12,0.7170081,8.6460,0.2434194,7.2120,0.9733846,2.7495,5
30.5724,39.0606,-39.0483,0.0000962,C=CCc1ccc(OCC=CCc2cc(-c3oc4cc(O)cc(O)c4c(=O)c3O)ccc2N)c(C=NOC(C)(C)C)c1,1,c1c([*])c([*])ccc1-c1oc2c(c(=O)c1O)c(O)cc(O)c2,C(=CC*)COc1ccc(CC=C)cc1C=NOC(C)(C)C|N*,O=c1cc(-c2cccc(CC=CCOc3ccccc3)c2)oc2ccccc12,0.0000100,0.0000,0.0000100,0.0000,0.8256892,3.4596,5
18.3802,26.5465,67.8707,0.7376342,O=C(O)Cc1ccc(-c2oc3cc(O)cc(O)c3c(=O)c2O)cc1Nc1ccc(O)c(O)c1,1,c1c([*])c([*])ccc1-c1oc2c(c(=O)c1O)c(O)cc(O)c2,Oc1ccc(N*)cc1O|C(C(=O)O)*,O=c1cc(-c2cccc(Nc3ccccc3)c2)oc2ccccc12,0.5337677,8.0940,0.8886123,9.4430,0.9706799,2.7841,5
25.9179,25.8643,74.0115,0.7802793,COC(=O)Nc1cc(C=Cc2ccc(-c3oc4cc(O)cc(O)c4c(=O)c3O)cc2C)ccc1C,1,c1c([*])c([*])ccc1-c1oc2c(c(=O)c1O)c(O)cc(O)c2,*C|N(C(OC)=O)c1cc(C=C*)ccc1C,O=c1cc(-c2ccc(C=Cc3ccccc3)cc2)oc2ccccc12,0.7828329,8.8910,0.6973451,8.5800,0.9705480,2.7857,5
35.4346,42.1617,-24.9989,0.1340845,C=CC(=O)Cc1cc(-c2oc3cc(O)cc(O)c3c(=O)c2O)ccc1C(C)=CC=CC(C)=NOC(C)=O,1,c1c([*])c([*])ccc1-c1oc2c(c(=O)c1O)c(O)cc(O)c2,C(C=C)(=O)C*|C(=O)(C)ON=C(C)C=CC=C(*)C,O=c1cc(-c2ccccc2)oc2ccccc12,0.3978419,7.7120,0.0186456,5.2460,0.7876263,3.5446,5
13.7075,18.3370,-18.3370,0.0000000,C=C=CCc1cc(-c2oc3cc(O)cc(O)c3c(=O)c2O)ccc1N,1,c1c([*])c([*])ccc1-c1oc2c(c(=O)c1O)c(O)cc(O)c2,*CC=C=C|*N,O=c1cc(-c2ccccc2)oc2ccccc12,0.2276182,7.1510,0.9570054,10.1560,0.9222435,3.1407,5
5.7361,6.2790,-6.2790,0.0000000,Cc1ccc(-c2oc3cc(O)cc(O)c3c(=O)c2O)cc1N,1,c1c(O)c2c(cc1O)oc(-c1cc([*])c([*])cc1)c(O)c2=O,N*|*C,O=c1cc(-c2ccccc2)oc2ccccc12,0.4075337,7.7400,0.9155353,9.6560,0.9857547,2.5279,6
10.8310,17.4425,80.6710,0.7665114,Nc1cc(-c2oc3cc(O)cc(O)c3c(=O)c2O)ccc1-c1ccc(O)cc1O,1,c1c(O)c2c(cc1O)oc(-c1cc([*])c([*])cc1)c(O)c2=O,N*|Oc1ccc(*)c(O)c1,O=c1cc(-c2ccc(-c3ccccc3)cc2)oc2ccccc12,0.5265986,8.0740,0.9896520,11.1690,0.9742461,2.7377,6
13.5069,17.4022,-17.4022,0.0000000,C=CCc1ccc(-c2oc3cc(O)cc(O)c3c(=O)c2O)cc1CC,1,c1c(O)c2c(cc1O)oc(-c1cc([*])c([*])cc1)c(O)c2=O,CC*|C(=C)C*,O=c1cc(-c2ccccc2)oc2ccccc12,0.1457074,6.7710,0.9672261,10.3520,0.9750589,2.7263,6
10.4178,10.2983,-10.2983,0.0000000,Cc1cc(-c2oc3cc(O)cc(O)c3c(=O)c2O)ccc1C(F)(F)F,1,c1c(O)c2c(cc1O)oc(-c1cc([*])c([*])cc1)c(O)c2=O,*C|FC(F)(F)*,O=c1cc(-c2ccccc2)oc2ccccc12,0.4338313,7.8150,0.9841309,10.8680,0.9812043,2.6258,6
12.0948,20.8721,76.7508,0.7626787,Cc1cc(N)ccc1-c1cc(-c2oc3cc(O)cc(O)c3c(=O)c2O)ccc1N,1,c1c(O)c2c(cc1O)oc(-c1cc([*])c([*])cc1)c(O)c2=O,c1(N)cc(C)c(*)cc1|*N,O=c1cc(-c2cccc(-c3ccccc3)c2)oc2ccccc12,0.5186998,8.0520,0.9901412,11.2030,0.9783215,2.6764,6
13.0112,19.0960,-19.0960,0.0000000,CNc1ccc(-c2oc3cc(O)cc(O)c3c(=O)c2O)cc1NCCN,1,c1c(O)c2c(cc1O)oc(-c1cc([*])c([*])cc1)c(O)c2=O,C(N)CN*|*NC,O=c1cc(-c2ccccc2)oc2ccccc12,0.1623846,6.8600,0.8523111,9.2180,0.9721191,2.7661,6
12.6393,23.8950,74.6242,0.7696818,Nc1ccc(CNc2ccc(-c3oc4cc(O)cc(O)c4c(=O)c3O)cc2N)cc1,1,c1c(O)c2c(cc1O)oc(-c1cc([*])c([*])cc1)c(O)c2=O,N*|c1cc(N)ccc1CN*,O=c1cc(-c2ccc(NCc3ccccc3)cc2)oc2ccccc12,0.5402084,8.1120,0.9706038,10.4300,0.9825381,2.5998,6
3.7652,6.3465,-6.3465,0.0000000,Nc1ccc(-c2oc3cc(O)cc(O)c3c(=O)c2O)cc1N,1,c1c(O)c2c(cc1O)oc(-c1cc([*])c([*])cc1)c(O)c2=O,*N|*N,O=c1cc(-c2ccccc2)oc2ccccc12,0.3386784,7.5350,0.8802304,9.3860,0.9807119,2.6350,6
22.0232,26.0839,-26.0715,0.0000966,Nc1cc(-c2oc3cc(O)cc(O)c3c(=O)c2O)ccc1C(C(=O)O)C(=O)c1ccc(O)c(O)c1,1,c1c(O)c2c(cc1O)oc(-c1cc([*])c([*])cc1)c(O)c2=O,N*|C(=O)(O)C(*)C(=O)c1ccc(O)c(O)c1,O=C(Cc1ccc(-c2cc(=O)c3ccccc3o2)cc1)c1ccccc1,0.0000100,0.0000,0.0000100,0.0000,0.8393911,3.4254,6
3.0970,7.2826,-7.2826,0.0000000,Nc1ccc(-c2oc3cc(O)cc(O)c3c(=O)c2O)cc1N,2,c1c(O)c2c(cc1O)oc(-c1cc([*])c([*])cc1)c(O)c2=O,N*|*N,O=c1cc(-c2ccccc2)oc2ccccc12,0.0000000,7.5350,0.0000000,9.3860,0.0000000,2.6350,6
3.3768,8.4991,-8.4991,0.0000000,Nc1ccc(-c2oc3cc(O)cc(O)c3c(=O)c2O)cc1N,2,c1c(O)c2c(cc1O)oc(-c1cc([*])c([*])cc1)c(O)c2=O,N*|N*,O=c1cc(-c2ccccc2)oc2ccccc12,0.0000000,7.5350,0.0000000,9.3860,0.0000000,2.6350,6
8.1183,16.9795,-16.9795,0.0000000,Nc1cc(-c2oc3cc(O)cc(O)c3c(=O)c2O)ccc1-c1ccc(O)cc1,1,c1c(O)c2c(cc1O)oc(-c1cc([*])c([*])cc1)c(O)c2=O,N*|c1cc(*)ccc1O,O=c1cc(-c2ccc(-c3ccccc3)cc2)oc2ccccc12,0.4320647,7.8100,0.9855480,10.9340,0.9845981,2.5555,6
14.4473,17.1354,-17.1354,0.0000000,CC(=CCc1cc(-c2oc3cc(O)cc(O)c3c(=O)c2O)ccc1N)C(=O)O,1,c1c(O)c2c(cc1O)oc(-c1cc([*])c([*])cc1)c(O)c2=O,C(C)(C(O)=O)=CC*|*N,O=c1cc(-c2ccccc2)oc2ccccc12,0.3576174,7.5930,0.9701070,10.4180,0.9543332,2.9439,6
32.9542,34.2168,-34.2057,0.0000872,CC(C)=CCc1cc(-c2oc3cc(O)cc(O)c3c(=O)c2O)ccc1C1C(=O)C(C)=C(N)c2c1ccc(C=O)c2O,1,c1c(O)c2c(cc1O)oc(-c1cc([*])c([*])cc1)c(O)c2=O,*CC=C(C)C|NC1=C(C)C(=O)C(*)c2c1c(O)c(C=O)cc2,O=C1C=Cc2ccccc2C1c1ccc(-c2cc(=O)c3ccccc3o2)cc1,0.0000100,0.0000,0.0000100,0.0000,0.5030850,3.9957,6
25.7764,39.7592,-39.7466,0.0000984,C=CCc1cc(Nc2cc(-c3oc4cc(O)cc(O)c4c(=O)c3O)ccc2-c2cc(C(N)=O)c(O)cc2C)ccc1O,1,c1c(O)c2c(cc1O)oc(-c1cc([*])c([*])cc1)c(O)c2=O,Oc1ccc(N*)cc1CC=C|C(=O)(N)c1c(O)cc(C)c(*)c1,O=c1cc(-c2ccc(-c3ccccc3)c(Nc3ccccc3)c2)oc2ccccc12,0.0000100,0.0000,0.0000100,0.0000,0.9215925,3.1439,6
11.3382,15.5309,-15.5309,0.0000000,C=CCc1ccc(-c2oc3cc(O)cc(O)c3c(=O)c2O)cc1CC=C(C)C,1,c1c(O)c2c(cc1O)oc(-c1cc([*])c([*])cc1)c(O)c2=O,CC(C)=CC*|C(=C)C*,O=c1cc(-c2ccccc2)oc2ccccc12,0.2672108,7.2990,0.9651583,10.3080,0.9542096,2.9449,6
19.7520,26.0275,61.3983,0.6830140,N=C(O)c1ccc(-c2ccc(-c3oc4cc(O)cc(O)c4c(=O)c3O)cc2N)c(O)c1,1,c1c(O)c2c(cc1O)oc(-c1cc([*])c([*])cc1)c(O)c2=O,*N|N=C(O)c1cc(O)c(*)cc1,O=c1cc(-c2ccc(-c3ccccc3)cc2)oc2ccccc12,0.3985317,7.7140,0.9898995,11.1860,0.9550811,2.9379,6
12.8196,22.0557,63.2501,0.6664516,C=CCc1ccc(-c2oc3cc(O)cc(O)c3c(=O)c2O)cc1-c1ccc(O)c(O)c1,1,c1c(O)c2c(cc1O)oc(-c1cc([*])c([*])cc1)c(O)c2=O,Oc1c(O)ccc(*)c1|C(*)C=C,O=c1cc(-c2cccc(-c3ccccc3)c2)oc2ccccc12,0.4292419,7.8020,0.8599319,9.2610,0.9649636,2.8480,6
11.0939,17.1733,-17.1733,0.0000000,Nc1ccc(-c2oc3cc(O)cc(O)c3c(=O)c2O)cc1NCO,1,c1c(O)c2c(cc1O)oc(-c1cc([*])c([*])cc1)c(O)c2=O,*NCO|N*,O=c1cc(-c2ccccc2)oc2ccccc12,0.3284419,7.5030,0.8354507,9.1290,0.9692315,2.8013,6
9.1774,17.9316,-17.9316,0.0000000,Nc1cc(-c2oc3cc(O)cc(O)c3c(=O)c2O)ccc1-c1ccc(O)cc1,2,c1c(O)c2c(cc1O)oc(-c1cc([*])c([*])cc1)c(O)c2=O,*N|c1c(O)ccc(*)c1,O=c1cc(-c2ccc(-c3ccccc3)cc2)oc2ccccc12,0.0000000,7.8100,0.0000000,10.9340,0.0000000,2.5555,6
9.0678,10.7178,-10.7178,0.0000000,CCNc1ccc(-c2oc3cc(O)cc(O)c3c(=O)c2O)cc1C,1,c1c(O)c2c(cc1O)oc(-c1cc([*])c([*])cc1)c(O)c2=O,C*|CCN*,O=c1cc(-c2ccccc2)oc2ccccc12,0.1606305,6.8510,0.9310775,9.8090,0.9863603,2.5126,6
35.1299,37.8090,-37.7965,0.0000975,Cc1cc(O)cc(C)c1NC(=O)CN=C(O)CCc1ccc(-c2oc3cc(O)cc(O)c3c(=O)c2O)cc1CCN,1,c1c(O)c2c(cc1O)oc(-c1cc([*])c([*])cc1)c(O)c2=O,C(*)CN|C(*)CC(=NCC(=O)Nc1c(C)cc(O)cc1C)O,O=C(CN=CCCc1ccc(-c2cc(=O)c3ccccc3o2)cc1)Nc1ccccc1,0.0000100,0.0000,0.0000100,0.0000,0.8808093,3.3051,6
15.8885,23.0472,86.1941,0.8534470,O=c1c(O)c(-c2ccc(Cc3ccc(O)cc3)c(C(F)(F)F)c2)oc2cc(O)cc(O)c12,1,c1c(O)c2c(cc1O)oc(-c1cc([*])c([*])cc1)c(O)c2=O,C(F)(F)(F)*|c1(C*)ccc(O)cc1,O=c1cc(-c2ccc(Cc3ccccc3)cc2)oc2ccccc12,0.7134908,8.6340,0.9535007,10.0990,0.9782818,2.6771,6
8.1417,16.0539,80.4452,0.7538989,Nc1cc(-c2oc3cc(O)cc(O)c3c(=O)c2O)ccc1-c1ccccc1,1,c1c(O)c2c(cc1O)oc(-c1cc([*])c([*])cc1)c(O)c2=O,*N|c1(*)ccccc1,O=c1cc(-c2ccc(-c3ccccc3)cc2)oc2ccccc12,0.5014390,8.0040,0.9895929,11.1650,0.9890455,2.4355,6
23.1579,34.1362,17.5270,0.4036194,Cc1ccc(-c2cc(-c3oc4cc(O)cc(O)c4c(=O)c3O)ccc2Cc2ccc(O)c(C)c2)cc1C,1,c1c(O)c2c(cc1O)oc(-c1cc([*])c([*])cc1)c(O)c2=O,*c1ccc(C)c(C)c1|c1cc(O)c(C)cc1C*,O=c1cc(-c2ccc(Cc3ccccc3)c(-c3ccccc3)c2)oc2ccccc12,0.8111995,9.0130,0.1293376,6.6750,0.9730951,2.7533,6
8.0535,1.5792,-1.5792,0.0000000,Cc1ccc(-c2oc3cc(O)cc(O)c3c(=O)c2O)cc1C,1,c1c(O)c2c(cc1O)oc(-c1cc([*])c([*])cc1)c(O)c2=O,C*|C*,O=c1cc(-c2ccccc2)oc2ccccc12,0.3026550,7.4200,0.9610725,10.2280,0.9905877,2.3822,6
12.0614,21.0826,72.5356,0.7313928,Cc1cc(-c2ccc(-c3oc4cc(O)cc(O)c4c(=O)c3O)cc2N)ccc1N,1,c1c(O)c2c(cc1O)oc(-c1cc([*])c([*])cc1)c(O)c2=O,N*|Nc1ccc(*)cc1C,O=c1cc(-c2ccc(-c3ccccc3)cc2)oc2ccccc12,0.4744779,7.9290,0.9746929,10.5370,0.9785565,2.6726,6
13.4576,21.2227,-21.2227,0.0000000,C=CCc1ccc(-c2oc3cc(O)cc(O)c3c(=O)c2O)cc1NCCO,1,c1c(O)c2c(cc1O)oc(-c1cc([*])c([*])cc1)c(O)c2=O,C(N*)CO|C(*)C=C,O=c1cc(-c2ccccc2)oc2ccccc12,0.1647472,6.8720,0.9217701,9.7140,0.9655526,2.8419,6
3.7768,7.6611,-7.6611,0.0000000,Nc1ccc(-c2oc3cc(O)cc(O)c3c(=O)c2O)cc1N,2,c1c(O)c2c(cc1O)oc(-c1cc([*])c([*])cc1)c(O)c2=O,*N|N*,O=c1cc(-c2ccccc2)oc2ccccc12,0.0000000,7.5350,0.0000000,9.3860,0.0000000,2.6350,6
5.8256,10.0219,-10.0219,0.0000000,CC(C)=CCc1cc(-c2oc3cc(O)cc(O)c3c(=O)c2O)ccc1N,1,c1c(O)c2c(cc1O)oc(-c1cc([*])c([*])cc1)c(O)c2=O,*CC=C(C)C|*N,O=c1cc(-c2ccccc2)oc2ccccc12,0.2960148,7.3980,0.9697713,10.4100,0.9657127,2.8402,6
10.6774,17.1563,-17.1563,0.0000000,COC(=O)Cc1cc(-c2oc3cc(O)cc(O)c3c(=O)c2O)ccc1N,1,c1c(O)c2c(cc1O)oc(-c1cc([*])c([*])cc1)c(O)c2=O,O=C(OC)C*|N*,O=c1cc(-c2ccccc2)oc2ccccc12,0.1780258,6.9370,0.9348567,9.8510,0.9795681,2.6554,6
17.4676,27.9555,59.8840,0.6862465,N=C(N)Cc1ccc(-c2oc3cc(O)cc(O)c3c(=O)c2O)cc1C=Cc1ccc(O)c(O)c1,1,c1c(O)c2c(cc1O)oc(-c1cc([*])c([*])cc1)c(O)c2=O,c1(O)c(O)ccc(C=C*)c1|N=C(C*)N,O=c1cc(-c2cccc(C=Cc3ccccc3)c2)oc2ccccc12,0.7164237,8.6440,0.5633388,8.1770,0.9343759,3.0772,6
20.2785,28.9564,-28.9437,0.0000993,O=c1c(O)c(-c2ccc(C=Cc3ccccc3)c(Cc3cccc(O)c3O)c2)oc2cc(O)cc(O)c12,1,c1(=O)c(O)c(-c2cc([*])c([*])cc2)oc2cc(O)cc(O)c12,Oc1c(O)cccc1C*|c1cccc(C=C*)c1,O=c1cc(-c2ccc(C=Cc3ccccc3)c(Cc3ccccc3)c2)oc2ccccc12,0.0000100,0.0000,0.0000100,0.0000,0.9642913,2.8549,7
22.0683,29.1181,-29.1060,0.0000948,O=CNc1cc(C(O)CNc2ccc(-c3oc4cc(O)cc(O)c4c(=O)c3O)cc2-c2ccc(O)c(O)c2)ccc1O,1,c1(=O)c(O)c(-c2cc([*])c([*])cc2)oc2cc(O)cc(O)c12,c1c(O)c(O)ccc1*|C(O)(CN*)c1ccc(O)c(NC=O)c1,O=c1cc(-c2ccc(NCCc3ccccc3)c(-c3ccccc3)c2)oc2ccccc12,0.0000100,0.0000,0.0000100,0.0000,0.7661306,3.5877,7
22.7407,34.1068,-34.0942,0.0000991,Cc1ccc(-c2ccc(-c3oc4cc(O)cc(O)c4c(=O)c3O)cc2-c2ccc(C)cc2C=NNC(N)=S)cc1,1,c1(=O)c(O)c(-c2cc([*])c([*])cc2)oc2cc(O)cc(O)c12,C(c1c(*)ccc(C)c1)=NNC(=S)N|c1(C)ccc(*)cc1,O=c1cc(-c2ccc(-c3ccccc3)c(-c3ccccc3)c2)oc2ccccc12,0.0000100,0.0000,0.0000100,0.0000,0.9558060,2.9320,7
9.1673,14.5473,79.3107,0.7332659,Cc1ccc(Nc2cc(-c3oc4cc(O)cc(O)c4c(=O)c3O)ccc2N)cc1,1,c1(=O)c(O)c(-c2cc([*])c([*])cc2)oc2cc(O)cc(O)c12,*Nc1ccc(C)cc1|*N,O=c1cc(-c2cccc(Nc3ccccc3)c2)oc2ccccc12,0.4967621,7.9910,0.9330817,9.8310,0.9866684,2.5046,7
10.8406,18.7550,84.3392,0.8054240,Nc1cccc(-c2cc(-c3oc4cc(O)cc(O)c4c(=O)c3O)ccc2N)c1,1,c1(=O)c(O)c(-c2cc([*])c([*])cc2)oc2cc(O)cc(O)c12,c1c(N)cccc1*|*N,O=c1cc(-c2cccc(-c3ccccc3)c2)oc2ccccc12,0.5931610,8.2620,0.9904456,11.2250,0.9820113,2.6103,7
11.7136,25.5642,-24.4288,0.0088707,Cc1ccc(-c2cc(-c3oc4cc(O)cc(O)c4c(=O)c3O)ccc2Nc2ccc(O)cc2)cc1,1,c1(=O)c(O)c(-c2cc([*])c([*])cc2)oc2cc(O)cc(O)c12,c1cc(C)ccc1*|Oc1ccc(N*)cc1,O=c1cc(-c2ccc(Nc3ccccc3)c(-c3ccccc3)c2)oc2ccccc12,0.7471849,8.7530,0.0000100,0.0000,0.9838860,2.5714,7
17.4464,29.1201,-29.1073,0.0000994,O=C(CNc1ccc(-c2oc3cc(O)cc(O)c3c(=O)c2O)cc1-c1ccc(O)cc1)c1ccc(O)cc1,1,c1(=O)c(O)c(-c2cc([*])c([*])cc2)oc2cc(O)cc(O)c12,c1cc(O)ccc1*|C(N*)C(=O)c1ccc(O)cc1,O=C(CNc1ccc(-c2cc(=O)c3ccccc3o2)cc1-c1ccccc1)c1ccccc1,0.0000100,0.0000,0.0000100,0.0000,0.9728019,2.7572,7
12.2288,16.5642,68.6456,0.6657016,Nc1ccc(-c2oc3cc(O)cc(O)c3c(=O)c2O)cc1Nc1ccc(O)c(O)c1,1,c1(=O)c(O)c(-c2cc([*])c([*])cc2)oc2cc(O)cc(O)c12,c1(O)c(O)cc(N*)cc1|*N,O=c1cc(-c2cccc(Nc3ccccc3)c2)oc2ccccc12,0.5629846,8.1760,0.6499501,8.4300,0.9764392,2.7060,7
13.8739,25.7205,-24.4814,0.0096811,Cc1ccc(-c2cc(-c3oc4cc(O)cc(O)c4c(=O)c3O)ccc2-c2ccc(O)c(C)c2)cc1,1,c1(=O)c(O)c(-c2cc([*])c([*])cc2)oc2cc(O)cc(O)c12,*c1ccc(C)cc1|c1c(O)c(C)cc(*)c1,O=c1cc(-c2ccc(-c3ccccc3)c(-c3ccccc3)c2)oc2ccccc12,0.9302417,9.8000,0.0000100,0.0000,0.9827423,2.5956,7
13.8550,26.5524,-25.4121,0.0089091,Cc1cccc(-c2cc(-c3oc4cc(O)cc(O)c4c(=O)c3O)ccc2-c2ccc(N)cc2)c1,1,c1(=O)c(O)c(-c2cc([*])c([*])cc2)oc2cc(O)cc(O)c12,c1(*)cc(C)ccc1|c1c(N)ccc(*)c1,O=c1cc(-c2ccc(-c3ccccc3)c(-c3ccccc3)c2)oc2ccccc12,0.7549868,8.7820,0.0000100,0.0000,0.9846719,2.5538,7
11.1067,21.9464,60.2272,0.6419814,Cc1cc(Nc2cc(-c3oc4cc(O)cc(O)c4c(=O)c3O)ccc2N)ccc1N,1,c1(=O)c(O)c(-c2cc([*])c([*])cc2)oc2cc(O)cc(O)c12,c1(C)c(N)ccc(N*)c1|N*,O=c1cc(-c2cccc(Nc3ccccc3)c2)oc2ccccc12,0.6964330,8.5770,0.4795040,7.9430,0.9778422,2.6842,7
36.6318,43.6726,-43.6602,0.0000975,CN=c1cc(O)c(C(N)=O)c(-c2cc(-c3oc4cc(O)cc(O)c4c(=O)c3O)ccc2Cc2ccc(C)cc2)cc1O,1,c1(=O)c(O)c(-c2cc([*])c([*])cc2)oc2cc(O)cc(O)c12,NC(c1c(O)cc(=NC)c(O)cc1*)=O|c1(C*)ccc(C)cc1,N=c1cccc(-c2cc(-c3cc(=O)c4ccccc4o3)ccc2Cc2ccccc2)cc1,0.0000100,0.0000,0.0000100,0.0000,0.8803959,3.3065,7
16.7355,26.8076,-26.7949,0.0000995,Cc1ccccc1-c1cc(-c2oc3cc(O)cc(O)c3c(=O)c2O)ccc1NCc1ccc(O)c(O)c1,1,c1(=O)c(O)c(-c2cc([*])c([*])cc2)oc2cc(O)cc(O)c12,c1c(*)c(C)ccc1|Oc1c(O)ccc(CN*)c1,O=c1cc(-c2ccc(NCc3ccccc3)c(-c3ccccc3)c2)oc2ccccc12,0.0000100,0.0000,0.0000100,0.0000,0.9745007,2.7342,7
4.5358,5.2361,-5.2361,0.0000000,Nc1ccc(-c2oc3cc(O)cc(O)c3c(=O)c2O)cc1N,1,c1(=O)c(O)c(-c2cc([*])c([*])cc2)oc2cc(O)cc(O)c12,*N|N*,O=c1cc(-c2ccccc2)oc2ccccc12,0.3386784,7.5350,0.8802304,9.3860,0.9807119,2.6350,7
23.4521,34.3243,-34.3117,0.0000985,Cc1cc(C=Nc2ccc(C)c(-c3cc(-c4oc5cc(O)cc(O)c5c(=O)c4O)ccc3NCC(=O)O)c2)ccc1O,1,c1(=O)c(O)c(-c2cc([*])c([*])cc2)oc2cc(O)cc(O)c12,N(c1ccc(C)c(*)c1)=Cc1ccc(O)c(C)c1|C(N*)C(=O)O,O=c1cc(-c2cccc(-c3cccc(N=Cc4ccccc4)c3)c2)oc2ccccc12,0.0000100,0.0000,0.0000100,0.0000,0.9263055,3.1205,7
7.6618,13.0784,92.6315,0.8258585,Nc1cc(-c2oc3cc(O)cc(O)c3c(=O)c2O)ccc1-c1ccc(O)c(O)c1,1,c1(=O)c(O)c(-c2cc([*])c([*])cc2)oc2cc(O)cc(O)c12,*N|c1c(O)c(O)ccc1*,O=c1cc(-c2ccc(-c3ccccc3)cc2)oc2ccccc12,0.6334077,8.3800,0.9896961,11.1720,0.9775926,2.6882,7
13.6255,25.1505,67.2843,0.7221470,CNc1ccc(-c2ccc(-c3oc4cc(O)cc(O)c4c(=O)c3O)cc2N)c(C)c1,1,c1(=O)c(O)c(-c2cc([*])c([*])cc2)oc2cc(O)cc(O)c12,N*|c1(C)cc(NC)ccc1*,O=c1cc(-c2ccc(-c3ccccc3)cc2)oc2ccccc12,0.4540782,7.8720,0.9878469,11.0560,0.9760854,2.7113,7
16.2627,25.8402,-25.8277,0.0000983,Cc1cccc(O)c1N=Nc1ccc(O)c(-c2cc(-c3oc4cc(O)cc(O)c4c(=O)c3O)ccc2N)c1,1,c1(=O)c(O)c(-c2cc([*])c([*])cc2)oc2cc(O)cc(O)c12,Oc1cccc(C)c1N=Nc1ccc(O)c(*)c1|*N,O=c1cc(-c2cccc(-c3cccc(N=Nc4ccccc4)c3)c2)oc2ccccc12,0.0000100,0.0000,0.0000100,0.0000,0.9196190,3.1532,7
11.7150,17.0245,-16.0536,0.0075854,Cc1cc(N)c(O)cc1-c1cc(-c2oc3cc(O)cc(O)c3c(=O)c2O)ccc1N,1,c1(=O)c(O)c(-c2cc([*])c([*])cc2)oc2cc(O)cc(O)c12,Oc1c(N)cc(C)c(*)c1|N*,O=c1cc(-c2cccc(-c3ccccc3)c2)oc2ccccc12,0.5100724,8.0280,0.0000100,0.0000,0.9652482,2.8451,7
16.9293,29.5818,-29.5691,0.0000995,Cc1ccc(CNc2ccc(-c3oc4cc(O)cc(O)c4c(=O)c3O)cc2-c2ccc(C)cc2O)cc1,1,c1(=O)c(O)c(-c2cc([*])c([*])cc2)oc2cc(O)cc(O)c12,c1c(C)cc(O)c(*)c1|c1c(C)ccc(CN*)c1,O=c1cc(-c2ccc(NCc3ccccc3)c(-c3ccccc3)c2)oc2ccccc12,0.0000100,0.0000,0.0000100,0.0000,0.9767677,2.7010,7
8.2094,18.3775,79.9398,0.7681041,Cc1ccc(O)c(Nc2cc(-c3oc4cc(O)cc(O)c4c(=O)c3O)ccc2N)c1,1,c1(=O)c(O)c(-c2cc([*])c([*])cc2)oc2cc(O)cc(O)c12,Oc1ccc(C)cc1N*|*N,O=c1cc(-c2cccc(Nc3ccccc3)c2)oc2ccccc12,0.5409232,8.1140,0.9665814,10.3380,0.9780306,2.6812,7
4.6381,5.4715,-5.4715,0.0000000,Nc1ccc(-c2oc3cc(O)cc(O)c3c(=O)c2O)cc1N,2,c1(=O)c(O)c(-c2cc([*])c([*])cc2)oc2cc(O)cc(O)c12,N*|*N,O=c1cc(-c2ccccc2)oc2ccccc12,0.0000000,7.5350,0.0000000,9.3860,0.0000000,2.6350,7
33.4215,56.3522,-56.3522,0.0000000,c1(C)cc(C)ccc1O)c1ccc(N*)cc1|C(=Nc1ccccc1)*,0,c1(=O)c(O)c(-c2cc([*])c([*])cc2)oc2cc(O)cc(O)c12,c1(C)cc(C)ccc1O)c1ccc(N*)cc1|C(=Nc1ccccc1)*,,0.0000000,0.0000,0.0000000,0.0000,0.0000000,0.0000,7
12.3643,13.4931,-12.4510,0.0081415,Nc1cc(-c2oc3cc(O)cc(O)c3c(=O)c2O)ccc1C=Cc1ccc(O)c(O)c1,1,c1(=O)c(O)c(-c2cc([*])c([*])cc2)oc2cc(O)cc(O)c12,N*|Oc1ccc(C=C*)cc1O,O=c1cc(-c2ccc(C=Cc3ccccc3)cc2)oc2ccccc12,0.6086900,8.3070,0.0000100,0.0000,0.9654742,2.8427,7
14.2008,22.9160,16.6764,0.3093161,COc1ccc(C=Nc2cc(-c3oc4cc(O)cc(O)c4c(=O)c3O)ccc2N)cc1,1,c1(=O)c(O)c(-c2cc([*])c([*])cc2)oc2cc(O)cc(O)c12,c1cc(OC)ccc1C=N*|N*,O=c1cc(-c2cccc(N=Cc3ccccc3)c2)oc2ccccc12,0.4687401,7.9130,0.1151455,6.5830,0.9719734,2.7679,7
10.9694,13.1818,93.9723,0.8371417,Cc1cc(-c2oc3cc(O)cc(O)c3c(=O)c2O)ccc1-c1ccc(O)cc1,1,c1(=O)c(O)c(-c2cc([*])c([*])cc2)oc2cc(O)cc(O)c12,C*|c1(*)ccc(O)cc1,O=c1cc(-c2ccc(-c3ccccc3)cc2)oc2ccccc12,0.6525648,8.4380,0.9883875,11.0880,0.9883097,2.4583,7
20.6055,29.0321,-27.7737,0.0098317,Cc1cc(Nc2cc(-c3oc4cc(O)cc(O)c4c(=O)c3O)ccc2NCC(=O)O)ccc1F,1,c1(=O)c(O)c(-c2cc([*])c([*])cc2)oc2cc(O)cc(O)c12,Fc1ccc(N*)cc1C|C(N*)C(O)=O,O=c1cc(-c2cccc(Nc3ccccc3)c2)oc2ccccc12,0.0000100,0.0000,0.9719289,10.4630,0.9724643,2.7616,7
24.0856,29.9310,16.6889,0.3642181,O=c1c(O)c(-c2ccc(-c3c(Cl)cccc3Cl)c(CC=NO)c2)oc2cc(O)cc(O)c12,1,c1(=O)c(O)c(-c2cc([*])c([*])cc2)oc2cc(O)cc(O)c12,C(*)C=NO|*c1c(Cl)cccc1Cl,O=c1cc(-c2ccc(-c3ccccc3)cc2)oc2ccccc12,0.4555054,7.8760,0.1814203,6.9530,0.9385312,3.0530,7
31.0835,41.3492,-41.3492,0.0000000,[nH]1c(C)cc(N=C)cc1=O)*|c1c(O)c(O)ccc1*,0,c1(=O)c(O)c(-c2cc([*])c([*])cc2)oc2cc(O)cc(O)c12,[nH]1c(C)cc(N=C)cc1=O)*|c1c(O)c(O)ccc1*,,0.0000000,0.0000,0.0000000,0.0000,0.0000000,0.0000,7
16.5752,27.7341,-7.5691,0.1575396,Nc1cc(-c2oc3cc(O)cc(O)c3c(=O)c2O)ccc1Nc1ccc(N=Cc2ccccc2O)cc1,1,c1(=O)c(O)c(-c2cc([*])c([*])cc2)oc2cc(O)cc(O)c12,*N|Oc1ccccc1C=Nc1ccc(N*)cc1,O=c1cc(-c2ccc(Nc3ccc(N=Cc4ccccc4)cc3)cc2)oc2ccccc12,0.6256886,8.3570,0.0160499,5.1400,0.9622461,2.8749,7
19.8714,32.9966,70.4966,0.8085402,O=c1c(O)c(-c2ccc(Nc3ccccc3F)c(Nc3cccc(O)c3)c2)oc2cc(O)cc(O)c12,1,c1(=O)c(O)c(-c2cc([*])c([*])cc2)oc2cc(O)cc(O)c12,Oc1cccc(N*)c1|N(c1ccccc1F)*,O=c1cc(-c2ccc(Nc3ccccc3)c(Nc3ccccc3)c2)oc2ccccc12,0.7336338,8.7040,0.8107584,9.0110,0.9767120,2.7019,7
15.6658,23.7362,57.7753,0.6368086,CN(C)c1ccc(-c2oc3cc(O)cc(O)c3c(=O)c2O)cc1-c1ccccc1,1,c1(=O)c(O)c(-c2cc([*])c([*])cc2)oc2cc(O)cc(O)c12,c1ccccc1*|N(C)(*)C,O=c1cc(-c2cccc(-c3ccccc3)c2)oc2ccccc12,0.3756606,7.6470,0.8673866,9.3050,0.9863435,2.5130,7
10.8377,21.1400,79.0153,0.7824634,Cc1ccc(Nc2ccc(-c3oc4cc(O)cc(O)c4c(=O)c3O)cc2-c2ccccc2)cc1,1,c12c(oc(-c3ccc([*])c([*])c3)c(O)c1=O)cc(O)cc2O,*Nc1ccc(C)cc1|c1(*)ccccc1,O=c1cc(-c2ccc(Nc3ccccc3)c(-c3ccccc3)c2)oc2ccccc12,0.7302455,8.6920,0.7460958,8.7490,0.9880822,2.4651,8
9.7976,17.9910,88.7847,0.8341853,O=c1c(O)c(-c2ccc(-c3ccc(O)cc3)c(-c3ccc(O)cc3)c2)oc2cc(O)cc(O)c12,1,c12c(oc(-c3ccc([*])c([*])c3)c(O)c1=O)cc(O)cc2O,Oc1ccc(*)cc1|*c1ccc(O)cc1,O=c1cc(-c2ccc(-c3ccccc3)c(-c3ccccc3)c2)oc2ccccc12,0.8038184,8.9800,0.7969208,8.9500,0.9843883,2.5602,8
14.4560,22.6943,59.8337,0.6447504,O=CCNc1ccc(-c2oc3cc(O)cc(O)c3c(=O)c2O)cc1-c1ccc(O)cc1,1,c12c(oc(-c3ccc([*])c([*])c3)c(O)c1=O)cc(O)cc2O,*NCC=O|c1cc(*)ccc1O,O=c1cc(-c2cccc(-c3ccccc3)c2)oc2ccccc12,0.3743115,7.6430,0.9054592,9.5700,0.9699602,2.7928,8
18.4073,22.2228,65.6942,0.6868510,Nc1cc(-c2oc3cc(O)cc(O)c3c(=O)c2O)ccc1-c1ccc(N)c(O)c(=O)c1,1,c12c(oc(-c3ccc([*])c([*])c3)c(O)c1=O)cc(O)cc2O,c1c(N)c(O)c(=O)cc(*)c1|*N,O=c1ccccc(-c2ccc(-c3cc(=O)c4ccccc4o3)cc2)c1,0.4075337,7.7400,0.9793608,10.6820,0.9596215,2.8992,8
13.7913,20.3274,-20.3146,0.0000994,Cc1ccc(-c2cc(-c3oc4cc(O)cc(O)c4c(=O)c3O)ccc2C=Cc2ccc(O)c(O)c2)cc1,1,c12c(oc(-c3ccc([*])c([*])c3)c(O)c1=O)cc(O)cc2O,C(=Cc1ccc(O)c(O)c1)*|c1c(*)ccc(C)c1,O=c1cc(-c2ccc(C=Cc3ccccc3)c(-c3ccccc3)c2)oc2ccccc12,0.0000100,0.0000,0.0000100,0.0000,0.9700441,2.7918,8
12.5476,23.4106,-22.2045,0.0094228,O=c1c(O)c(-c2ccc(-c3ccccc3F)c(-c3ccc(O)cc3)c2)oc2cc(O)cc(O)c12,1,c12c(oc(-c3ccc([*])c([*])c3)c(O)c1=O)cc(O)cc2O,c1(F)ccccc1*|c1cc(O)ccc1*,O=c1cc(-c2ccc(-c3ccccc3)c(-c3ccccc3)c2)oc2ccccc12,0.8685411,9.3120,0.0000100,0.0000,0.9847433,2.5521,8
16.9054,25.6235,-25.6235,0.0000000,N*|c1c(*)oc(C)cc1,0,c12c(oc(-c3ccc([*])c([*])c3)c(O)c1=O)cc(O)cc2O,N*|c1c(*)oc(C)cc1,,0.0000000,0.0000,0.0000000,0.0000,0.0000000,0.0000,8
11.8904,21.6998,-20.5461,0.0090132,O=c1c(O)c(-c2ccc(-c3ccc(O)cc3)c(Cc3ccccc3)c2)oc2cc(O)cc(O)c12,1,c12c(oc(-c3ccc([*])c([*])c3)c(O)c1=O)cc(O)cc2O,Oc1ccc(*)cc1|c1cc(C*)ccc1,O=c1cc(-c2ccc(-c3ccccc3)c(Cc3ccccc3)c2)oc2ccccc12,0.7766543,8.8660,0.0000100,0.0000,0.9861381,2.5183,8
20.2906,20.6501,72.8855,0.7307467,Cc1nc(-c2cc(-c3oc4cc(O)cc(O)c4c(=O)c3O)ccc2N)c[nH]1,1,c12c(oc(-c3ccc([*])c([*])c3)c(O)c1=O)cc(O)cc2O,*N|c1(*)c[nH]c(C)n1,O=c1cc(-c2cccc(-c3c[nH]cn3)c2)oc2ccccc12,0.4845344,7.9570,0.9783177,10.6470,0.9273109,3.1154,8
22.6926,29.5222,-29.5099,0.0000953,C=CC(C)(O)C=Cc1ccc(-c2oc3cc(O)cc(O)c3c(=O)c2O)cc1-c1cc(C)ccc1C,1,c12c(oc(-c3ccc([*])c([*])c3)c(O)c1=O)cc(O)cc2O,C(=C)C(O)(C)C=C*|Cc1ccc(C)cc1*,O=c1cc(-c2cccc(-c3ccccc3)c2)oc2ccccc12,0.0000100,0.0000,0.0000100,0.0000,0.7871745,3.5456,8
15.8486,27.4186,-27.4059,0.0000992,Cc1ccc(C)c(-c2ccc(-c3oc4cc(O)cc(O)c4c(=O)c3O)cc2-c2ccc(O)c(O)c2)c1O,1,c12c(oc(-c3ccc([*])c([*])c3)c(O)c1=O)cc(O)cc2O,c1(C)ccc(C)c(O)c1*|c1c(*)ccc(O)c1O,O=c1cc(-c2ccc(-c3ccccc3)c(-c3ccccc3)c2)oc2ccccc12,0.0000100,0.0000,0.0000100,0.0000,0.9600500,2.8954,8
31.4491,41.2985,-41.2872,0.0000880,C=CC1(C)Oc2ccc(O)cc2C1c1ccc(-c2oc3cc(O)cc(O)c3c(=O)c2O)cc1-c1cccc(O)c1,1,c12c(oc(-c3ccc([*])c([*])c3)c(O)c1=O)cc(O)cc2O,CC1(C=C)C(*)c2cc(O)ccc2O1|c1(O)cccc(*)c1,O=c1cc(-c2ccc(C3COc4ccccc43)c(-c3ccccc3)c2)oc2ccccc12,0.0000100,0.0000,0.0000100,0.0000,0.5265245,3.9631,8
14.5394,24.8020,-23.6422,0.0090604,Cc1ccc(-c2cc(-c3oc4cc(O)cc(O)c4c(=O)c3O)ccc2Nc2ccc(C)cc2C)cc1,1,c12c(oc(-c3ccc([*])c([*])c3)c(O)c1=O)cc(O)cc2O,c1(C)ccc(N*)c(C)c1|c1c(*)ccc(C)c1,O=c1cc(-c2ccc(Nc3ccccc3)c(-c3ccccc3)c2)oc2ccccc12,0.7881672,8.9130,0.0000100,0.0000,0.9829068,2.5922,8
8.1512,18.4994,-18.4994,0.0000000,O=c1c(O)c(-c2ccc(-c3ccc(O)cc3)c(-c3ccc(O)cc3)c2)oc2cc(O)cc(O)c12,2,c12c(oc(-c3ccc([*])c([*])c3)c(O)c1=O)cc(O)cc2O,c1cc(*)ccc1O|c1cc(O)ccc1*,O=c1cc(-c2ccc(-c3ccccc3)c(-c3ccccc3)c2)oc2ccccc12,0.0000000,8.9800,0.0000000,8.9500,0.0000000,2.5602,8
19.0024,32.5424,-32.5296,0.0000995,Cc1ccc(-c2cc(-c3oc4cc(O)cc(O)c4c(=O)c3O)ccc2-c2ccc3cccc(O)c3c2)cc1C,1,c12c(oc(-c3ccc([*])c([*])c3)c(O)c1=O)cc(O)cc2O,c1(O)cccc2ccc(*)cc12|c1cc(C)c(C)cc1*,O=c1cc(-c2ccc(-c3ccc4ccccc4c3)c(-c3ccccc3)c2)oc2ccccc12,0.0000100,0.0000,0.0000100,0.0000,0.9747080,2.7313,8
16.0515,25.7719,-25.7591,0.0000995,Nc1cc(-c2ccc(-c3oc4cc(O)cc(O)c4c(=O)c3O)cc2-c2ccc(O)cc2)cc2ccccc12,1,c12c(oc(-c3ccc([*])c([*])c3)c(O)c1=O)cc(O)cc2O,c1c2c(N)cc(*)cc2ccc1|c1(*)ccc(O)cc1,O=c1cc(-c2ccc(-c3ccc4ccccc4c3)c(-c3ccccc3)c2)oc2ccccc12,0.0000100,0.0000,0.0000100,0.0000,0.9736679,2.7457,8
19.2009,29.1613,-29.1486,0.0000993,Cc1ccc(-c2cc(-c3oc4cc(O)cc(O)c4c(=O)c3O)ccc2-c2ccc(O)c(CO)c2O)cc1,1,c12c(oc(-c3ccc([*])c([*])c3)c(O)c1=O)cc(O)cc2O,Oc1ccc(*)c(O)c1CO|c1c(C)ccc(*)c1,O=c1cc(-c2ccc(-c3ccccc3)c(-c3ccccc3)c2)oc2ccccc12,0.0000100,0.0000,0.0000100,0.0000,0.9644348,2.8534,8
17.4441,27.6435,-27.6307,0.0000996,Cc1ccc(CNc2ccc(-c3oc4cc(O)cc(O)c4c(=O)c3O)cc2Nc2ccc(O)cc2)cc1,1,c12c(oc(-c3ccc([*])c([*])c3)c(O)c1=O)cc(O)cc2O,*NCc1ccc(C)cc1|c1cc(O)ccc1N*,O=c1cc(-c2ccc(NCc3ccccc3)c(Nc3ccccc3)c2)oc2ccccc12,0.0000100,0.0000,0.0000100,0.0000,0.9806193,2.6367,8
13.3189,19.8283,-18.6260,0.0093937,O=c1c(O)c(-c2ccc(-c3ccccc3)c(Cc3ccc(O)cc3)c2)oc2cc(O)cc(O)c12,1,c12c(oc(-c3ccc([*])c([*])c3)c(O)c1=O)cc(O)cc2O,*c1ccccc1|c1(C*)ccc(O)cc1,O=c1cc(-c2ccc(-c3ccccc3)c(Cc3ccccc3)c2)oc2ccccc12,0.8613129,9.2690,0.0000100,0.0000,0.9859926,2.5220,8
16.3495,27.6791,58.5609,0.6737500,NCCc1ccc(-c2oc3cc(O)cc(O)c3c(=O)c2O)cc1-c1ccc(N)cc1,1,c12c(oc(-c3ccc([*])c([*])c3)c(O)c1=O)cc(O)cc2O,C(*)CN|c1(N)ccc(*)cc1,O=c1cc(-c2cccc(-c3ccccc3)c2)oc2ccccc12,0.4292419,7.8020,0.8770075,9.3650,0.9796771,2.6535,8
12.6820,19.8700,75.0503,0.7415643,Nc1cc(-c2oc3cc(O)cc(O)c3c(=O)c2O)ccc1-c1cccc(C=O)c1,1,c12c(oc(-c3ccc([*])c([*])c3)c(O)c1=O)cc(O)cc2O,c1c(*)cccc1C=O|*N,O=c1cc(-c2ccc(-c3ccccc3)cc2)oc2ccccc12,0.4848939,7.9580,0.9876202,11.0430,0.9778466,2.6841,8
12.6501,23.8207,-22.6337,0.0092735,Nc1ccc(C=Cc2ccc(-c3oc4cc(O)cc(O)c4c(=O)c3O)cc2-c2ccccc2)cc1,1,c12c(oc(-c3ccc([*])c([*])c3)c(O)c1=O)cc(O)cc2O,c1cc(N)ccc1C=C*|c1cc(*)ccc1,O=c1cc(-c2ccc(C=Cc3ccccc3)c(-c3ccccc3)c2)oc2ccccc12,0.8368309,9.1360,0.0000100,0.0000,0.9793574,2.6591,8
20.7230,34.2305,-34.2178,0.0000992,Cc1ccc(-c2cc(-c3oc4cc(O)cc(O)c4c(=O)c3O)ccc2-c2cc(C=Cc3ccc(O)cc3)ccc2O)cc1,1,c12c(oc(-c3ccc([*])c([*])c3)c(O)c1=O)cc(O)cc2O,Oc1ccc(C=Cc2ccc(O)cc2)cc1*|c1cc(C)ccc1*,O=c1cc(-c2ccc(-c3cccc(C=Cc4ccccc4)c3)c(-c3ccccc3)c2)oc2ccccc12,0.0000100,0.0000,0.0000100,0.0000,0.9621745,2.8756,8
18.1929,19.9641,83.2626,0.8064585,Cc1cc(-c2cc(-c3oc4cc(O)cc(O)c4c(=O)c3O)ccc2C(F)(F)F)ccc1O,1,c12c(oc(-c3ccc([*])c([*])c3)c(O)c1=O)cc(O)cc2O,C(F)(*)(F)F|Cc1cc(*)ccc1O,O=c1cc(-c2cccc(-c3ccccc3)c2)oc2ccccc12,0.6035362,8.2920,0.9805203,10.7230,0.9740704,2.7402,8
11.3353,19.9593,85.5849,0.8245637,O=c1c(O)c(-c2ccc(-c3ccc(F)cc3)c(-c3ccccc3O)c2)oc2cc(O)cc(O)c12,1,c12c(oc(-c3ccc([*])c([*])c3)c(O)c1=O)cc(O)cc2O,c1(F)ccc(*)cc1|c1(O)ccccc1*,O=c1cc(-c2ccc(-c3ccccc3)c(-c3ccccc3)c2)oc2ccccc12,0.8067520,8.9930,0.7711142,8.8440,0.9849260,2.5479,8
26.8952,39.5363,-39.5363,0.0000000,c1c2c(c(O)ccc(N=Nc3ccc(*)cc3)c2O)ccc1|N*,0,c12c(oc(-c3ccc([*])c([*])c3)c(O)c1=O)cc(O)cc2O,c1c2c(c(O)ccc(N=Nc3ccc(*)cc3)c2O)ccc1|N*,,0.0000000,0.0000,0.0000000,0.0000,0.0000000,0.0000,8
28.8876,37.6864,-37.6740,0.0000972,CC1NCCCc2cc(-c3ccc(-c4oc5cc(O)cc(O)c5c(=O)c4O)cc3Cc3ccccc3)ccc21,1,c12c(oc(-c3ccc([*])c([*])c3)c(O)c1=O)cc(O)cc2O,C1CNC(C)c2ccc(*)cc2C1|c1cc(C*)ccc1,O=c1cc(-c2ccc(-c3ccc4c(c3)CCCNC4)c(Cc3ccccc3)c2)oc2ccccc12,0.0000100,0.0000,0.0000100,0.0000,0.8687079,3.3435,8
12.7304,22.8181,-21.7481,0.0083592,O=c1c(O)c(-c2ccc(C=Cc3cccc(O)c3)c(-c3ccc(O)cc3)c2)oc2cc(O)cc(O)c12,1,c12c(oc(-c3ccc([*])c([*])c3)c(O)c1=O)cc(O)cc2O,c1c(O)cccc1C=C*|c1cc(*)ccc1O,O=c1cc(-c2ccc(C=Cc3ccccc3)c(-c3ccccc3)c2)oc2ccccc12,0.6483113,8.4250,0.0000100,0.0000,0.9711126,2.7788,8
13.2949,20.9532,65.0352,0.6717839,O=c1c(O)c(-c2ccc(-c3ccc(O)cc3)c(Nc3ccc(F)cc3)c2)oc2cc(O)cc(O)c12,1,c12c(oc(-c3ccc([*])c([*])c3)c(O)c1=O)cc(O)cc2O,c1c(*)ccc(O)c1|c1c(F)ccc(N*)c1,O=c1cc(-c2ccc(-c3ccccc3)c(Nc3ccccc3)c2)oc2ccccc12,0.7531185,8.7750,0.4953230,7.9870,0.9832059,2.5860,8
14.2415,30.5754,-30.5628,0.0000988,Cc1ccc(O)c(O)c1-c1ccc(-c2oc3cc(O)cc(O)c3c(=O)c2O)cc1Cc1cccc(O)c1O,1,c12c(oc(-c3ccc([*])c([*])c3)c(O)c1=O)cc(O)cc2O,Oc1c(O)ccc(C)c1*|c1(O)c(O)cccc1C*,O=c1cc(-c2ccc(-c3ccccc3)c(Cc3ccccc3)c2)oc2ccccc12,0.0000100,0.0000,0.0000100,0.0000,0.9403471,3.0419,8
14.9937,22.5759,57.5210,0.6257575,Cc1ccccc1-c1ccc(-c2oc3cc(O)cc(O)c3c(=O)c2O)cc1-c1ccc(O)cc1,1,c12c(oc(-c3ccc([*])c([*])c3)c(O)c1=O)cc(O)cc2O,Cc1c(*)cccc1|c1(*)ccc(O)cc1,O=c1cc(-c2ccc(-c3ccccc3)c(-c3ccccc3)c2)oc2ccccc12,0.8403373,9.1540,0.3712830,7.6340,0.9856273,2.5311,8
5.2493,8.4720,-8.4720,0.0000000,Nc1ccc(-c2oc3cc(O)cc(O)c3c(=O)c2O)cc1N,1,c12c(oc(-c3ccc([*])c([*])c3)c(O)c1=O)cc(O)cc2O,N*|N*,O=c1cc(-c2ccccc2)oc2ccccc12,0.3386784,7.5350,0.8802304,9.3860,0.9807119,2.6350,8
